# Derived from Kenney CC0. Generated by scripts/GenerateTitleMaterials.py.
mtllib building-c.mtl
v 0.4217939 0.05 0.5250001 1 1 1
v 0.421794 0.05 0.125 1 1 1
v 0.4217939 0.4 0.5250001 1 1 1
v 0.421794 0.4 0.125 1 1 1
v 0.02179389 0.05 0.525 1 1 1
v 0.02179389 0.4 0.525 1 1 1
v -0.378206 0.05 0.525 1 1 1
v -0.378206 0.4 0.525 1 1 1
v 0.02179401 0.05 0.525 1 1 1
v 0.02179401 0.4 0.525 1 1 1
v -0.3782061 0.1 0.245 1 1 1
v -0.3782061 0.1 0.405 1 1 1
v -0.3782061 0.1 0.225 1 1 1
v -0.3782061 0.12 0.225 1 1 1
v -0.3782061 0.4 0.125 1 1 1
v -0.3782061 0.28 0.225 1 1 1
v -0.3782061 0.05 0.125 1 1 1
v -0.3782061 0.3 0.225 1 1 1
v -0.3782061 0.3 0.245 1 1 1
v -0.3782061 0.3 0.405 1 1 1
v -0.3782061 0.1 0.425 1 1 1
v -0.3782061 0.12 0.425 1 1 1
v -0.3782061 0.28 0.425 1 1 1
v -0.3782061 0.3 0.425 1 1 1
v -0.378206 0.4 -0.275 1 1 1
v -0.378206 0.05 -0.275 1 1 1
v -0.378206 0.4 0.125 1 1 1
v -0.378206 0.05 0.125 1 1 1
v 0.02179395 0.05 -0.275 1 1 1
v -0.07820605 0.05 -0.275 1 1 1
v 0.02179395 0.4 -0.275 1 1 1
v -0.07820605 0.28 -0.275 1 1 1
v -0.09820605 0.3 -0.275 1 1 1
v -0.258206 0.3 -0.275 1 1 1
v -0.2782061 0.28 -0.275 1 1 1
v -0.2782061 0.05 -0.275 1 1 1
v 0.4217939 0.45 0.525 1 1 1
v 0.4217939 0.8 0.525 1 1 1
v 0.4217939 0.45 0.125 1 1 1
v 0.4217939 0.8 0.125 1 1 1
v 0.141794 0.5 0.525 1 1 1
v 0.3017939 0.5 0.525 1 1 1
v 0.1217939 0.5 0.525 1 1 1
v 0.1217939 0.52 0.525 1 1 1
v 0.02179395 0.8 0.525 1 1 1
v 0.1217939 0.68 0.525 1 1 1
v 0.02179395 0.45 0.525 1 1 1
v 0.1217939 0.7 0.525 1 1 1
v 0.141794 0.7 0.525 1 1 1
v 0.3017939 0.7 0.525 1 1 1
v 0.3217939 0.5 0.525 1 1 1
v 0.3217939 0.52 0.525 1 1 1
v 0.3217939 0.68 0.525 1 1 1
v 0.3217939 0.7 0.525 1 1 1
v -0.378206 0.45 0.525 1 1 1
v -0.378206 0.8 0.525 1 1 1
v 0.02179401 0.45 0.525 1 1 1
v 0.02179401 0.8 0.525 1 1 1
v -0.3782061 0.5 0.245 1 1 1
v -0.3782061 0.5 0.405 1 1 1
v -0.3782061 0.5 0.225 1 1 1
v -0.3782061 0.52 0.225 1 1 1
v -0.3782061 0.8 0.125 1 1 1
v -0.3782061 0.68 0.225 1 1 1
v -0.3782061 0.45 0.125 1 1 1
v -0.3782061 0.7 0.225 1 1 1
v -0.3782061 0.7 0.245 1 1 1
v -0.3782061 0.7 0.405 1 1 1
v -0.3782061 0.5 0.425 1 1 1
v -0.3782061 0.52 0.425 1 1 1
v -0.3782061 0.68 0.425 1 1 1
v -0.3782061 0.7 0.425 1 1 1
v 0.4217939 0.8 -0.275 1 1 1
v 0.4217939 0.45 -0.275 1 1 1
v 0.4217939 0.8 0.125 1 1 1
v 0.4217939 0.45 0.125 1 1 1
v 0.3217939 0.8 -0.375 1 1 1
v 0.3217939 0.68 -0.375 1 1 1
v 0.3217939 0.52 -0.375 1 1 1
v 0.3217939 0.45 -0.375 1 1 1
v 0.1217939 0.52 -0.375 1 1 1
v 0.1217939 0.45 -0.375 1 1 1
v 0.1417939 0.5 -0.375 1 1 1
v 0.3017939 0.5 -0.375 1 1 1
v 0.1217939 0.68 -0.375 1 1 1
v 0.1417939 0.7 -0.375 1 1 1
v 0.1217939 0.8 -0.375 1 1 1
v 0.3017939 0.7 -0.375 1 1 1
v 0.02179395 0.45 -0.275 1 1 1
v 0.02179395 0.8 -0.275 1 1 1
v 0.4217939 0.4 -0.275 1 1 1
v 0.4217939 0.05 -0.275 1 1 1
v 0.4217939 0.4 0.125 1 1 1
v 0.4217939 0.05 0.125 1 1 1
v 0.3217939 0.4 -0.375 1 1 1
v 0.3217939 0.28 -0.375 1 1 1
v 0.3217939 0.12 -0.375 1 1 1
v 0.3217939 0.05 -0.375 1 1 1
v 0.1217939 0.12 -0.375 1 1 1
v 0.1217939 0.05 -0.375 1 1 1
v 0.1417939 0.1 -0.375 1 1 1
v 0.3017939 0.1 -0.375 1 1 1
v 0.1217939 0.28 -0.375 1 1 1
v 0.1417939 0.3 -0.375 1 1 1
v 0.1217939 0.4 -0.375 1 1 1
v 0.3017939 0.3 -0.375 1 1 1
v 0.02179395 0.05 -0.275 1 1 1
v 0.02179395 0.4 -0.275 1 1 1
v -0.3782061 0.45 -0.275 1 1 1
v -0.3782061 0.8 -0.275 1 1 1
v -0.3782061 0.45 0.125 1 1 1
v -0.3782061 0.8 0.125 1 1 1
v -0.09820606 0.5 -0.275 1 1 1
v -0.2582061 0.5 -0.275 1 1 1
v -0.07820605 0.5 -0.275 1 1 1
v -0.07820605 0.52 -0.275 1 1 1
v 0.02179395 0.8 -0.275 1 1 1
v -0.07820605 0.68 -0.275 1 1 1
v 0.02179395 0.45 -0.275 1 1 1
v -0.07820605 0.7 -0.275 1 1 1
v -0.09820606 0.7 -0.275 1 1 1
v -0.2582061 0.7 -0.275 1 1 1
v -0.2782061 0.5 -0.275 1 1 1
v -0.2782061 0.52 -0.275 1 1 1
v -0.2782061 0.68 -0.275 1 1 1
v -0.2782061 0.7 -0.275 1 1 1
v 0.4417939 1.466383E-16 0.5250001 1 1 1
v 0.441794 1.466383E-16 0.125 1 1 1
v 0.4417939 0.05 0.5250001 1 1 1
v 0.441794 0.05 0.125 1 1 1
v 0.4217939 1.466383E-16 0.5450001 1 1 1
v 0.4217939 0.05 0.5450001 1 1 1
v 0.02179389 1.466383E-16 0.545 1 1 1
v 0.02179389 0.05 0.545 1 1 1
v 0.02179395 1.466383E-16 0.125 1 1 1
v -0.3282061 0.8 0.125 1 1 1
v -0.378206 0.8 0.125 1 1 1
v -0.3282061 0.88 0.125 1 1 1
v -0.378206 0.83 0.125 1 1 1
v -0.3982061 0.83 0.125 1 1 1
v -0.3982061 0.88 0.125 1 1 1
v -0.378206 0.8 0.525 1 1 1
v -0.378206 0.83 0.525 1 1 1
v 0.02179395 0.83 0.525 1 1 1
v 0.02179395 0.88 0.545 1 1 1
v 0.02179395 0.83 0.545 1 1 1
v 0.02179395 0.88 0.475 1 1 1
v 0.02179395 0.8 0.475 1 1 1
v -0.3282061 0.88 0.475 1 1 1
v -0.3282061 0.8 0.475 1 1 1
v -0.378206 0.83 0.545 1 1 1
v -0.378206 0.88 0.545 1 1 1
v -0.3982061 0.83 0.525 1 1 1
v -0.3982061 0.88 0.525 1 1 1
v 0.3717939 0.8 0.125 1 1 1
v 0.3717939 0.88 0.125 1 1 1
v 0.4217939 0.83 0.125 1 1 1
v 0.4417939 0.83 0.125 1 1 1
v 0.4417939 0.88 0.125 1 1 1
v 0.4217939 0.83 0.525 1 1 1
v 0.3717939 0.88 0.475 1 1 1
v 0.3717939 0.8 0.475 1 1 1
v 0.4217939 0.83 0.545 1 1 1
v 0.4217939 0.88 0.545 1 1 1
v 0.4417939 0.83 0.525 1 1 1
v 0.4417939 0.88 0.525 1 1 1
v -0.3282061 0.8 0.125 1 1 1
v -0.378206 0.8 0.125 1 1 1
v -0.3282061 0.88 0.125 1 1 1
v -0.378206 0.83 0.125 1 1 1
v -0.3982061 0.83 0.125 1 1 1
v -0.3982061 0.88 0.125 1 1 1
v -0.378206 0.8 -0.275 1 1 1
v -0.378206 0.83 -0.275 1 1 1
v 0.02179395 0.83 -0.275 1 1 1
v 0.02179395 0.88 -0.295 1 1 1
v 0.02179395 0.83 -0.295 1 1 1
v 0.02179395 0.88 -0.225 1 1 1
v 0.02179395 0.8 -0.225 1 1 1
v -0.3282061 0.88 -0.225 1 1 1
v -0.3282061 0.8 -0.225 1 1 1
v -0.378206 0.83 -0.295 1 1 1
v -0.378206 0.88 -0.295 1 1 1
v -0.3982061 0.83 -0.275 1 1 1
v -0.3982061 0.88 -0.275 1 1 1
v 0.371794 0.8 0.125 1 1 1
v 0.371794 0.8 -0.2542893 1 1 1
v 0.3010833 0.8 -0.325 1 1 1
v 0.121794 0.8 -0.375 1 1 1
v 0.1425046 0.8 -0.325 1 1 1
v 0.04250464 0.8 -0.225 1 1 1
v 0.02179396 0.8 -0.275 1 1 1
v 0.02179396 0.8 -0.225 1 1 1
v 0.04250464 0.88 -0.225 1 1 1
v 0.02179396 0.83 -0.225 1 1 1
v 0.01350969 0.83 -0.225 1 1 1
v 0.01350969 0.88 -0.225 1 1 1
v 0.1425046 0.88 -0.325 1 1 1
v 0.3010833 0.88 -0.325 1 1 1
v 0.371794 0.88 -0.2542893 1 1 1
v 0.371794 0.88 0.125 1 1 1
v 0.4217939 0.83 -0.275 1 1 1
v 0.4217939 0.83 0.125 1 1 1
v 0.3217939 0.83 -0.375 1 1 1
v 0.121794 0.83 -0.375 1 1 1
v 0.02179396 0.83 -0.275 1 1 1
v 0.01350969 0.83 -0.295 1 1 1
v 0.1135097 0.83 -0.395 1 1 1
v 0.3300782 0.83 -0.395 1 1 1
v 0.4417939 0.83 -0.2832842 1 1 1
v 0.4417939 0.83 0.125 1 1 1
v 0.4417939 0.88 -0.2832842 1 1 1
v 0.4417939 0.88 0.125 1 1 1
v 0.3300782 0.88 -0.395 1 1 1
v 0.1135097 0.88 -0.395 1 1 1
v 0.01350969 0.88 -0.295 1 1 1
v -0.1782061 0.8 0.145 1 1 1
v -0.1782061 0.84 0.145 1 1 1
v -0.1782061 0.8 0.305 1 1 1
v -0.1782061 0.84 0.305 1 1 1
v -0.158206 0.8 0.125 1 1 1
v 0.001793951 0.8 0.125 1 1 1
v -0.158206 0.84 0.125 1 1 1
v 0.001793951 0.84 0.125 1 1 1
v 0.001793951 0.8 0.325 1 1 1
v -0.158206 0.8 0.325 1 1 1
v 0.001793951 0.84 0.325 1 1 1
v -0.158206 0.84 0.325 1 1 1
v 0.02179395 0.84 0.145 1 1 1
v 0.02179395 0.8 0.145 1 1 1
v 0.02179395 0.84 0.305 1 1 1
v 0.02179395 0.8 0.305 1 1 1
v 0.2999369 0.834 0.3576091 1 1 1
v 0.2912965 0.834 0.3784688 1 1 1
v 0.3146869 0.8635 0.3576091 1 1 1
v 0.3017263 0.8635 0.3888986 1 1 1
v 0.2409368 0.834 0.3576091 1 1 1
v 0.2261869 0.8635 0.3576091 1 1 1
v 0.2495772 0.834 0.3784688 1 1 1
v 0.2391474 0.8635 0.3888986 1 1 1
v 0.2912965 0.8 0.3784688 1 1 1
v 0.2704369 0.8 0.3871091 1 1 1
v 0.2704369 0.834 0.3871091 1 1 1
v 0.3017263 0.8635 0.3263196 1 1 1
v 0.2912965 0.834 0.3367494 1 1 1
v 0.2704369 0.8635 0.4018591 1 1 1
v 0.2704369 0.834 0.3281091 1 1 1
v 0.2704369 0.8635 0.3133591 1 1 1
v 0.2495772 0.834 0.3367494 1 1 1
v 0.2391474 0.8635 0.3263196 1 1 1
v 0.2999369 0.893 0.3576091 1 1 1
v 0.2912965 0.893 0.3784688 1 1 1
v 0.2495772 0.8 0.3784688 1 1 1
v 0.2495772 0.8 0.3367494 1 1 1
v 0.2704369 0.8 0.3281091 1 1 1
v 0.2409368 0.8 0.3576091 1 1 1
v 0.2495772 0.893 0.3367494 1 1 1
v 0.2704369 0.893 0.3281091 1 1 1
v 0.2912965 0.893 0.3367494 1 1 1
v 0.2704369 0.893 0.3871091 1 1 1
v 0.2495772 0.893 0.3784688 1 1 1
v 0.2409368 0.893 0.3576091 1 1 1
v 0.2912965 0.8 0.3367494 1 1 1
v 0.2999369 0.8 0.3576091 1 1 1
v 0.1999369 0.834 0.3576091 1 1 1
v 0.1912965 0.834 0.3784688 1 1 1
v 0.2146869 0.8635 0.3576091 1 1 1
v 0.2017263 0.8635 0.3888986 1 1 1
v 0.1409369 0.834 0.3576091 1 1 1
v 0.1261869 0.8635 0.3576091 1 1 1
v 0.1495772 0.834 0.3784688 1 1 1
v 0.1391474 0.8635 0.3888986 1 1 1
v 0.1912965 0.8 0.3784688 1 1 1
v 0.1704369 0.8 0.3871091 1 1 1
v 0.1704369 0.834 0.3871091 1 1 1
v 0.2017263 0.8635 0.3263196 1 1 1
v 0.1912965 0.834 0.3367494 1 1 1
v 0.1704369 0.8635 0.4018591 1 1 1
v 0.1704369 0.834 0.3281091 1 1 1
v 0.1704369 0.8635 0.3133591 1 1 1
v 0.1495772 0.834 0.3367494 1 1 1
v 0.1391474 0.8635 0.3263196 1 1 1
v 0.1999369 0.893 0.3576091 1 1 1
v 0.1912965 0.893 0.3784688 1 1 1
v 0.1495772 0.8 0.3784688 1 1 1
v 0.1495772 0.8 0.3367494 1 1 1
v 0.1704369 0.8 0.3281091 1 1 1
v 0.1409369 0.8 0.3576091 1 1 1
v 0.1495772 0.893 0.3367494 1 1 1
v 0.1704369 0.893 0.3281091 1 1 1
v 0.1912965 0.893 0.3367494 1 1 1
v 0.1704369 0.893 0.3871091 1 1 1
v 0.1495772 0.893 0.3784688 1 1 1
v 0.1409369 0.893 0.3576091 1 1 1
v 0.1912965 0.8 0.3367494 1 1 1
v 0.1999369 0.8 0.3576091 1 1 1
v 0.3300782 0.05 -0.495 1 1 1
v 0.3300782 1.134701E-17 -0.495 1 1 1
v 0.3300782 0.05 -0.295 1 1 1
v 0.3300782 6.9367E-17 -0.295 1 1 1
v -0.01992179 1.134701E-17 -0.545 1 1 1
v 0.2800782 1.134701E-17 -0.545 1 1 1
v -0.01992179 0.05 -0.545 1 1 1
v 0.2800782 0.05 -0.545 1 1 1
v 0.3154336 1.13192E-17 -0.5303553 1 1 1
v 0.3154336 0.05 -0.5303553 1 1 1
v -0.06992179 1.134701E-17 -0.495 1 1 1
v -0.06992179 0.05 -0.495 1 1 1
v -0.06992179 6.9367E-17 -0.295 1 1 1
v -0.06992179 0.05 -0.295 1 1 1
v -0.05527712 1.13192E-17 -0.5303553 1 1 1
v -0.05527712 0.05 -0.5303553 1 1 1
v -0.04992178 0.05 -0.295 1 1 1
v -0.04992178 0.05 -0.4910218 1 1 1
v -0.03996979 0.05 -0.515048 1 1 1
v -0.01594354 0.05 -0.525 1 1 1
v 0.2761 0.05 -0.525 1 1 1
v 0.3001262 0.05 -0.515048 1 1 1
v 0.3100782 0.05 -0.4910218 1 1 1
v 0.3100782 0.05 -0.295 1 1 1
v -0.03996979 0.03 -0.515048 1 1 1
v -0.04992178 0.03 -0.4910218 1 1 1
v -0.04992178 0.03 -0.295 1 1 1
v 0.3100782 0.03 -0.4910218 1 1 1
v 0.3100782 0.03 -0.295 1 1 1
v 0.3001262 0.03 -0.515048 1 1 1
v 0.2761 0.03 -0.525 1 1 1
v -0.01594354 0.03 -0.525 1 1 1
v -0.4289339 0.05 -0.2337279 1 1 1
v -0.416206 0.05 -0.239 1 1 1
v -0.4289339 0.764 -0.2337279 1 1 1
v -0.416206 0.764 -0.239 1 1 1
v -0.398206 0.764 -0.221 1 1 1
v -0.398206 0.05 -0.221 1 1 1
v -0.4034781 0.764 -0.2082721 1 1 1
v -0.4034781 0.05 -0.2082721 1 1 1
v -0.4034781 0.05 -0.2337279 1 1 1
v -0.4034781 0.764 -0.2337279 1 1 1
v -0.416206 0.05 -0.203 1 1 1
v -0.416206 0.764 -0.203 1 1 1
v -0.4289339 0.05 -0.2082721 1 1 1
v -0.4289339 0.764 -0.2082721 1 1 1
v -0.434206 0.05 -0.221 1 1 1
v -0.434206 0.764 -0.221 1 1 1
v -0.378206 0.764 -0.203 1 1 1
v -0.378206 0.764 -0.239 1 1 1
v -0.434206 0.764 -0.203 1 1 1
v -0.434206 0.764 -0.239 1 1 1
v -0.378206 0.8 -0.239 1 1 1
v -0.378206 0.8 -0.203 1 1 1
v -0.424206 0.8 -0.239 1 1 1
v -0.424206 0.8 -0.203 1 1 1
v -0.434206 0.79 -0.203 1 1 1
v -0.434206 0.79 -0.239 1 1 1
v -0.4342994 0.3747845 -0.2390934 1 1 1
v -0.4342994 0.4032155 -0.2390934 1 1 1
v -0.4417939 0.3747845 -0.221 1 1 1
v -0.4417939 0.4032155 -0.221 1 1 1
v -0.416206 0.3747845 -0.2465879 1 1 1
v -0.416206 0.4032155 -0.2465879 1 1 1
v -0.3906181 0.4032155 -0.221 1 1 1
v -0.3906181 0.3747845 -0.221 1 1 1
v -0.3981127 0.4032155 -0.2029066 1 1 1
v -0.3981127 0.3747845 -0.2029066 1 1 1
v -0.3981127 0.4032155 -0.2390934 1 1 1
v -0.3981127 0.3747845 -0.2390934 1 1 1
v -0.4342994 0.3747845 -0.2029066 1 1 1
v -0.4342994 0.4032155 -0.2029066 1 1 1
v -0.416206 0.3747845 -0.1954121 1 1 1
v -0.416206 0.4032155 -0.1954121 1 1 1
v -0.4342994 0.678707 -0.2390934 1 1 1
v -0.4342994 0.707138 -0.2390934 1 1 1
v -0.4417939 0.678707 -0.221 1 1 1
v -0.4417939 0.707138 -0.221 1 1 1
v -0.416206 0.678707 -0.2465879 1 1 1
v -0.416206 0.707138 -0.2465879 1 1 1
v -0.3906181 0.707138 -0.221 1 1 1
v -0.3906181 0.678707 -0.221 1 1 1
v -0.3981127 0.707138 -0.2029066 1 1 1
v -0.3981127 0.678707 -0.2029066 1 1 1
v -0.3981127 0.707138 -0.2390934 1 1 1
v -0.3981127 0.678707 -0.2390934 1 1 1
v -0.4342994 0.678707 -0.2029066 1 1 1
v -0.4342994 0.707138 -0.2029066 1 1 1
v -0.416206 0.678707 -0.1954121 1 1 1
v -0.416206 0.707138 -0.1954121 1 1 1
v -0.4342994 0.070862 -0.2390934 1 1 1
v -0.4342994 0.099293 -0.2390934 1 1 1
v -0.4417939 0.070862 -0.221 1 1 1
v -0.4417939 0.099293 -0.221 1 1 1
v -0.416206 0.070862 -0.2465879 1 1 1
v -0.416206 0.099293 -0.2465879 1 1 1
v -0.3906181 0.099293 -0.221 1 1 1
v -0.3906181 0.070862 -0.221 1 1 1
v -0.3981127 0.099293 -0.2029066 1 1 1
v -0.3981127 0.070862 -0.2029066 1 1 1
v -0.3981127 0.099293 -0.2390934 1 1 1
v -0.3981127 0.070862 -0.2390934 1 1 1
v -0.4342994 0.070862 -0.2029066 1 1 1
v -0.4342994 0.099293 -0.2029066 1 1 1
v -0.416206 0.070862 -0.1954121 1 1 1
v -0.416206 0.099293 -0.1954121 1 1 1
v -0.3982061 0.13 0.255 1 1 1
v -0.3982061 0.27 0.255 1 1 1
v -0.3782061 0.13 0.255 1 1 1
v -0.3782061 0.27 0.255 1 1 1
v -0.3782061 0.27 0.395 1 1 1
v -0.3982061 0.27 0.395 1 1 1
v -0.3982061 0.13 0.395 1 1 1
v -0.3782061 0.13 0.395 1 1 1
v -0.3982061 1.065261E-17 0.125 1 1 1
v -0.3982061 0.05 0.125 1 1 1
v -0.3982061 1.412179E-16 0.525 1 1 1
v -0.3982061 0.05 0.525 1 1 1
v -0.3982061 0.3 0.245 1 1 1
v -0.3982061 0.3 0.405 1 1 1
v -0.3982061 0.12 0.425 1 1 1
v -0.3982061 0.28 0.425 1 1 1
v -0.3982061 0.1 0.245 1 1 1
v -0.3982061 0.1 0.405 1 1 1
v -0.3982061 0.28 0.225 1 1 1
v -0.3982061 0.12 0.225 1 1 1
v -0.378206 1.473074E-16 0.545 1 1 1
v -0.378206 0.05 0.545 1 1 1
v 0.02179401 1.479766E-16 0.545 1 1 1
v 0.02179401 0.05 0.545 1 1 1
v 0.02179395 1.065261E-17 0.1249999 1 1 1
v -0.378206 0.15 0.275 1 1 1
v -0.378206 0.25 0.275 1 1 1
v -0.358206 0.15 0.275 1 1 1
v -0.358206 0.25 0.275 1 1 1
v -0.358206 0.25 0.375 1 1 1
v -0.378206 0.25 0.375 1 1 1
v -0.378206 0.15 0.375 1 1 1
v -0.358206 0.15 0.375 1 1 1
v -0.378206 0.27 0.395 1 1 1
v -0.378206 0.13 0.395 1 1 1
v -0.378206 0.27 0.255 1 1 1
v -0.378206 0.13 0.255 1 1 1
v -0.248206 1.806038E-16 -0.295 1 1 1
v -0.248206 0.27 -0.295 1 1 1
v -0.248206 1.911305E-16 -0.275 1 1 1
v -0.248206 0.27 -0.275 1 1 1
v -0.108206 0.27 -0.295 1 1 1
v -0.108206 1.806038E-16 -0.295 1 1 1
v -0.108206 0.27 -0.275 1 1 1
v -0.108206 1.911305E-16 -0.275 1 1 1
v -0.3982061 0.05 -0.275 1 1 1
v -0.3982061 0 -0.275 1 1 1
v -0.3982061 0.05 0.125 1 1 1
v -0.3982061 1.065261E-17 0.125 1 1 1
v -0.07820605 0.05 -0.295 1 1 1
v 0.02179395 0.05 -0.295 1 1 1
v -0.07820605 0.28 -0.295 1 1 1
v 0.02179395 1.259868E-19 -0.295 1 1 1
v -0.2782061 0.28 -0.295 1 1 1
v -0.09820605 0.3 -0.295 1 1 1
v -0.258206 0.3 -0.295 1 1 1
v -0.2782061 0.05 -0.295 1 1 1
v -0.378206 0.05 -0.295 1 1 1
v -0.378206 2.447107E-17 -0.295 1 1 1
v -0.218206 0.24 -0.255 1 1 1
v -0.218206 0.24 -0.275 1 1 1
v -0.138206 0.24 -0.255 1 1 1
v -0.138206 0.24 -0.275 1 1 1
v -0.218206 0.03 -0.275 1 1 1
v -0.218206 0.03 -0.255 1 1 1
v -0.138206 0.03 -0.275 1 1 1
v -0.138206 0.03 -0.255 1 1 1
v -0.138206 0.15 -0.275 1 1 1
v -0.138206 0.12 -0.275 1 1 1
v -0.218206 0.12 -0.275 1 1 1
v -0.218206 0.15 -0.275 1 1 1
v 0.02179395 1.065261E-17 0.125 1 1 1
v -0.218206 0.1142649 -0.275 1 1 1
v -0.218206 0.1142649 -0.286 1 1 1
v -0.2374761 0.1142649 -0.275 1 1 1
v -0.2374761 0.1142649 -0.286 1 1 1
v -0.218206 0.1557351 -0.286 1 1 1
v -0.218206 0.1557351 -0.275 1 1 1
v -0.2374761 0.1557351 -0.286 1 1 1
v -0.2374761 0.1557351 -0.275 1 1 1
v -0.2308902 0.1332044 -0.2860001 1 1 1
v -0.2308902 0.1463153 -0.2860001 1 1 1
v -0.1999766 0.1332044 -0.2860001 1 1 1
v -0.1999766 0.1463153 -0.2860001 1 1 1
v -0.2308902 0.1332044 -0.2970001 1 1 1
v -0.1999766 0.1332044 -0.2970001 1 1 1
v -0.2308902 0.1463153 -0.2970001 1 1 1
v -0.1999766 0.1463153 -0.2970001 1 1 1
v 0.151794 0.53 0.545 1 1 1
v 0.151794 0.67 0.545 1 1 1
v 0.151794 0.53 0.525 1 1 1
v 0.151794 0.67 0.525 1 1 1
v 0.2917939 0.67 0.525 1 1 1
v 0.2917939 0.67 0.545 1 1 1
v 0.2917939 0.53 0.545 1 1 1
v 0.2917939 0.53 0.525 1 1 1
v 0.02179395 0.4 0.545 1 1 1
v 0.02179395 0.45 0.545 1 1 1
v 0.4217939 0.4 0.545 1 1 1
v 0.4217939 0.45 0.545 1 1 1
v 0.141794 0.7 0.545 1 1 1
v 0.3017939 0.7 0.545 1 1 1
v 0.3217939 0.52 0.545 1 1 1
v 0.3217939 0.68 0.545 1 1 1
v 0.141794 0.5 0.545 1 1 1
v 0.3017939 0.5 0.545 1 1 1
v 0.1217939 0.68 0.545 1 1 1
v 0.1217939 0.52 0.545 1 1 1
v 0.4417939 0.4 0.525 1 1 1
v 0.4417939 0.45 0.525 1 1 1
v 0.4417939 0.4 0.125 1 1 1
v 0.4417939 0.45 0.125 1 1 1
v 0.02179395 0.4 0.125 1 1 1
v 0.171794 0.55 0.5249999 1 1 1
v 0.171794 0.65 0.5249999 1 1 1
v 0.171794 0.55 0.5049998 1 1 1
v 0.171794 0.65 0.5049998 1 1 1
v 0.271794 0.65 0.5049998 1 1 1
v 0.271794 0.65 0.5249999 1 1 1
v 0.271794 0.55 0.5249999 1 1 1
v 0.271794 0.55 0.5049998 1 1 1
v 0.2917939 0.67 0.5249999 1 1 1
v 0.2917939 0.53 0.5249999 1 1 1
v 0.151794 0.67 0.5249999 1 1 1
v 0.151794 0.53 0.5249999 1 1 1
v -0.3982061 0.53 0.255 1 1 1
v -0.3982061 0.67 0.255 1 1 1
v -0.3782061 0.53 0.255 1 1 1
v -0.3782061 0.67 0.255 1 1 1
v -0.3782061 0.67 0.395 1 1 1
v -0.3982061 0.67 0.395 1 1 1
v -0.3982061 0.53 0.395 1 1 1
v -0.3782061 0.53 0.395 1 1 1
v -0.3982061 0.4 0.125 1 1 1
v -0.3982061 0.45 0.125 1 1 1
v -0.3982061 0.4 0.525 1 1 1
v -0.3982061 0.45 0.525 1 1 1
v -0.3982061 0.7 0.245 1 1 1
v -0.3982061 0.7 0.405 1 1 1
v -0.3982061 0.52 0.425 1 1 1
v -0.3982061 0.68 0.425 1 1 1
v -0.3982061 0.5 0.245 1 1 1
v -0.3982061 0.5 0.405 1 1 1
v -0.3982061 0.68 0.225 1 1 1
v -0.3982061 0.52 0.225 1 1 1
v -0.378206 0.4 0.545 1 1 1
v -0.378206 0.45 0.545 1 1 1
v 0.02179401 0.4 0.545 1 1 1
v 0.02179401 0.45 0.545 1 1 1
v 0.02179395 0.4 0.1249999 1 1 1
v -0.378206 0.55 0.275 1 1 1
v -0.378206 0.65 0.275 1 1 1
v -0.358206 0.55 0.275 1 1 1
v -0.358206 0.65 0.275 1 1 1
v -0.358206 0.65 0.375 1 1 1
v -0.378206 0.65 0.375 1 1 1
v -0.378206 0.55 0.375 1 1 1
v -0.358206 0.55 0.375 1 1 1
v -0.378206 0.67 0.395 1 1 1
v -0.378206 0.53 0.395 1 1 1
v -0.378206 0.67 0.255 1 1 1
v -0.378206 0.53 0.255 1 1 1
v 0.4417939 0.4 0.125 1 1 1
v 0.4417939 0.4 -0.2832842 1 1 1
v 0.02179395 0.4 0.125 1 1 1
v 0.3300782 0.4 -0.395 1 1 1
v 0.1135097 0.4 -0.395 1 1 1
v 0.007651806 0.4 -0.2891421 1 1 1
v 0.4417939 0.45 -0.2832842 1 1 1
v 0.4417939 0.45 0.125 1 1 1
v 0.3300782 0.45 -0.395 1 1 1
v 0.1135097 0.45 -0.395 1 1 1
v 0.007651806 0.45 -0.2891421 1 1 1
v 0.151794 0.67 -0.395 1 1 1
v 0.151794 0.53 -0.395 1 1 1
v 0.151794 0.67 -0.375 1 1 1
v 0.151794 0.53 -0.375 1 1 1
v 0.2917939 0.67 -0.375 1 1 1
v 0.2917939 0.67 -0.395 1 1 1
v 0.2917939 0.53 -0.395 1 1 1
v 0.2917939 0.53 -0.375 1 1 1
v 0.3017939 0.5 -0.395 1 1 1
v 0.1417939 0.5 -0.395 1 1 1
v 0.3217939 0.68 -0.395 1 1 1
v 0.3217939 0.52 -0.395 1 1 1
v 0.3017939 0.7 -0.395 1 1 1
v 0.1417939 0.7 -0.395 1 1 1
v 0.1217939 0.68 -0.395 1 1 1
v 0.1217939 0.52 -0.395 1 1 1
v 0.271794 0.65 -0.375 1 1 1
v 0.271794 0.65 -0.355 1 1 1
v 0.271794 0.55 -0.375 1 1 1
v 0.271794 0.55 -0.355 1 1 1
v 0.171794 0.65 -0.375 1 1 1
v 0.171794 0.55 -0.375 1 1 1
v 0.171794 0.65 -0.355 1 1 1
v 0.171794 0.55 -0.355 1 1 1
v 0.291794 0.67 -0.375 1 1 1
v 0.291794 0.53 -0.375 1 1 1
v 0.4417939 1.127987E-17 0.125 1 1 1
v 0.4417939 1.127987E-17 -0.2832842 1 1 1
v 0.02179395 1.127987E-17 0.125 1 1 1
v 0.3300782 1.127987E-17 -0.395 1 1 1
v 0.1135097 1.127987E-17 -0.395 1 1 1
v 0.02179395 1.127987E-17 -0.275 1 1 1
v 0.007651806 1.127987E-17 -0.2891421 1 1 1
v 0.4417939 0.05 -0.2832842 1 1 1
v 0.4417939 0.05 0.125 1 1 1
v 0.3300782 0.05 -0.395 1 1 1
v 0.1135097 0.05 -0.395 1 1 1
v 0.007651806 0.05 -0.2891421 1 1 1
v 0.151794 0.27 -0.395 1 1 1
v 0.151794 0.13 -0.395 1 1 1
v 0.151794 0.27 -0.375 1 1 1
v 0.151794 0.13 -0.375 1 1 1
v 0.2917939 0.27 -0.375 1 1 1
v 0.2917939 0.27 -0.395 1 1 1
v 0.2917939 0.13 -0.395 1 1 1
v 0.2917939 0.13 -0.375 1 1 1
v 0.3017939 0.1 -0.395 1 1 1
v 0.1417939 0.1 -0.395 1 1 1
v 0.3217939 0.28 -0.395 1 1 1
v 0.3217939 0.12 -0.395 1 1 1
v 0.3017939 0.3 -0.395 1 1 1
v 0.1417939 0.3 -0.395 1 1 1
v 0.1217939 0.28 -0.395 1 1 1
v 0.1217939 0.12 -0.395 1 1 1
v 0.271794 0.25 -0.375 1 1 1
v 0.271794 0.25 -0.355 1 1 1
v 0.271794 0.15 -0.375 1 1 1
v 0.271794 0.15 -0.355 1 1 1
v 0.171794 0.25 -0.375 1 1 1
v 0.171794 0.15 -0.375 1 1 1
v 0.171794 0.25 -0.355 1 1 1
v 0.171794 0.15 -0.355 1 1 1
v 0.291794 0.27 -0.375 1 1 1
v 0.291794 0.13 -0.375 1 1 1
v -0.1082061 0.53 -0.295 1 1 1
v -0.1082061 0.67 -0.295 1 1 1
v -0.1082061 0.53 -0.275 1 1 1
v -0.1082061 0.67 -0.275 1 1 1
v -0.248206 0.67 -0.275 1 1 1
v -0.248206 0.67 -0.295 1 1 1
v -0.248206 0.53 -0.295 1 1 1
v -0.248206 0.53 -0.275 1 1 1
v 0.02179395 0.4 -0.295 1 1 1
v 0.02179395 0.45 -0.295 1 1 1
v -0.3782061 0.4 -0.295 1 1 1
v -0.3782061 0.45 -0.295 1 1 1
v -0.09820606 0.7 -0.295 1 1 1
v -0.2582061 0.7 -0.295 1 1 1
v -0.2782061 0.52 -0.295 1 1 1
v -0.2782061 0.68 -0.295 1 1 1
v -0.09820606 0.5 -0.295 1 1 1
v -0.2582061 0.5 -0.295 1 1 1
v -0.07820605 0.68 -0.295 1 1 1
v -0.07820605 0.52 -0.295 1 1 1
v -0.3982061 0.4 -0.275 1 1 1
v -0.3982061 0.45 -0.275 1 1 1
v -0.3982061 0.4 0.125 1 1 1
v -0.3982061 0.45 0.125 1 1 1
v 0.02179395 0.4 0.125 1 1 1
v -0.1282061 0.55 -0.2749998 1 1 1
v -0.1282061 0.65 -0.2749998 1 1 1
v -0.1282061 0.55 -0.2549998 1 1 1
v -0.1282061 0.65 -0.2549998 1 1 1
v -0.2282061 0.65 -0.2549998 1 1 1
v -0.2282061 0.65 -0.2749998 1 1 1
v -0.2282061 0.55 -0.2749998 1 1 1
v -0.2282061 0.55 -0.2549998 1 1 1
v -0.248206 0.67 -0.2749998 1 1 1
v -0.248206 0.53 -0.2749998 1 1 1
v -0.1082061 0.67 -0.2749998 1 1 1
v -0.1082061 0.53 -0.2749998 1 1 1
v 0.02179395 0.8 0.125 1 1 1
v 0.02179395 0.8 0.125 1 1 1
v 0.02179396 0.8 0.125 1 1 1
v 0.2327865 0.1771095 -0.4707017 1 1 1
v 0.2327865 0.1771095 -0.4348349 1 1 1
v 0.2017249 0.1771095 -0.4886351 1 1 1
v 0.2017249 0.1771095 -0.4169015 1 1 1
v 0.1706633 0.1771095 -0.4707017 1 1 1
v 0.1706633 0.1771095 -0.4348349 1 1 1
v 0.1396018 0.09955978 -0.4886351 1 1 1
v 0.1396018 0.09955978 -0.4169015 1 1 1
v 0.1603095 0.03 -0.4766795 1 1 1
v 0.1603095 0.03 -0.4288571 1 1 1
v 0.2017249 0.03 -0.4049459 1 1 1
v 0.2017249 0.09955978 -0.3810347 1 1 1
v 0.2017249 0.03 -0.5005907 1 1 1
v 0.2017249 0.09955978 -0.5245019 1 1 1
v 0.2431403 0.03 -0.4766795 1 1 1
v 0.263848 0.09955978 -0.4886351 1 1 1
v 0.2431403 0.03 -0.4288571 1 1 1
v 0.263848 0.09955978 -0.4169015 1 1 1
v 0.08980374 0.1415561 -0.4234973 1 1 1
v 0.08980374 0.1415561 -0.3842105 1 1 1
v 0.05578043 0.1415561 -0.4431406 1 1 1
v 0.05578043 0.1415561 -0.3645672 1 1 1
v 0.02175711 0.1415561 -0.4234973 1 1 1
v 0.02175711 0.1415561 -0.3842105 1 1 1
v -0.0122662 0.08274858 -0.4431406 1 1 1
v -0.0122662 0.08274858 -0.3645672 1 1 1
v 0.010416 0.03 -0.4300451 1 1 1
v 0.010416 0.03 -0.3776627 1 1 1
v 0.05578043 0.03 -0.3514716 1 1 1
v 0.05578043 0.08274858 -0.3252804 1 1 1
v 0.05578043 0.03 -0.4562362 1 1 1
v 0.05578043 0.08274858 -0.4824274 1 1 1
v 0.1011449 0.03 -0.4300451 1 1 1
v 0.1238271 0.08274858 -0.4431406 1 1 1
v 0.1011449 0.03 -0.3776627 1 1 1
v 0.1238271 0.08274858 -0.3645672 1 1 1
vn 1 0 1.192093E-07
vn -1.192093E-07 0 1
vn 1.192093E-07 0 1
vn -1 0 1.192093E-07
vn -1 0 0
vn 0 0 -1
vn 1 0 1.19571E-13
vn -1.19571E-13 0 1
vn 1 0 0
vn 0.7071068 0 -0.7071068
vn -0.7071068 0 -0.7071068
vn 0.9238796 0 0.3826836
vn 0.3826834 0 0.9238797
vn 0 -1 0
vn 0 1 0
vn -4.124479E-14 0 -1
vn -1 0 4.124479E-14
vn 4.124479E-14 0 1
vn 1 0 -4.124479E-14
vn -0.3826834 0 0.9238795
vn -0.9238795 0 0.3826834
vn 0.3826834 0 0.9238795
vn 0.9238795 0 0.3826834
vn 0 0 1
vn -0.3826834 0 -0.9238795
vn -0.9238795 0 -0.3826834
vn 0.7071068 0 0.7071068
vn -0.7071068 0 0.7071068
vn 0.9238795 0 -0.3826834
vn 0.3826834 0 -0.9238795
vn 0.8944272 -0.4472136 0
vn 0.6324555 -0.4472136 0.6324555
vn -0.8944272 -0.4472136 0
vn -0.6324555 -0.4472136 0.6324555
vn 0.6324555 -0.4472136 -0.6324555
vn 0 -0.4472136 0.8944272
vn 0 -0.4472136 -0.8944272
vn -0.6324555 -0.4472136 -0.6324555
vn 0.8944272 0.4472136 0
vn 0.6324555 0.4472136 0.6324555
vn -0.6324555 0.4472136 -0.6324555
vn 0 0.4472136 -0.8944272
vn 0.6324555 0.4472136 -0.6324555
vn 0 0.4472136 0.8944272
vn -0.6324555 0.4472136 0.6324555
vn -0.8944272 0.4472136 0
vn 0.9807853 0 -0.1950903
vn -0.1950903 0 -0.9807853
vn 0.1950903 0 -0.9807853
vn -0.9807853 0 -0.1950903
vn 0.9807853 0 0.1950903
vn -0.9807853 0 0.1950903
vn -0.1950903 0 0.9807853
vn 0.1950903 0 0.9807853
vn -0.3662924 0.9304998 0
vn -0.9179972 0.3965869 0
vn 8.42937E-08 0.7071068 0.7071068
vn 8.42937E-08 -0.7071068 0.7071068
vn -8.42937E-08 -0.7071068 -0.7071068
vn -8.42937E-08 0.7071068 -0.7071068
vn -0.9238796 0 0.3826836
vn -4.561942E-08 0.9238795 -0.3826835
vn 4.561942E-08 0.9238795 0.3826835
vn 1.10135E-07 -0.3826834 0.9238796
vn 1.10135E-07 0.3826834 0.9238796
vn -4.561942E-08 -0.9238795 -0.3826835
vn 4.561942E-08 -0.9238795 0.3826835
vn -1.10135E-07 0.3826834 -0.9238796
vn -1.10135E-07 -0.3826834 -0.9238796
vn -0.3826834 0 0.9238797
vn 0.9238795 0.3826834 0
vn -0.3826834 0.9238795 0
vn 0.3826834 0.9238795 0
vn -0.9238795 0.3826834 0
vn 0.7071068 -0.7071068 0
vn -0.7071068 -0.7071068 0
vn 0.7071068 0.7071068 0
vn -0.7071068 0.7071068 0
vn 0.7071068 0.7071068 8.454948E-14
vn 0.7071068 -0.7071068 8.454948E-14
vn -0.7071068 -0.7071068 -8.454948E-14
vn -0.7071068 0.7071068 -8.454948E-14
vn -0.3826834 0.9238795 -4.575785E-14
vn 0.3826834 0.9238795 4.575785E-14
vn 0.9238795 -0.3826834 1.104692E-13
vn 0.9238795 0.3826834 1.104692E-13
vn -0.3826834 -0.9238795 -4.575785E-14
vn 0.3826834 -0.9238795 4.575785E-14
vn -0.9238795 0.3826834 -1.104692E-13
vn -0.9238795 -0.3826834 -1.104692E-13
vn 0.3826834 -0.9238795 0
vn -0.3826834 -0.9238795 0
vn 0.9238795 -0.3826834 0
vn -0.9238795 -0.3826834 0
vn 0.5846676 0.7377115 -0.337558
vn 0.5846676 0.7377115 0.337558
vn 0 0.7377115 -0.6751161
vn 0 0.7377115 0.6751161
vn -0.5846676 0.7377115 -0.337558
vn -0.5846676 0.7377115 0.337558
vn -0.8652222 0.04306141 -0.4995362
vn -0.8652222 0.04306141 0.4995362
vn -0.8189886 -0.32508 -0.4728432
vn -0.8189886 -0.32508 0.4728432
vn 0 -0.3250801 0.9456865
vn 0 0.04306141 0.9990724
vn 0 -0.3250801 -0.9456865
vn 0 0.04306141 -0.9990724
vn 0.8189886 -0.32508 -0.4728432
vn 0.8652222 0.04306141 -0.4995362
vn 0.8189886 -0.32508 0.4728432
vn 0.8652222 0.04306141 0.4995362
vn 0.4634895 0.8447307 -0.2675958
vn 0.4634895 0.8447307 0.2675958
vn 0 0.8447307 -0.5351916
vn 0 0.8447307 0.5351916
vn -0.4634895 0.8447307 -0.2675958
vn -0.4634895 0.8447307 0.2675958
vn -0.8643519 0.06213726 -0.4990338
vn -0.8643519 0.06213726 0.4990338
vn -0.7756709 -0.4447243 -0.4478337
vn -0.7756709 -0.4447243 0.4478337
vn 0 -0.4447242 0.8956675
vn 0 0.06213726 0.9980677
vn 0 -0.4447242 -0.8956675
vn 0 0.06213726 -0.9980677
vn 0.7756709 -0.4447243 -0.4478337
vn 0.8643519 0.06213726 -0.4990338
vn 0.7756709 -0.4447243 0.4478337
vn 0.8643519 0.06213726 0.4990338
vt 0.46875 0.3
vt 0.46875 0.475
vt 0.46875 0.325
vt 0.46875 0.335
vt 0.46875 0.415
vt 0.46875 0.425
vt 0.09375 0.275
vt 0.09375 0.3
vt 0.09375 0.475
vt 0.09375 0.35
vt 0.09375 0.4242473
vt 0.09375 0.4496236
vt 0.09375 0.395
vt 0.09375 0.425
vt 0.09375 0.325
vt 0.09375 0.3972222
vt 0.09375 0.34
vt 0.09375 0.41
vt 0.09375 0.335
vt 0.09375 0.415
vt 0.09375 0.2864286
vt 0.09375 0.3435714
vt 0.09375 0.355
vt 0.09375 0.29
vt 0.21875 0.275
vt 0.21875 0.395
vt 0.21875 0.41
vt 0.21875 0.35
vt 0.21875 0.335
vt 0.21875 0.29
vt 0.59375 0.395
vt 0.21875 0.225
vt 0.21875 0.1195687
vt 0.21875 0.025
vt 0.71875 0.5364286
vt 0.71875 0.5935714
vt 0.71875 0.54
vt 0.71875 0.645
vt 0.04358778 0.80000000
vt 0.04358778 0.10000000
vt 0.84358780 0.80000000
vt 0.84358780 0.10000000
vt 0.84358780 0.80000000
vt 0.04358778 0.10000000
vt 0.25000000 0.80000000
vt 1.05000020 0.80000000
vt 0.25000000 0.10000000
vt 1.05000020 0.10000000
vt 0.25000000 0.10000000
vt 1.05000020 0.80000000
vt 0.04358802 0.10000000
vt -0.75641200 0.80000000
vt -0.75641200 0.10000000
vt -0.75641200 0.80000000
vt 0.04358802 0.10000000
vt 0.04358802 0.80000000
vt 0.45000000 0.20000000
vt 0.81000000 0.20000000
vt 0.49000000 0.20000000
vt 0.45000000 0.24000000
vt 0.45000000 0.20000000
vt 0.49000000 0.20000000
vt 0.25000000 0.80000000
vt 0.45000000 0.20000000
vt 0.45000000 0.24000000
vt 0.25000000 0.80000000
vt 0.45000000 0.24000000
vt 0.45000000 0.56000000
vt 0.45000000 0.20000000
vt 0.25000000 0.10000000
vt 0.81000000 0.20000000
vt 0.25000000 0.10000000
vt 0.45000000 0.20000000
vt 0.25000000 0.80000000
vt 0.25000000 0.80000000
vt 0.45000000 0.56000000
vt 0.45000000 0.60000000
vt 0.25000000 0.80000000
vt 0.45000000 0.60000000
vt 1.05000000 0.80000000
vt 0.45000000 0.60000000
vt 0.45000000 0.56000000
vt 0.49000000 0.60000000
vt 0.49000000 0.60000000
vt 1.05000000 0.80000000
vt 0.45000000 0.60000000
vt 0.81000000 0.60000000
vt 1.05000000 0.80000000
vt 0.49000000 0.60000000
vt 0.81000000 0.20000000
vt 0.25000000 0.10000000
vt 0.85000000 0.20000000
vt 1.05000000 0.10000000
vt 0.85000000 0.20000000
vt 0.25000000 0.10000000
vt 0.85000000 0.20000000
vt 1.05000000 0.10000000
vt 1.05000000 0.80000000
vt 0.85000000 0.24000000
vt 0.81000000 0.20000000
vt 0.85000000 0.20000000
vt 0.85000000 0.20000000
vt 1.05000000 0.80000000
vt 0.85000000 0.24000000
vt 0.85000000 0.24000000
vt 1.05000000 0.80000000
vt 0.85000000 0.56000000
vt 0.85000000 0.60000000
vt 1.05000000 0.80000000
vt 0.81000000 0.60000000
vt 0.85000000 0.56000000
vt 1.05000000 0.80000000
vt 0.85000000 0.60000000
vt 0.81000000 0.60000000
vt 0.85000000 0.56000000
vt 0.85000000 0.60000000
vt -0.55641220 0.10000000
vt -0.75641200 0.10000000
vt -0.55641220 0.56000000
vt -0.75641200 0.80000000
vt -0.55641220 0.56000000
vt -0.75641200 0.10000000
vt -0.51641200 0.60000000
vt -0.55641220 0.56000000
vt -0.75641200 0.80000000
vt 0.04358790 0.80000000
vt -0.51641200 0.60000000
vt -0.75641200 0.80000000
vt -0.51641200 0.60000000
vt 0.04358790 0.80000000
vt -0.19641210 0.60000000
vt -0.19641210 0.60000000
vt 0.04358790 0.80000000
vt -0.15641210 0.56000000
vt -0.15641210 0.56000000
vt 0.04358790 0.80000000
vt -0.15641210 0.10000000
vt 0.04358790 0.10000000
vt -0.15641210 0.10000000
vt 0.04358790 0.80000000
vt 0.25000000 0.10000000
vt 0.25000000 0.80000000
vt -0.55000000 0.10000000
vt -0.55000000 0.80000000
vt -0.55000000 0.10000000
vt 0.25000000 0.80000000
vt 0.25000000 0.90000000
vt 1.05000000 1.60000000
vt 1.05000000 0.90000000
vt 1.05000000 1.60000000
vt 0.25000000 0.90000000
vt 0.25000000 1.60000000
vt 0.24358780 1.00000000
vt 0.60358780 1.00000000
vt 0.28358800 1.00000000
vt 0.24358780 1.04000000
vt 0.24358780 1.00000000
vt 0.28358800 1.00000000
vt 0.04358790 1.60000000
vt 0.24358780 1.00000000
vt 0.24358780 1.04000000
vt 0.04358790 1.60000000
vt 0.24358780 1.04000000
vt 0.24358780 1.36000000
vt 0.24358780 1.00000000
vt 0.04358790 0.90000000
vt 0.60358780 1.00000000
vt 0.04358790 0.90000000
vt 0.24358780 1.00000000
vt 0.04358790 1.60000000
vt 0.04358790 1.60000000
vt 0.24358780 1.36000000
vt 0.24358780 1.40000000
vt 0.04358790 1.60000000
vt 0.24358780 1.40000000
vt 0.84358780 1.60000000
vt 0.24358780 1.40000000
vt 0.24358780 1.36000000
vt 0.28358800 1.40000000
vt 0.28358800 1.40000000
vt 0.84358780 1.60000000
vt 0.24358780 1.40000000
vt 0.60358780 1.40000000
vt 0.84358780 1.60000000
vt 0.28358800 1.40000000
vt 0.60358780 1.00000000
vt 0.04358790 0.90000000
vt 0.64358780 1.00000000
vt 0.84358780 0.90000000
vt 0.64358780 1.00000000
vt 0.04358790 0.90000000
vt 0.64358780 1.00000000
vt 0.84358780 0.90000000
vt 0.84358780 1.60000000
vt 0.64358780 1.04000000
vt 0.60358780 1.00000000
vt 0.64358780 1.00000000
vt 0.64358780 1.00000000
vt 0.84358780 1.60000000
vt 0.64358780 1.04000000
vt 0.64358780 1.04000000
vt 0.84358780 1.60000000
vt 0.64358780 1.36000000
vt 0.64358780 1.40000000
vt 0.84358780 1.60000000
vt 0.60358780 1.40000000
vt 0.64358780 1.36000000
vt 0.84358780 1.60000000
vt 0.64358780 1.40000000
vt 0.60358780 1.40000000
vt 0.64358780 1.36000000
vt 0.64358780 1.40000000
vt 0.04358802 0.90000000
vt -0.75641200 1.60000000
vt -0.75641200 0.90000000
vt -0.75641200 1.60000000
vt 0.04358802 0.90000000
vt 0.04358802 1.60000000
vt 0.45000000 1.00000000
vt 0.81000000 1.00000000
vt 0.49000000 1.00000000
vt 0.45000000 1.04000000
vt 0.45000000 1.00000000
vt 0.49000000 1.00000000
vt 0.25000000 1.60000000
vt 0.45000000 1.00000000
vt 0.45000000 1.04000000
vt 0.25000000 1.60000000
vt 0.45000000 1.04000000
vt 0.45000000 1.36000000
vt 0.45000000 1.00000000
vt 0.25000000 0.90000000
vt 0.81000000 1.00000000
vt 0.25000000 0.90000000
vt 0.45000000 1.00000000
vt 0.25000000 1.60000000
vt 0.25000000 1.60000000
vt 0.45000000 1.36000000
vt 0.45000000 1.40000000
vt 0.25000000 1.60000000
vt 0.45000000 1.40000000
vt 1.05000000 1.60000000
vt 0.45000000 1.40000000
vt 0.45000000 1.36000000
vt 0.49000000 1.40000000
vt 0.49000000 1.40000000
vt 1.05000000 1.60000000
vt 0.45000000 1.40000000
vt 0.81000000 1.40000000
vt 1.05000000 1.60000000
vt 0.49000000 1.40000000
vt 0.81000000 1.00000000
vt 0.25000000 0.90000000
vt 0.85000000 1.00000000
vt 1.05000000 0.90000000
vt 0.85000000 1.00000000
vt 0.25000000 0.90000000
vt 0.85000000 1.00000000
vt 1.05000000 0.90000000
vt 1.05000000 1.60000000
vt 0.85000000 1.04000000
vt 0.81000000 1.00000000
vt 0.85000000 1.00000000
vt 0.85000000 1.00000000
vt 1.05000000 1.60000000
vt 0.85000000 1.04000000
vt 0.85000000 1.04000000
vt 1.05000000 1.60000000
vt 0.85000000 1.36000000
vt 0.85000000 1.40000000
vt 1.05000000 1.60000000
vt 0.81000000 1.40000000
vt 0.85000000 1.36000000
vt 1.05000000 1.60000000
vt 0.85000000 1.40000000
vt 0.81000000 1.40000000
vt 0.85000000 1.36000000
vt 0.85000000 1.40000000
vt 0.25000000 1.60000000
vt -0.55000000 0.90000000
vt -0.55000000 1.60000000
vt -0.55000000 0.90000000
vt 0.25000000 1.60000000
vt 0.25000000 0.90000000
vt -0.55000000 1.60000000
vt -0.75000000 1.36000000
vt -0.75000000 1.60000000
vt -0.75000000 1.36000000
vt -0.55000000 1.60000000
vt -0.75000000 1.04000000
vt -0.55000000 0.90000000
vt -0.75000000 1.04000000
vt -0.55000000 1.60000000
vt -0.75000000 1.04000000
vt -0.55000000 0.90000000
vt -0.75000000 0.90000000
vt 0.28358780 1.00000000
vt 0.24358780 0.90000000
vt 0.24358780 1.04000000
vt 0.24358780 0.90000000
vt 0.28358780 1.00000000
vt 0.64358780 0.90000000
vt 0.60358780 1.00000000
vt 0.64358780 0.90000000
vt 0.28358780 1.00000000
vt 0.64358780 0.90000000
vt 0.60358780 1.00000000
vt 0.64358780 1.04000000
vt 0.24358780 1.60000000
vt 0.28358780 1.40000000
vt 0.24358780 1.36000000
vt 0.28358780 1.40000000
vt 0.24358780 1.60000000
vt 0.60358780 1.40000000
vt 0.64358780 1.60000000
vt 0.60358780 1.40000000
vt 0.24358780 1.60000000
vt 0.60358780 1.40000000
vt 0.64358780 1.60000000
vt 0.64358780 1.36000000
vt -0.55000000 1.60000000
vt -0.75000000 0.90000000
vt -0.55000000 0.90000000
vt -0.75000000 0.90000000
vt -0.55000000 1.60000000
vt -0.75000000 1.04000000
vt -0.75000000 1.04000000
vt -0.55000000 1.60000000
vt -0.75000000 1.36000000
vt -0.75000000 1.36000000
vt -0.55000000 1.60000000
vt -0.75000000 1.60000000
vt 0.25000000 0.80000000
vt -0.55000000 0.10000000
vt -0.55000000 0.80000000
vt -0.55000000 0.10000000
vt 0.25000000 0.80000000
vt 0.25000000 0.10000000
vt -0.55000000 0.80000000
vt -0.75000000 0.56000000
vt -0.75000000 0.80000000
vt -0.75000000 0.56000000
vt -0.55000000 0.80000000
vt -0.75000000 0.24000000
vt -0.55000000 0.10000000
vt -0.75000000 0.24000000
vt -0.55000000 0.80000000
vt -0.75000000 0.24000000
vt -0.55000000 0.10000000
vt -0.75000000 0.10000000
vt 0.28358780 0.20000000
vt 0.24358780 0.10000000
vt 0.24358780 0.24000000
vt 0.24358780 0.10000000
vt 0.28358780 0.20000000
vt 0.64358780 0.10000000
vt 0.60358780 0.20000000
vt 0.64358780 0.10000000
vt 0.28358780 0.20000000
vt 0.64358780 0.10000000
vt 0.60358780 0.20000000
vt 0.64358780 0.24000000
vt 0.24358780 0.80000000
vt 0.28358780 0.60000000
vt 0.24358780 0.56000000
vt 0.28358780 0.60000000
vt 0.24358780 0.80000000
vt 0.60358780 0.60000000
vt 0.64358780 0.80000000
vt 0.60358780 0.60000000
vt 0.24358780 0.80000000
vt 0.60358780 0.60000000
vt 0.64358780 0.80000000
vt 0.64358780 0.56000000
vt -0.55000000 0.80000000
vt -0.75000000 0.10000000
vt -0.55000000 0.10000000
vt -0.75000000 0.10000000
vt -0.55000000 0.80000000
vt -0.75000000 0.24000000
vt -0.75000000 0.24000000
vt -0.55000000 0.80000000
vt -0.75000000 0.56000000
vt -0.75000000 0.56000000
vt -0.55000000 0.80000000
vt -0.75000000 0.80000000
vt 0.25000000 0.90000000
vt -0.55000000 1.60000000
vt -0.55000000 0.90000000
vt -0.55000000 1.60000000
vt 0.25000000 0.90000000
vt 0.25000000 1.60000000
vt -0.15641210 1.00000000
vt -0.51641220 1.00000000
vt -0.19641212 1.00000000
vt -0.15641210 1.04000000
vt -0.15641210 1.00000000
vt -0.19641212 1.00000000
vt 0.04358790 1.60000000
vt -0.15641210 1.00000000
vt -0.15641210 1.04000000
vt 0.04358790 1.60000000
vt -0.15641210 1.04000000
vt -0.15641210 1.36000000
vt -0.15641210 1.00000000
vt 0.04358790 0.90000000
vt -0.51641220 1.00000000
vt 0.04358790 0.90000000
vt -0.15641210 1.00000000
vt 0.04358790 1.60000000
vt 0.04358790 1.60000000
vt -0.15641210 1.36000000
vt -0.15641210 1.40000000
vt 0.04358790 1.60000000
vt -0.15641210 1.40000000
vt -0.75641220 1.60000000
vt -0.15641210 1.40000000
vt -0.15641210 1.36000000
vt -0.19641212 1.40000000
vt -0.19641212 1.40000000
vt -0.75641220 1.60000000
vt -0.15641210 1.40000000
vt -0.51641220 1.40000000
vt -0.75641220 1.60000000
vt -0.19641212 1.40000000
vt -0.51641220 1.00000000
vt 0.04358790 0.90000000
vt -0.55641220 1.00000000
vt -0.75641220 0.90000000
vt -0.55641220 1.00000000
vt 0.04358790 0.90000000
vt -0.55641220 1.00000000
vt -0.75641220 0.90000000
vt -0.75641220 1.60000000
vt -0.55641220 1.04000000
vt -0.51641220 1.00000000
vt -0.55641220 1.00000000
vt -0.55641220 1.00000000
vt -0.75641220 1.60000000
vt -0.55641220 1.04000000
vt -0.55641220 1.04000000
vt -0.75641220 1.60000000
vt -0.55641220 1.36000000
vt -0.55641220 1.40000000
vt -0.75641220 1.60000000
vt -0.51641220 1.40000000
vt -0.55641220 1.36000000
vt -0.75641220 1.60000000
vt -0.55641220 1.40000000
vt -0.51641220 1.40000000
vt -0.55641220 1.36000000
vt -0.55641220 1.40000000
vt 0.04358778 0.80000000
vt 0.04358778 0.10000000
vt 0.84358780 0.80000000
vt 0.84358780 0.10000000
vt 0.84358780 0.80000000
vt 0.04358778 0.10000000
vt 0.25000000 0.80000000
vt 1.05000020 0.80000000
vt 0.25000000 0.10000000
vt 1.05000020 0.10000000
vt 0.25000000 0.10000000
vt 1.05000020 0.80000000
vt 0.04358802 0.10000000
vt -0.75641200 0.80000000
vt -0.75641200 0.10000000
vt -0.75641200 0.80000000
vt 0.04358802 0.10000000
vt 0.04358802 0.80000000
vt 0.45000000 0.20000000
vt 0.81000000 0.20000000
vt 0.49000000 0.20000000
vt 0.45000000 0.24000000
vt 0.45000000 0.20000000
vt 0.49000000 0.20000000
vt 0.25000000 0.80000000
vt 0.45000000 0.20000000
vt 0.45000000 0.24000000
vt 0.25000000 0.80000000
vt 0.45000000 0.24000000
vt 0.45000000 0.56000000
vt 0.45000000 0.20000000
vt 0.25000000 0.10000000
vt 0.81000000 0.20000000
vt 0.25000000 0.10000000
vt 0.45000000 0.20000000
vt 0.25000000 0.80000000
vt 0.25000000 0.80000000
vt 0.45000000 0.56000000
vt 0.45000000 0.60000000
vt 0.25000000 0.80000000
vt 0.45000000 0.60000000
vt 1.05000000 0.80000000
vt 0.45000000 0.60000000
vt 0.45000000 0.56000000
vt 0.49000000 0.60000000
vt 0.49000000 0.60000000
vt 1.05000000 0.80000000
vt 0.45000000 0.60000000
vt 0.81000000 0.60000000
vt 1.05000000 0.80000000
vt 0.49000000 0.60000000
vt 0.81000000 0.20000000
vt 0.25000000 0.10000000
vt 0.85000000 0.20000000
vt 1.05000000 0.10000000
vt 0.85000000 0.20000000
vt 0.25000000 0.10000000
vt 0.85000000 0.20000000
vt 1.05000000 0.10000000
vt 1.05000000 0.80000000
vt 0.85000000 0.24000000
vt 0.81000000 0.20000000
vt 0.85000000 0.20000000
vt 0.85000000 0.20000000
vt 1.05000000 0.80000000
vt 0.85000000 0.24000000
vt 0.85000000 0.24000000
vt 1.05000000 0.80000000
vt 0.85000000 0.56000000
vt 0.85000000 0.60000000
vt 1.05000000 0.80000000
vt 0.81000000 0.60000000
vt 0.85000000 0.56000000
vt 1.05000000 0.80000000
vt 0.85000000 0.60000000
vt 0.81000000 0.60000000
vt 0.85000000 0.56000000
vt 0.85000000 0.60000000
vt -0.55641220 0.10000000
vt -0.75641200 0.10000000
vt -0.55641220 0.56000000
vt -0.75641200 0.80000000
vt -0.55641220 0.56000000
vt -0.75641200 0.10000000
vt -0.51641200 0.60000000
vt -0.55641220 0.56000000
vt -0.75641200 0.80000000
vt 0.04358790 0.80000000
vt -0.51641200 0.60000000
vt -0.75641200 0.80000000
vt -0.51641200 0.60000000
vt 0.04358790 0.80000000
vt -0.19641210 0.60000000
vt -0.19641210 0.60000000
vt 0.04358790 0.80000000
vt -0.15641210 0.56000000
vt -0.15641210 0.56000000
vt 0.04358790 0.80000000
vt -0.15641210 0.10000000
vt 0.04358790 0.10000000
vt -0.15641210 0.10000000
vt 0.04358790 0.80000000
vt 0.25000000 0.10000000
vt 0.25000000 0.80000000
vt -0.55000000 0.10000000
vt -0.55000000 0.80000000
vt -0.55000000 0.10000000
vt 0.25000000 0.80000000
vt 0.25000000 0.90000000
vt 1.05000000 1.60000000
vt 1.05000000 0.90000000
vt 1.05000000 1.60000000
vt 0.25000000 0.90000000
vt 0.25000000 1.60000000
vt 0.24358780 1.00000000
vt 0.60358780 1.00000000
vt 0.28358800 1.00000000
vt 0.24358780 1.04000000
vt 0.24358780 1.00000000
vt 0.28358800 1.00000000
vt 0.04358790 1.60000000
vt 0.24358780 1.00000000
vt 0.24358780 1.04000000
vt 0.04358790 1.60000000
vt 0.24358780 1.04000000
vt 0.24358780 1.36000000
vt 0.24358780 1.00000000
vt 0.04358790 0.90000000
vt 0.60358780 1.00000000
vt 0.04358790 0.90000000
vt 0.24358780 1.00000000
vt 0.04358790 1.60000000
vt 0.04358790 1.60000000
vt 0.24358780 1.36000000
vt 0.24358780 1.40000000
vt 0.04358790 1.60000000
vt 0.24358780 1.40000000
vt 0.84358780 1.60000000
vt 0.24358780 1.40000000
vt 0.24358780 1.36000000
vt 0.28358800 1.40000000
vt 0.28358800 1.40000000
vt 0.84358780 1.60000000
vt 0.24358780 1.40000000
vt 0.60358780 1.40000000
vt 0.84358780 1.60000000
vt 0.28358800 1.40000000
vt 0.60358780 1.00000000
vt 0.04358790 0.90000000
vt 0.64358780 1.00000000
vt 0.84358780 0.90000000
vt 0.64358780 1.00000000
vt 0.04358790 0.90000000
vt 0.64358780 1.00000000
vt 0.84358780 0.90000000
vt 0.84358780 1.60000000
vt 0.64358780 1.04000000
vt 0.60358780 1.00000000
vt 0.64358780 1.00000000
vt 0.64358780 1.00000000
vt 0.84358780 1.60000000
vt 0.64358780 1.04000000
vt 0.64358780 1.04000000
vt 0.84358780 1.60000000
vt 0.64358780 1.36000000
vt 0.64358780 1.40000000
vt 0.84358780 1.60000000
vt 0.60358780 1.40000000
vt 0.64358780 1.36000000
vt 0.84358780 1.60000000
vt 0.64358780 1.40000000
vt 0.60358780 1.40000000
vt 0.64358780 1.36000000
vt 0.64358780 1.40000000
vt 0.04358802 0.90000000
vt -0.75641200 1.60000000
vt -0.75641200 0.90000000
vt -0.75641200 1.60000000
vt 0.04358802 0.90000000
vt 0.04358802 1.60000000
vt 0.45000000 1.00000000
vt 0.81000000 1.00000000
vt 0.49000000 1.00000000
vt 0.45000000 1.04000000
vt 0.45000000 1.00000000
vt 0.49000000 1.00000000
vt 0.25000000 1.60000000
vt 0.45000000 1.00000000
vt 0.45000000 1.04000000
vt 0.25000000 1.60000000
vt 0.45000000 1.04000000
vt 0.45000000 1.36000000
vt 0.45000000 1.00000000
vt 0.25000000 0.90000000
vt 0.81000000 1.00000000
vt 0.25000000 0.90000000
vt 0.45000000 1.00000000
vt 0.25000000 1.60000000
vt 0.25000000 1.60000000
vt 0.45000000 1.36000000
vt 0.45000000 1.40000000
vt 0.25000000 1.60000000
vt 0.45000000 1.40000000
vt 1.05000000 1.60000000
vt 0.45000000 1.40000000
vt 0.45000000 1.36000000
vt 0.49000000 1.40000000
vt 0.49000000 1.40000000
vt 1.05000000 1.60000000
vt 0.45000000 1.40000000
vt 0.81000000 1.40000000
vt 1.05000000 1.60000000
vt 0.49000000 1.40000000
vt 0.81000000 1.00000000
vt 0.25000000 0.90000000
vt 0.85000000 1.00000000
vt 1.05000000 0.90000000
vt 0.85000000 1.00000000
vt 0.25000000 0.90000000
vt 0.85000000 1.00000000
vt 1.05000000 0.90000000
vt 1.05000000 1.60000000
vt 0.85000000 1.04000000
vt 0.81000000 1.00000000
vt 0.85000000 1.00000000
vt 0.85000000 1.00000000
vt 1.05000000 1.60000000
vt 0.85000000 1.04000000
vt 0.85000000 1.04000000
vt 1.05000000 1.60000000
vt 0.85000000 1.36000000
vt 0.85000000 1.40000000
vt 1.05000000 1.60000000
vt 0.81000000 1.40000000
vt 0.85000000 1.36000000
vt 1.05000000 1.60000000
vt 0.85000000 1.40000000
vt 0.81000000 1.40000000
vt 0.85000000 1.36000000
vt 0.85000000 1.40000000
vt 0.25000000 1.60000000
vt -0.55000000 0.90000000
vt -0.55000000 1.60000000
vt -0.55000000 0.90000000
vt 0.25000000 1.60000000
vt 0.25000000 0.90000000
vt -0.55000000 1.60000000
vt -0.75000000 1.36000000
vt -0.75000000 1.60000000
vt -0.75000000 1.36000000
vt -0.55000000 1.60000000
vt -0.75000000 1.04000000
vt -0.55000000 0.90000000
vt -0.75000000 1.04000000
vt -0.55000000 1.60000000
vt -0.75000000 1.04000000
vt -0.55000000 0.90000000
vt -0.75000000 0.90000000
vt 0.28358780 1.00000000
vt 0.24358780 0.90000000
vt 0.24358780 1.04000000
vt 0.24358780 0.90000000
vt 0.28358780 1.00000000
vt 0.64358780 0.90000000
vt 0.60358780 1.00000000
vt 0.64358780 0.90000000
vt 0.28358780 1.00000000
vt 0.64358780 0.90000000
vt 0.60358780 1.00000000
vt 0.64358780 1.04000000
vt 0.24358780 1.60000000
vt 0.28358780 1.40000000
vt 0.24358780 1.36000000
vt 0.28358780 1.40000000
vt 0.24358780 1.60000000
vt 0.60358780 1.40000000
vt 0.64358780 1.60000000
vt 0.60358780 1.40000000
vt 0.24358780 1.60000000
vt 0.60358780 1.40000000
vt 0.64358780 1.60000000
vt 0.64358780 1.36000000
vt -0.55000000 1.60000000
vt -0.75000000 0.90000000
vt -0.55000000 0.90000000
vt -0.75000000 0.90000000
vt -0.55000000 1.60000000
vt -0.75000000 1.04000000
vt -0.75000000 1.04000000
vt -0.55000000 1.60000000
vt -0.75000000 1.36000000
vt -0.75000000 1.36000000
vt -0.55000000 1.60000000
vt -0.75000000 1.60000000
vt 0.25000000 0.80000000
vt -0.55000000 0.10000000
vt -0.55000000 0.80000000
vt -0.55000000 0.10000000
vt 0.25000000 0.80000000
vt 0.25000000 0.10000000
vt -0.55000000 0.80000000
vt -0.75000000 0.56000000
vt -0.75000000 0.80000000
vt -0.75000000 0.56000000
vt -0.55000000 0.80000000
vt -0.75000000 0.24000000
vt -0.55000000 0.10000000
vt -0.75000000 0.24000000
vt -0.55000000 0.80000000
vt -0.75000000 0.24000000
vt -0.55000000 0.10000000
vt -0.75000000 0.10000000
vt 0.28358780 0.20000000
vt 0.24358780 0.10000000
vt 0.24358780 0.24000000
vt 0.24358780 0.10000000
vt 0.28358780 0.20000000
vt 0.64358780 0.10000000
vt 0.60358780 0.20000000
vt 0.64358780 0.10000000
vt 0.28358780 0.20000000
vt 0.64358780 0.10000000
vt 0.60358780 0.20000000
vt 0.64358780 0.24000000
vt 0.24358780 0.80000000
vt 0.28358780 0.60000000
vt 0.24358780 0.56000000
vt 0.28358780 0.60000000
vt 0.24358780 0.80000000
vt 0.60358780 0.60000000
vt 0.64358780 0.80000000
vt 0.60358780 0.60000000
vt 0.24358780 0.80000000
vt 0.60358780 0.60000000
vt 0.64358780 0.80000000
vt 0.64358780 0.56000000
vt -0.55000000 0.80000000
vt -0.75000000 0.10000000
vt -0.55000000 0.10000000
vt -0.75000000 0.10000000
vt -0.55000000 0.80000000
vt -0.75000000 0.24000000
vt -0.75000000 0.24000000
vt -0.55000000 0.80000000
vt -0.75000000 0.56000000
vt -0.75000000 0.56000000
vt -0.55000000 0.80000000
vt -0.75000000 0.80000000
vt 0.25000000 0.90000000
vt -0.55000000 1.60000000
vt -0.55000000 0.90000000
vt -0.55000000 1.60000000
vt 0.25000000 0.90000000
vt 0.25000000 1.60000000
vt -0.15641210 1.00000000
vt -0.51641220 1.00000000
vt -0.19641212 1.00000000
vt -0.15641210 1.04000000
vt -0.15641210 1.00000000
vt -0.19641212 1.00000000
vt 0.04358790 1.60000000
vt -0.15641210 1.00000000
vt -0.15641210 1.04000000
vt 0.04358790 1.60000000
vt -0.15641210 1.04000000
vt -0.15641210 1.36000000
vt -0.15641210 1.00000000
vt 0.04358790 0.90000000
vt -0.51641220 1.00000000
vt 0.04358790 0.90000000
vt -0.15641210 1.00000000
vt 0.04358790 1.60000000
vt 0.04358790 1.60000000
vt -0.15641210 1.36000000
vt -0.15641210 1.40000000
vt 0.04358790 1.60000000
vt -0.15641210 1.40000000
vt -0.75641220 1.60000000
vt -0.15641210 1.40000000
vt -0.15641210 1.36000000
vt -0.19641212 1.40000000
vt -0.19641212 1.40000000
vt -0.75641220 1.60000000
vt -0.15641210 1.40000000
vt -0.51641220 1.40000000
vt -0.75641220 1.60000000
vt -0.19641212 1.40000000
vt -0.51641220 1.00000000
vt 0.04358790 0.90000000
vt -0.55641220 1.00000000
vt -0.75641220 0.90000000
vt -0.55641220 1.00000000
vt 0.04358790 0.90000000
vt -0.55641220 1.00000000
vt -0.75641220 0.90000000
vt -0.75641220 1.60000000
vt -0.55641220 1.04000000
vt -0.51641220 1.00000000
vt -0.55641220 1.00000000
vt -0.55641220 1.00000000
vt -0.75641220 1.60000000
vt -0.55641220 1.04000000
vt -0.55641220 1.04000000
vt -0.75641220 1.60000000
vt -0.55641220 1.36000000
vt -0.55641220 1.40000000
vt -0.75641220 1.60000000
vt -0.51641220 1.40000000
vt -0.55641220 1.36000000
vt -0.75641220 1.60000000
vt -0.55641220 1.40000000
vt -0.51641220 1.40000000
vt -0.55641220 1.36000000
vt -0.55641220 1.40000000
usemtl plaster
f 6/39/2 5/40/2 3/41/2
f 1/42/2 3/43/2 5/44/2
f 4/45/1 3/46/1 2/47/1
f 1/48/1 2/49/1 3/50/1
f 9/51/3 8/52/3 7/53/3
f 8/54/3 9/55/3 10/56/3
f 13/57/4 12/58/4 11/59/4
f 14/60/4 13/61/4 11/62/4
f 15/63/4 13/64/4 14/65/4
f 15/66/4 14/67/4 16/68/4
f 13/69/4 17/70/4 12/71/4
f 17/72/4 13/73/4 15/74/4
f 15/75/4 16/76/4 18/77/4
f 15/78/4 18/79/4 8/80/4
f 18/81/4 16/82/4 19/83/4
f 19/84/4 8/85/4 18/86/4
f 20/87/4 8/88/4 19/89/4
f 12/90/4 17/91/4 21/92/4
f 7/93/4 21/94/4 17/95/4
f 21/96/4 7/97/4 8/98/4
f 22/99/4 12/100/4 21/101/4
f 21/102/4 8/103/4 22/104/4
f 22/105/4 8/106/4 23/107/4
f 24/108/4 8/109/4 20/110/4
f 23/111/4 8/112/4 24/113/4
f 20/114/4 23/115/4 24/116/4
f 36/117/6 26/118/6 35/119/6
f 25/120/6 35/121/6 26/122/6
f 34/123/6 35/124/6 25/125/6
f 31/126/6 34/127/6 25/128/6
f 34/129/6 31/130/6 33/131/6
f 33/132/6 31/133/6 32/134/6
f 32/135/6 31/136/6 30/137/6
f 29/138/6 30/139/6 31/140/6
f 28/141/5 27/142/5 26/143/5
f 25/144/5 26/145/5 27/146/5
f 39/147/7 38/148/7 37/149/7
f 38/150/7 39/151/7 40/152/7
f 43/153/8 42/154/8 41/155/8
f 44/156/8 43/157/8 41/158/8
f 45/159/8 43/160/8 44/161/8
f 45/162/8 44/163/8 46/164/8
f 43/165/8 47/166/8 42/167/8
f 47/168/8 43/169/8 45/170/8
f 45/171/8 46/172/8 48/173/8
f 45/174/8 48/175/8 38/176/8
f 48/177/8 46/178/8 49/179/8
f 49/180/8 38/181/8 48/182/8
f 50/183/8 38/184/8 49/185/8
f 42/186/8 47/187/8 51/188/8
f 37/189/8 51/190/8 47/191/8
f 51/192/8 37/193/8 38/194/8
f 52/195/8 42/196/8 51/197/8
f 51/198/8 38/199/8 52/200/8
f 52/201/8 38/202/8 53/203/8
f 54/204/8 38/205/8 50/206/8
f 53/207/8 38/208/8 54/209/8
f 50/210/8 53/211/8 54/212/8
f 57/213/3 56/214/3 55/215/3
f 56/216/3 57/217/3 58/218/3
f 61/219/4 60/220/4 59/221/4
f 62/222/4 61/223/4 59/224/4
f 63/225/4 61/226/4 62/227/4
f 63/228/4 62/229/4 64/230/4
f 61/231/4 65/232/4 60/233/4
f 65/234/4 61/235/4 63/236/4
f 63/237/4 64/238/4 66/239/4
f 63/240/4 66/241/4 56/242/4
f 66/243/4 64/244/4 67/245/4
f 67/246/4 56/247/4 66/248/4
f 68/249/4 56/250/4 67/251/4
f 60/252/4 65/253/4 69/254/4
f 55/255/4 69/256/4 65/257/4
f 69/258/4 55/259/4 56/260/4
f 70/261/4 60/262/4 69/263/4
f 69/264/4 56/265/4 70/266/4
f 70/267/4 56/268/4 71/269/4
f 72/270/4 56/271/4 68/272/4
f 71/273/4 56/274/4 72/275/4
f 68/276/4 71/277/4 72/278/4
f 75/279/9 74/280/9 73/281/9
f 74/282/9 75/283/9 76/284/9
f 73/285/10 78/286/10 77/287/10
f 78/288/10 73/289/10 79/290/10
f 74/291/10 79/292/10 73/293/10
f 79/294/10 74/295/10 80/296/10
f 83/297/6 82/298/6 81/299/6
f 82/300/6 83/301/6 80/302/6
f 84/303/6 80/304/6 83/305/6
f 80/306/6 84/307/6 79/308/6
f 87/309/6 86/310/6 85/311/6
f 86/312/6 87/313/6 88/314/6
f 77/315/6 88/316/6 87/317/6
f 88/318/6 77/319/6 78/320/6
f 90/321/11 82/322/11 89/323/11
f 82/324/11 90/325/11 81/326/11
f 81/327/11 90/328/11 85/329/11
f 85/330/11 90/331/11 87/332/11
f 93/333/9 92/334/9 91/335/9
f 92/336/9 93/337/9 94/338/9
f 91/339/10 96/340/10 95/341/10
f 96/342/10 91/343/10 97/344/10
f 92/345/10 97/346/10 91/347/10
f 97/348/10 92/349/10 98/350/10
f 101/351/6 100/352/6 99/353/6
f 100/354/6 101/355/6 98/356/6
f 102/357/6 98/358/6 101/359/6
f 98/360/6 102/361/6 97/362/6
f 105/363/6 104/364/6 103/365/6
f 104/366/6 105/367/6 106/368/6
f 95/369/6 106/370/6 105/371/6
f 106/372/6 95/373/6 96/374/6
f 108/375/11 100/376/11 107/377/11
f 100/378/11 108/379/11 99/380/11
f 99/381/11 108/382/11 103/383/11
f 103/384/11 108/385/11 105/386/11
f 111/387/5 110/388/5 109/389/5
f 110/390/5 111/391/5 112/392/5
f 115/393/6 114/394/6 113/395/6
f 116/396/6 115/397/6 113/398/6
f 117/399/6 115/400/6 116/401/6
f 117/402/6 116/403/6 118/404/6
f 115/405/6 119/406/6 114/407/6
f 119/408/6 115/409/6 117/410/6
f 117/411/6 118/412/6 120/413/6
f 117/414/6 120/415/6 110/416/6
f 120/417/6 118/418/6 121/419/6
f 121/420/6 110/421/6 120/422/6
f 122/423/6 110/424/6 121/425/6
f 114/426/6 119/427/6 123/428/6
f 109/429/6 123/430/6 119/431/6
f 123/432/6 109/433/6 110/434/6
f 124/435/6 114/436/6 123/437/6
f 123/438/6 110/439/6 124/440/6
f 124/441/6 110/442/6 125/443/6
f 126/444/6 110/445/6 122/446/6
f 125/447/6 110/448/6 126/449/6
f 122/450/6 125/451/6 126/452/6
usemtl palette
f 5/8/15 134/8/15 1/8/15
f 132/8/15 1/8/15 134/8/15
f 132/8/15 129/8/15 1/8/15
f 1/8/15 129/8/15 2/8/15
f 130/8/15 2/8/15 129/8/15
f 131/7/14 133/7/14 127/7/14
f 133/7/14 135/7/14 127/7/14
f 128/7/14 127/7/14 135/7/14
f 129/8/12 132/8/13 127/7/12
f 131/7/13 127/7/12 132/8/13
f 134/8/2 133/7/2 132/8/13
f 131/7/13 132/8/13 133/7/2
f 130/8/1 129/8/12 128/7/1
f 127/7/12 128/7/1 129/8/12
f 149/9/16 147/9/16 150/7/16
f 148/7/16 150/7/16 147/9/16
f 154/9/21 153/10/21 152/9/20
f 151/10/20 152/9/20 153/10/21
f 141/9/17 140/10/17 154/9/21
f 153/10/21 154/9/21 140/10/17
f 154/9/15 152/9/15 141/9/15
f 141/9/15 152/9/15 138/9/15
f 138/9/15 152/9/15 149/9/15
f 149/9/15 152/9/15 147/9/15
f 145/9/15 147/9/15 152/9/15
f 144/10/14 146/10/14 143/10/14
f 151/10/14 143/10/14 146/10/14
f 153/10/14 140/10/14 151/10/14
f 151/10/14 140/10/14 143/10/14
f 139/10/14 143/10/14 140/10/14
f 145/9/18 152/9/20 146/10/18
f 151/10/20 146/10/18 152/9/20
f 136/7/19 138/9/19 150/7/19
f 149/9/19 150/7/19 138/9/19
f 148/7/19 147/9/19 45/7/19
f 45/7/19 147/9/19 144/10/19
f 144/10/19 147/9/19 146/10/19
f 145/9/19 146/10/19 147/9/19
f 144/10/18 143/10/18 45/7/18
f 142/7/18 45/7/18 143/10/18
f 139/10/17 137/7/17 143/10/17
f 142/7/17 143/10/17 137/7/17
f 141/9/16 138/9/16 140/10/16
f 140/10/16 138/9/16 139/10/16
f 139/10/16 138/9/16 137/7/16
f 136/7/16 137/7/16 138/9/16
f 156/9/16 40/7/16 155/7/16
f 40/7/16 156/9/16 157/10/16
f 157/10/16 156/9/16 158/10/16
f 158/10/16 156/9/16 159/9/16
f 40/7/19 160/10/19 38/7/19
f 160/10/19 40/7/19 157/10/19
f 160/10/18 45/7/18 38/7/18
f 45/7/18 160/10/18 144/10/18
f 147/9/17 146/10/17 145/9/17
f 146/10/17 147/9/17 144/10/17
f 144/10/17 147/9/17 45/7/17
f 45/7/17 147/9/17 148/7/17
f 156/9/17 162/7/17 161/9/17
f 162/7/17 156/9/17 155/7/17
f 164/9/22 146/10/18 163/10/22
f 146/10/18 164/9/22 145/9/18
f 158/10/14 160/10/14 157/10/14
f 165/10/14 160/10/14 158/10/14
f 163/10/14 160/10/14 165/10/14
f 146/10/14 160/10/14 163/10/14
f 160/10/14 146/10/14 144/10/14
f 164/9/15 147/9/15 145/9/15
f 147/9/15 164/9/15 161/9/15
f 161/9/15 164/9/15 156/9/15
f 156/9/15 164/9/15 159/9/15
f 159/9/15 164/9/15 166/9/15
f 158/10/19 166/9/23 165/10/23
f 166/9/23 158/10/19 159/9/19
f 165/10/23 164/9/22 163/10/22
f 164/9/22 165/10/23 166/9/23
f 147/9/16 162/7/16 148/7/16
f 162/7/16 147/9/16 161/9/16
f 169/9/24 168/7/24 167/7/24
f 168/7/24 169/9/24 170/10/24
f 170/10/24 169/9/24 171/10/24
f 171/10/24 169/9/24 172/9/24
f 168/7/5 174/10/5 173/7/5
f 174/10/5 168/7/5 170/10/5
f 174/10/6 117/7/6 173/7/6
f 117/7/6 174/10/6 175/10/6
f 178/9/9 177/10/9 176/9/9
f 177/10/9 178/9/9 175/10/9
f 175/10/9 178/9/9 117/7/9
f 117/7/9 178/9/9 179/7/9
f 169/9/9 181/7/9 180/9/9
f 181/7/9 169/9/9 167/7/9
f 183/9/25 177/10/6 182/10/25
f 177/10/6 183/9/25 176/9/6
f 171/10/14 174/10/14 170/10/14
f 174/10/14 171/10/14 182/10/14
f 182/10/14 171/10/14 184/10/14
f 177/10/14 174/10/14 182/10/14
f 174/10/14 177/10/14 175/10/14
f 183/9/15 178/9/15 176/9/15
f 178/9/15 183/9/15 180/9/15
f 180/9/15 183/9/15 169/9/15
f 169/9/15 183/9/15 172/9/15
f 172/9/15 183/9/15 185/9/15
f 171/10/5 185/9/26 184/10/26
f 185/9/26 171/10/5 172/9/5
f 184/10/26 183/9/25 182/10/25
f 183/9/25 184/10/26 185/9/26
f 178/9/24 181/7/24 179/7/24
f 181/7/24 178/9/24 180/9/24
f 186/7/14 73/7/14 75/7/14
f 73/7/14 186/7/14 187/7/14
f 73/7/14 187/7/14 77/7/14
f 77/7/14 187/7/14 188/7/14
f 77/7/14 188/7/14 189/7/14
f 189/7/14 188/7/14 190/7/14
f 189/7/14 190/7/14 191/7/14
f 189/7/14 191/7/14 192/7/14
f 192/7/14 191/7/14 193/7/14
f 194/9/24 193/7/24 191/7/24
f 193/7/24 194/9/24 195/10/24
f 195/10/24 194/9/24 196/10/24
f 196/10/24 194/9/24 197/9/24
f 198/9/27 191/7/27 190/7/27
f 191/7/27 198/9/27 194/9/27
f 199/9/24 190/7/24 188/7/24
f 190/7/24 199/9/24 198/9/24
f 187/7/28 199/9/28 188/7/28
f 199/9/28 187/7/28 200/9/28
f 186/7/5 200/9/5 187/7/5
f 200/9/5 186/7/5 201/9/5
f 203/10/9 73/7/9 202/10/9
f 73/7/9 203/10/9 75/7/9
f 202/10/10 77/7/10 204/10/10
f 77/7/10 202/10/10 73/7/10
f 205/10/6 77/7/6 189/7/6
f 77/7/6 205/10/6 204/10/6
f 206/10/11 189/7/11 192/7/11
f 189/7/11 206/10/11 205/10/11
f 196/10/14 206/10/14 195/10/14
f 207/10/14 206/10/14 196/10/14
f 208/10/14 206/10/14 207/10/14
f 208/10/14 205/10/14 206/10/14
f 208/10/14 204/10/14 205/10/14
f 209/10/14 204/10/14 208/10/14
f 209/10/14 202/10/14 204/10/14
f 210/10/14 202/10/14 209/10/14
f 210/10/14 203/10/14 202/10/14
f 203/10/14 210/10/14 211/10/14
f 213/9/9 210/10/29 212/9/29
f 210/10/29 213/9/9 211/10/9
f 212/9/29 209/10/30 214/9/30
f 209/10/30 212/9/29 210/10/29
f 215/9/25 209/10/30 208/10/25
f 209/10/30 215/9/25 214/9/30
f 207/10/11 215/9/25 208/10/25
f 215/9/25 207/10/11 216/9/11
f 194/9/15 216/9/15 197/9/15
f 194/9/15 215/9/15 216/9/15
f 198/9/15 215/9/15 194/9/15
f 199/9/15 215/9/15 198/9/15
f 199/9/15 214/9/15 215/9/15
f 200/9/15 214/9/15 199/9/15
f 200/9/15 212/9/15 214/9/15
f 212/9/15 200/9/15 213/9/15
f 201/9/15 213/9/15 200/9/15
f 219/7/21 218/9/26 217/7/26
f 218/9/26 219/7/21 220/9/21
f 223/9/25 222/7/30 221/7/25
f 222/7/30 223/9/25 224/9/30
f 227/9/22 226/7/20 225/7/22
f 226/7/20 227/9/22 228/9/20
f 231/9/23 230/7/29 229/9/29
f 230/7/29 231/9/23 232/7/23
f 217/7/26 223/9/25 221/7/25
f 223/9/25 217/7/26 218/9/26
f 226/7/20 220/9/21 219/7/21
f 220/9/21 226/7/20 228/9/20
f 227/9/22 232/7/23 231/9/23
f 232/7/23 227/9/22 225/7/22
f 229/9/29 222/7/30 224/9/30
f 222/7/30 229/9/29 230/7/29
f 224/9/15 231/9/15 229/9/15
f 231/9/15 224/9/15 227/9/15
f 227/9/15 224/9/15 223/9/15
f 227/9/15 223/9/15 228/9/15
f 228/9/15 223/9/15 218/9/15
f 228/9/15 218/9/15 220/9/15
f 235/12/9 234/11/32 233/11/31
f 234/11/32 235/12/9 236/12/27
f 239/11/34 238/12/5 237/11/33
f 238/12/5 239/11/34 240/12/28
f 234/11/27 242/13/24 241/13/27
f 242/13/24 234/11/27 243/11/24
f 235/12/9 245/11/35 244/12/10
f 245/11/35 235/12/9 233/11/31
f 246/12/24 239/11/34 243/11/36
f 239/11/34 246/12/24 240/12/28
f 248/12/6 245/11/35 247/11/37
f 245/11/35 248/12/6 244/12/10
f 250/12/11 247/11/37 249/11/38
f 247/11/37 250/12/11 248/12/6
f 252/9/40 235/12/9 251/9/39
f 235/12/9 252/9/40 236/12/27
f 243/11/24 253/13/28 242/13/24
f 253/13/28 243/11/24 239/11/28
f 249/11/11 255/13/6 254/13/11
f 255/13/6 249/11/11 247/11/6
f 256/13/5 249/11/11 254/13/11
f 249/11/11 256/13/5 237/11/5
f 236/12/27 243/11/36 234/11/32
f 243/11/36 236/12/27 246/12/24
f 257/9/41 248/12/6 250/12/11
f 248/12/6 257/9/41 258/9/42
f 259/9/43 235/12/9 244/12/10
f 235/12/9 259/9/43 251/9/39
f 258/9/42 244/12/10 248/12/6
f 244/12/10 258/9/42 259/9/43
f 249/11/38 238/12/5 250/12/11
f 238/12/5 249/11/38 237/11/33
f 260/9/44 240/12/28 246/12/24
f 240/12/28 260/9/44 261/9/45
f 238/12/5 257/9/41 250/12/11
f 257/9/41 238/12/5 262/9/46
f 259/9/15 252/9/15 251/9/15
f 252/9/15 259/9/15 258/9/15
f 252/9/15 258/9/15 260/9/15
f 260/9/15 258/9/15 257/9/15
f 260/9/15 257/9/15 261/9/15
f 261/9/15 257/9/15 262/9/15
f 233/11/9 263/13/10 245/11/10
f 263/13/10 233/11/9 264/13/9
f 247/11/6 263/13/10 255/13/6
f 263/13/10 247/11/6 245/11/10
f 238/12/5 261/9/45 262/9/46
f 261/9/45 238/12/5 240/12/28
f 234/11/27 264/13/9 233/11/9
f 264/13/9 234/11/27 241/13/27
f 252/9/40 246/12/24 236/12/27
f 246/12/24 252/9/40 260/9/44
f 253/13/28 237/11/5 256/13/5
f 237/11/5 253/13/28 239/11/28
f 267/12/9 266/11/32 265/11/31
f 266/11/32 267/12/9 268/12/27
f 271/11/34 270/12/5 269/11/33
f 270/12/5 271/11/34 272/12/28
f 266/11/27 274/13/24 273/13/27
f 274/13/24 266/11/27 275/11/24
f 267/12/9 277/11/35 276/12/10
f 277/11/35 267/12/9 265/11/31
f 278/12/24 271/11/34 275/11/36
f 271/11/34 278/12/24 272/12/28
f 280/12/6 277/11/35 279/11/37
f 277/11/35 280/12/6 276/12/10
f 282/12/11 279/11/37 281/11/38
f 279/11/37 282/12/11 280/12/6
f 284/9/40 267/12/9 283/9/39
f 267/12/9 284/9/40 268/12/27
f 275/11/24 285/13/28 274/13/24
f 285/13/28 275/11/24 271/11/28
f 281/11/11 287/13/6 286/13/11
f 287/13/6 281/11/11 279/11/6
f 288/13/5 281/11/11 286/13/11
f 281/11/11 288/13/5 269/11/5
f 268/12/27 275/11/36 266/11/32
f 275/11/36 268/12/27 278/12/24
f 289/9/41 280/12/6 282/12/11
f 280/12/6 289/9/41 290/9/42
f 291/9/43 267/12/9 276/12/10
f 267/12/9 291/9/43 283/9/39
f 290/9/42 276/12/10 280/12/6
f 276/12/10 290/9/42 291/9/43
f 281/11/38 270/12/5 282/12/11
f 270/12/5 281/11/38 269/11/33
f 292/9/44 272/12/28 278/12/24
f 272/12/28 292/9/44 293/9/45
f 270/12/5 289/9/41 282/12/11
f 289/9/41 270/12/5 294/9/46
f 291/9/15 284/9/15 283/9/15
f 284/9/15 291/9/15 290/9/15
f 284/9/15 290/9/15 292/9/15
f 292/9/15 290/9/15 289/9/15
f 292/9/15 289/9/15 293/9/15
f 293/9/15 289/9/15 294/9/15
f 265/11/9 295/13/10 277/11/10
f 295/13/10 265/11/9 296/13/9
f 279/11/6 295/13/10 287/13/6
f 295/13/10 279/11/6 277/11/10
f 270/12/5 293/9/45 294/9/46
f 293/9/45 270/12/5 272/12/28
f 266/11/27 296/13/9 265/11/9
f 296/13/9 266/11/27 273/13/27
f 284/9/40 278/12/24 268/12/27
f 278/12/24 284/9/40 292/9/44
f 285/13/28 269/11/5 288/13/5
f 269/11/5 285/13/28 271/11/28
f 299/9/9 298/7/47 297/9/47
f 298/7/47 299/9/9 300/7/9
f 303/9/48 302/7/49 301/7/48
f 302/7/49 303/9/48 304/9/49
f 302/7/49 306/9/10 305/7/10
f 306/9/10 302/7/49 304/9/49
f 297/9/47 305/7/10 306/9/10
f 305/7/10 297/9/47 298/7/47
f 309/7/5 308/9/50 307/7/50
f 308/9/50 309/7/5 310/9/5
f 307/7/50 312/9/11 311/7/11
f 312/9/11 307/7/50 308/9/50
f 312/9/11 301/7/48 311/7/11
f 301/7/48 312/9/11 303/9/48
f 309/7/14 298/7/14 300/7/14
f 298/7/14 309/7/14 305/7/14
f 305/7/14 309/7/14 302/7/14
f 302/7/14 309/7/14 301/7/14
f 301/7/14 309/7/14 311/7/14
f 311/7/14 309/7/14 307/7/14
f 310/9/15 312/9/15 308/9/15
f 313/9/15 312/9/15 310/9/15
f 314/9/15 312/9/15 313/9/15
f 315/9/15 312/9/15 314/9/15
f 315/9/15 303/9/15 312/9/15
f 316/9/15 303/9/15 315/9/15
f 317/9/15 303/9/15 316/9/15
f 317/9/15 304/9/15 303/9/15
f 318/9/15 304/9/15 317/9/15
f 318/9/15 306/9/15 304/9/15
f 306/9/15 318/9/15 319/9/15
f 320/9/15 306/9/15 319/9/15
f 299/9/15 306/9/15 320/9/15
f 306/9/15 299/9/15 297/9/15
f 314/9/51 321/13/27 315/9/27
f 321/13/27 314/9/51 322/13/51
f 313/9/9 322/13/51 314/9/51
f 322/13/51 313/9/9 323/13/9
f 325/13/5 319/9/52 324/13/52
f 319/9/52 325/13/5 320/9/5
f 324/13/52 318/9/28 326/13/28
f 318/9/28 324/13/52 319/9/52
f 318/9/28 327/13/53 326/13/28
f 327/13/53 318/9/28 317/9/53
f 317/9/53 328/13/54 327/13/53
f 328/13/54 317/9/53 316/9/54
f 316/9/54 321/13/27 328/13/54
f 321/13/27 316/9/54 315/9/27
f 331/15/11 330/14/6 329/14/11
f 330/14/6 331/15/11 332/15/6
f 335/15/27 334/14/9 333/15/9
f 334/14/9 335/15/27 336/14/27
f 332/15/6 337/14/10 330/14/6
f 337/14/10 332/15/6 338/15/10
f 333/15/9 337/14/10 338/15/10
f 337/14/10 333/15/9 334/14/9
f 335/15/27 339/14/24 336/14/27
f 339/14/24 335/15/27 340/15/24
f 340/15/24 341/14/28 339/14/24
f 341/14/28 340/15/24 342/15/28
f 341/14/28 344/15/5 343/14/5
f 344/15/5 341/14/28 342/15/28
f 343/14/5 331/15/11 329/14/11
f 331/15/11 343/14/5 344/15/5
f 336/14/14 337/14/14 334/14/14
f 337/14/14 336/14/14 339/14/14
f 337/14/14 339/14/14 330/14/14
f 330/14/14 339/14/14 341/14/14
f 330/14/14 341/14/14 329/14/14
f 329/14/14 341/14/14 343/14/14
f 347/15/14 346/15/14 345/15/14
f 346/15/14 347/15/14 348/15/14
f 351/14/55 350/14/15 349/14/15
f 350/14/15 351/14/55 352/14/55
f 350/14/24 347/15/24 345/15/24
f 347/15/24 350/14/24 353/16/24
f 353/16/24 350/14/24 352/14/24
f 350/14/9 346/15/9 349/14/9
f 346/15/9 350/14/9 345/15/9
f 354/16/6 346/15/6 348/15/6
f 346/15/6 354/16/6 349/14/6
f 349/14/6 354/16/6 351/14/6
f 347/15/5 354/16/56 348/15/5
f 354/16/56 347/15/5 353/16/56
f 353/16/56 351/14/55 354/16/56
f 351/14/55 353/16/56 352/14/55
f 357/15/5 356/14/11 355/15/11
f 356/14/11 357/15/5 358/14/5
f 356/14/11 359/15/6 355/15/11
f 359/15/6 356/14/11 360/14/6
f 363/14/27 362/15/9 361/14/9
f 362/15/9 363/14/27 364/15/27
f 361/14/9 366/15/10 365/14/10
f 366/15/10 361/14/9 362/15/9
f 367/15/28 358/14/5 357/15/5
f 358/14/5 367/15/28 368/14/28
f 370/14/24 367/15/28 369/15/24
f 367/15/28 370/14/24 368/14/28
f 360/14/6 366/15/10 359/15/6
f 366/15/10 360/14/6 365/14/10
f 363/14/27 369/15/24 364/15/27
f 369/15/24 363/14/27 370/14/24
f 365/14/15 363/14/15 361/14/15
f 363/14/15 365/14/15 360/14/15
f 363/14/15 360/14/15 370/14/15
f 370/14/15 360/14/15 356/14/15
f 370/14/15 356/14/15 368/14/15
f 368/14/15 356/14/15 358/14/15
f 364/15/14 366/15/14 362/15/14
f 366/15/14 364/15/14 369/15/14
f 366/15/14 369/15/14 359/15/14
f 359/15/14 369/15/14 367/15/14
f 359/15/14 367/15/14 355/15/14
f 355/15/14 367/15/14 357/15/14
f 373/15/5 372/14/11 371/15/11
f 372/14/11 373/15/5 374/14/5
f 372/14/11 375/15/6 371/15/11
f 375/15/6 372/14/11 376/14/6
f 379/14/27 378/15/9 377/14/9
f 378/15/9 379/14/27 380/15/27
f 377/14/9 382/15/10 381/14/10
f 382/15/10 377/14/9 378/15/9
f 383/15/28 374/14/5 373/15/5
f 374/14/5 383/15/28 384/14/28
f 386/14/24 383/15/28 385/15/24
f 383/15/28 386/14/24 384/14/28
f 376/14/6 382/15/10 375/15/6
f 382/15/10 376/14/6 381/14/10
f 379/14/27 385/15/24 380/15/27
f 385/15/24 379/14/27 386/14/24
f 381/14/15 379/14/15 377/14/15
f 379/14/15 381/14/15 376/14/15
f 379/14/15 376/14/15 386/14/15
f 386/14/15 376/14/15 372/14/15
f 386/14/15 372/14/15 384/14/15
f 384/14/15 372/14/15 374/14/15
f 380/15/14 382/15/14 378/15/14
f 382/15/14 380/15/14 385/15/14
f 382/15/14 385/15/14 375/15/14
f 375/15/14 385/15/14 383/15/14
f 375/15/14 383/15/14 371/15/14
f 371/15/14 383/15/14 373/15/14
f 389/15/5 388/14/11 387/15/11
f 388/14/11 389/15/5 390/14/5
f 388/14/11 391/15/6 387/15/11
f 391/15/6 388/14/11 392/14/6
f 395/14/27 394/15/9 393/14/9
f 394/15/9 395/14/27 396/15/27
f 393/14/9 398/15/10 397/14/10
f 398/15/10 393/14/9 394/15/9
f 399/15/28 390/14/5 389/15/5
f 390/14/5 399/15/28 400/14/28
f 402/14/24 399/15/28 401/15/24
f 399/15/28 402/14/24 400/14/28
f 392/14/6 398/15/10 391/15/6
f 398/15/10 392/14/6 397/14/10
f 395/14/27 401/15/24 396/15/27
f 401/15/24 395/14/27 402/14/24
f 397/14/15 395/14/15 393/14/15
f 395/14/15 397/14/15 392/14/15
f 395/14/15 392/14/15 402/14/15
f 402/14/15 392/14/15 388/14/15
f 402/14/15 388/14/15 400/14/15
f 400/14/15 388/14/15 390/14/15
f 396/15/14 398/15/14 394/15/14
f 398/15/14 396/15/14 401/15/14
f 398/15/14 401/15/14 391/15/14
f 391/15/14 401/15/14 399/15/14
f 391/15/14 399/15/14 387/15/14
f 387/15/14 399/15/14 389/15/14
f 405/17/57 404/18/58 403/17/57
f 404/18/58 405/17/57 406/18/58
f 407/18/59 404/18/58 406/18/58
f 404/18/58 407/18/59 408/18/59
f 407/18/59 409/17/60 408/18/59
f 409/17/60 407/18/59 410/17/60
f 409/17/60 405/17/57 403/17/57
f 405/17/57 409/17/60 410/17/60
f 413/7/61 412/8/4 411/7/4
f 412/8/4 413/7/61 414/8/61
f 415/14/62 20/14/63 19/14/62
f 20/14/63 415/14/62 416/14/63
f 22/19/64 418/20/65 417/19/64
f 418/20/65 22/19/64 23/20/65
f 12/15/67 419/15/66 11/15/66
f 419/15/66 12/15/67 420/15/67
f 16/20/68 422/19/69 421/20/68
f 422/19/69 16/20/68 14/19/69
f 23/20/65 416/14/63 418/20/65
f 416/14/63 23/20/65 20/14/63
f 420/15/67 22/19/64 417/19/64
f 22/19/64 420/15/67 12/15/67
f 422/19/69 11/15/66 419/15/66
f 11/15/66 422/19/69 14/19/69
f 19/14/62 421/20/68 415/14/62
f 421/20/68 19/14/62 16/20/68
f 417/19/4 419/15/4 420/15/4
f 419/15/4 417/19/4 422/19/4
f 422/19/4 417/19/4 409/17/4
f 409/17/4 417/19/4 418/20/4
f 403/17/4 422/19/4 409/17/4
f 409/17/4 418/20/4 408/18/4
f 422/19/4 403/17/4 421/20/4
f 408/18/4 418/20/4 404/18/4
f 421/20/4 403/17/4 404/18/4
f 421/20/4 404/18/4 418/20/4
f 421/20/4 418/20/4 416/14/4
f 421/20/4 416/14/4 415/14/4
f 425/7/3 424/8/70 423/7/70
f 424/8/70 425/7/3 426/8/3
f 423/7/70 414/8/61 413/7/61
f 414/8/61 423/7/70 424/8/70
f 414/8/15 17/8/15 412/8/15
f 17/8/15 414/8/15 7/8/15
f 7/8/15 414/8/15 424/8/15
f 7/8/15 424/8/15 9/8/15
f 9/8/15 424/8/15 426/8/15
f 425/7/14 411/7/14 427/7/14
f 411/7/14 425/7/14 413/7/14
f 413/7/14 425/7/14 423/7/14
f 430/21/57 429/22/58 428/21/57
f 429/22/58 430/21/57 431/22/58
f 432/22/59 429/22/58 431/22/58
f 429/22/58 432/22/59 433/22/59
f 434/21/60 430/21/57 428/21/57
f 430/21/57 434/21/60 435/21/60
f 432/22/59 434/21/60 433/22/59
f 434/21/60 432/22/59 435/21/60
f 434/21/4 436/23/4 433/22/4
f 433/22/4 436/23/4 429/22/4
f 434/21/4 437/7/4 436/23/4
f 438/23/4 429/22/4 436/23/4
f 437/7/4 434/21/4 439/7/4
f 438/23/4 428/21/4 429/22/4
f 439/7/4 428/21/4 438/23/4
f 428/21/4 439/7/4 434/21/4
f 455/7/14 474/7/14 445/7/14
f 445/7/14 474/7/14 447/7/14
f 447/7/14 474/7/14 442/7/14
f 442/7/14 461/7/14 440/7/14
f 442/7/14 474/7/14 461/7/14
f 461/7/14 474/7/14 449/7/14
f 451/7/14 449/7/14 474/7/14
f 463/13/75 462/13/75 473/10/9
f 467/24/77 473/10/9 462/13/75
f 473/10/9 467/24/77 472/19/9
f 466/24/77 472/19/9 467/24/77
f 469/24/78 464/13/76 468/24/78
f 468/24/78 464/13/76 471/19/5
f 471/19/5 464/13/76 470/10/5
f 465/13/76 470/10/5 464/13/76
f 469/24/78 468/24/78 467/24/77
f 466/24/77 467/24/77 468/24/78
f 465/13/76 464/13/76 463/13/75
f 462/13/75 463/13/75 464/13/76
f 33/14/73 32/20/71 457/14/73
f 454/20/71 457/14/73 32/20/71
f 35/20/74 34/14/72 456/20/74
f 458/14/72 456/20/74 34/14/72
f 36/8/5 35/20/74 459/8/5
f 456/20/74 459/8/5 35/20/74
f 33/14/73 457/14/73 34/14/72
f 458/14/72 34/14/72 457/14/73
f 36/8/15 459/8/15 26/8/15
f 459/8/15 460/8/15 26/8/15
f 26/8/15 460/8/15 28/8/15
f 460/8/15 448/8/15 28/8/15
f 450/8/15 28/8/15 448/8/15
f 449/7/26 448/8/26 461/7/25
f 460/8/25 461/7/25 448/8/26
f 461/7/25 460/8/25 440/7/6
f 459/8/6 440/7/6 460/8/25
f 440/7/6 459/8/6 441/18/6
f 456/20/6 441/18/6 459/8/6
f 458/14/6 457/14/6 456/20/6
f 457/14/6 454/20/6 456/20/6
f 454/20/6 441/18/6 456/20/6
f 441/18/6 454/20/6 444/18/6
f 454/20/6 452/8/6 444/18/6
f 444/18/6 452/8/6 445/7/6
f 452/8/6 453/8/6 445/7/6
f 455/7/6 445/7/6 453/8/6
f 32/20/71 30/8/9 454/20/71
f 452/8/9 454/20/71 30/8/9
f 29/8/15 453/8/15 30/8/15
f 452/8/15 30/8/15 453/8/15
f 451/7/5 450/8/5 449/7/26
f 448/8/26 449/7/26 450/8/5
f 444/18/14 446/18/14 441/18/14
f 443/18/14 441/18/14 446/18/14
f 447/7/5 446/18/5 445/7/5
f 444/18/5 445/7/5 446/18/5
f 443/18/9 442/7/9 441/18/9
f 440/7/9 441/18/9 442/7/9
f 477/7/76 476/7/75 475/7/75
f 476/7/75 477/7/76 478/7/76
f 480/9/77 476/7/75 479/9/77
f 476/7/75 480/9/77 475/7/75
f 477/7/76 481/9/78 478/7/76
f 481/9/78 477/7/76 482/9/78
f 481/9/78 480/9/77 479/9/77
f 480/9/77 481/9/78 482/9/78
f 481/9/6 476/7/6 478/7/6
f 476/7/6 481/9/6 479/9/6
f 485/15/24 484/14/24 483/15/24
f 484/14/24 485/15/24 486/14/24
f 489/14/11 488/15/10 487/15/11
f 488/15/10 489/14/11 490/14/10
f 483/15/5 489/14/11 487/15/11
f 489/14/11 483/15/5 484/14/5
f 489/14/15 486/14/15 490/14/15
f 486/14/15 489/14/15 484/14/15
f 483/15/14 488/15/14 485/15/14
f 488/15/14 483/15/14 487/15/14
f 486/14/9 488/15/10 490/14/10
f 488/15/10 486/14/9 485/15/9
f 493/17/79 492/18/80 491/17/79
f 492/18/80 493/17/79 494/18/80
f 495/18/81 492/18/80 494/18/80
f 492/18/80 495/18/81 496/18/81
f 495/18/81 497/17/82 496/18/81
f 497/17/82 495/18/81 498/17/82
f 497/17/82 493/17/79 491/17/79
f 493/17/79 497/17/82 498/17/82
f 501/7/22 500/8/8 499/7/8
f 500/8/8 501/7/22 502/8/22
f 503/14/83 50/14/84 49/14/83
f 50/14/84 503/14/83 504/14/84
f 52/19/85 506/20/86 505/19/85
f 506/20/86 52/19/85 53/20/86
f 42/15/88 507/15/87 41/15/87
f 507/15/87 42/15/88 508/15/88
f 46/20/89 510/19/90 509/20/89
f 510/19/90 46/20/89 44/19/90
f 53/20/86 504/14/84 506/20/86
f 504/14/84 53/20/86 50/14/84
f 508/15/88 52/19/85 505/19/85
f 52/19/85 508/15/88 42/15/88
f 510/19/90 41/15/87 507/15/87
f 41/15/87 510/19/90 44/19/90
f 49/14/83 509/20/89 503/14/83
f 509/20/89 49/14/83 46/20/89
f 505/19/8 507/15/8 508/15/8
f 507/15/8 505/19/8 510/19/8
f 510/19/8 505/19/8 497/17/8
f 497/17/8 505/19/8 506/20/8
f 491/17/8 510/19/8 497/17/8
f 497/17/8 506/20/8 496/18/8
f 510/19/8 491/17/8 509/20/8
f 496/18/8 506/20/8 492/18/8
f 509/20/8 491/17/8 492/18/8
f 509/20/8 492/18/8 506/20/8
f 509/20/8 506/20/8 504/14/8
f 509/20/8 504/14/8 503/14/8
f 513/7/7 512/8/23 511/7/23
f 512/8/23 513/7/7 514/8/7
f 511/7/23 502/8/22 501/7/22
f 502/8/22 511/7/23 512/8/23
f 502/8/15 47/8/15 500/8/15
f 47/8/15 502/8/15 37/8/15
f 37/8/15 502/8/15 512/8/15
f 37/8/15 512/8/15 39/8/15
f 39/8/15 512/8/15 514/8/15
f 515/7/14 501/7/14 499/7/14
f 501/7/14 515/7/14 513/7/14
f 501/7/14 513/7/14 511/7/14
f 518/21/79 517/22/80 516/21/79
f 517/22/80 518/21/79 519/22/80
f 520/22/81 517/22/80 519/22/80
f 517/22/80 520/22/81 521/22/81
f 522/21/82 518/21/79 516/21/79
f 518/21/79 522/21/82 523/21/82
f 520/22/81 522/21/82 521/22/81
f 522/21/82 520/22/81 523/21/82
f 522/21/8 524/23/8 521/22/8
f 521/22/8 524/23/8 517/22/8
f 522/21/8 525/7/8 524/23/8
f 526/23/8 517/22/8 524/23/8
f 525/7/8 522/21/8 527/7/8
f 526/23/8 516/21/8 517/22/8
f 527/7/8 516/21/8 526/23/8
f 516/21/8 527/7/8 522/21/8
f 530/17/57 529/18/58 528/17/57
f 529/18/58 530/17/57 531/18/58
f 532/18/59 529/18/58 531/18/58
f 529/18/58 532/18/59 533/18/59
f 532/18/59 534/17/60 533/18/59
f 534/17/60 532/18/59 535/17/60
f 534/17/60 530/17/57 528/17/57
f 530/17/57 534/17/60 535/17/60
f 538/7/61 537/8/4 536/7/4
f 537/8/4 538/7/61 539/8/61
f 540/14/62 68/14/63 67/14/62
f 68/14/63 540/14/62 541/14/63
f 70/19/64 543/20/65 542/19/64
f 543/20/65 70/19/64 71/20/65
f 60/15/67 544/15/66 59/15/66
f 544/15/66 60/15/67 545/15/67
f 64/20/68 547/19/69 546/20/68
f 547/19/69 64/20/68 62/19/69
f 71/20/65 541/14/63 543/20/65
f 541/14/63 71/20/65 68/14/63
f 545/15/67 70/19/64 542/19/64
f 70/19/64 545/15/67 60/15/67
f 547/19/69 59/15/66 544/15/66
f 59/15/66 547/19/69 62/19/69
f 67/14/62 546/20/68 540/14/62
f 546/20/68 67/14/62 64/20/68
f 542/19/4 544/15/4 545/15/4
f 544/15/4 542/19/4 547/19/4
f 547/19/4 542/19/4 534/17/4
f 534/17/4 542/19/4 543/20/4
f 528/17/4 547/19/4 534/17/4
f 534/17/4 543/20/4 533/18/4
f 547/19/4 528/17/4 546/20/4
f 533/18/4 543/20/4 529/18/4
f 546/20/4 528/17/4 529/18/4
f 546/20/4 529/18/4 543/20/4
f 546/20/4 543/20/4 541/14/4
f 546/20/4 541/14/4 540/14/4
f 550/7/3 549/8/70 548/7/70
f 549/8/70 550/7/3 551/8/3
f 548/7/70 539/8/61 538/7/61
f 539/8/61 548/7/70 549/8/70
f 539/8/15 65/8/15 537/8/15
f 65/8/15 539/8/15 55/8/15
f 55/8/15 539/8/15 549/8/15
f 55/8/15 549/8/15 57/8/15
f 57/8/15 549/8/15 551/8/15
f 552/7/14 538/7/14 536/7/14
f 538/7/14 552/7/14 550/7/14
f 538/7/14 550/7/14 548/7/14
f 555/21/57 554/22/58 553/21/57
f 554/22/58 555/21/57 556/22/58
f 557/22/59 554/22/58 556/22/58
f 554/22/58 557/22/59 558/22/59
f 559/21/60 555/21/57 553/21/57
f 555/21/57 559/21/60 560/21/60
f 557/22/59 559/21/60 558/22/59
f 559/21/60 557/22/59 560/21/60
f 559/21/4 561/23/4 558/22/4
f 558/22/4 561/23/4 554/22/4
f 559/21/4 562/7/4 561/23/4
f 563/23/4 554/22/4 561/23/4
f 562/7/4 559/21/4 564/7/4
f 563/23/4 553/21/4 554/22/4
f 564/7/4 553/21/4 563/23/4
f 553/21/4 564/7/4 559/21/4
f 567/7/14 566/7/14 565/7/14
f 566/7/14 567/7/14 568/7/14
f 568/7/14 567/7/14 569/7/14
f 569/7/14 567/7/14 108/7/14
f 569/7/14 108/7/14 570/7/14
f 572/8/9 566/7/9 571/8/9
f 566/7/9 572/8/9 565/7/9
f 571/8/10 568/7/10 573/8/10
f 568/7/10 571/8/10 566/7/10
f 574/8/6 568/7/6 569/7/6
f 568/7/6 574/8/6 573/8/6
f 89/8/15 574/8/15 575/8/15
f 82/8/15 574/8/15 89/8/15
f 80/8/15 574/8/15 82/8/15
f 80/8/15 573/8/15 574/8/15
f 74/8/15 573/8/15 80/8/15
f 74/8/15 571/8/15 573/8/15
f 571/8/15 74/8/15 572/8/15
f 76/8/15 572/8/15 74/8/15
f 575/8/11 569/7/11 570/7/11
f 569/7/11 575/8/11 574/8/11
f 578/18/75 577/17/77 576/18/75
f 577/17/77 578/18/75 579/17/77
f 578/18/75 581/18/76 580/18/76
f 581/18/76 578/18/75 576/18/75
f 582/17/78 580/18/76 581/18/76
f 580/18/76 582/17/78 583/17/78
f 577/17/77 583/17/78 582/17/78
f 583/17/78 577/17/77 579/17/77
f 83/15/92 584/15/91 84/15/91
f 584/15/91 83/15/92 585/15/92
f 78/20/71 587/19/93 586/20/71
f 587/19/93 78/20/71 79/19/93
f 589/14/72 88/14/73 588/14/73
f 88/14/73 589/14/72 86/14/72
f 591/19/94 85/20/74 590/20/74
f 85/20/74 591/19/94 81/19/94
f 590/20/74 86/14/72 589/14/72
f 86/14/72 590/20/74 85/20/74
f 84/15/91 587/19/93 79/19/93
f 587/19/93 84/15/91 584/15/91
f 588/14/73 78/20/71 586/20/71
f 78/20/71 588/14/73 88/14/73
f 81/19/94 585/15/92 83/15/92
f 585/15/92 81/19/94 591/19/94
f 591/19/6 584/15/6 585/15/6
f 584/15/6 591/19/6 587/19/6
f 587/19/6 591/19/6 577/17/6
f 577/17/6 591/19/6 590/20/6
f 582/17/6 587/19/6 577/17/6
f 577/17/6 590/20/6 576/18/6
f 587/19/6 582/17/6 586/20/6
f 576/18/6 590/20/6 581/18/6
f 586/20/6 582/17/6 581/18/6
f 586/20/6 581/18/6 590/20/6
f 586/20/6 590/20/6 589/14/6
f 586/20/6 589/14/6 588/14/6
f 594/21/78 593/22/76 592/22/76
f 593/22/76 594/21/78 595/21/78
f 598/22/75 597/21/77 596/22/75
f 597/21/77 598/22/75 599/21/77
f 597/21/77 595/21/78 594/21/78
f 595/21/78 597/21/77 599/21/77
f 598/22/75 592/22/76 593/22/76
f 592/22/76 598/22/75 596/22/75
f 597/21/6 578/23/6 596/22/6
f 596/22/6 578/23/6 592/22/6
f 597/21/6 579/7/6 578/23/6
f 600/23/6 592/22/6 578/23/6
f 579/7/6 597/21/6 601/7/6
f 600/23/6 594/21/6 592/22/6
f 601/7/6 594/21/6 600/23/6
f 594/21/6 601/7/6 597/21/6
f 604/7/14 603/7/14 602/7/14
f 603/7/14 604/7/14 605/7/14
f 605/7/14 604/7/14 606/7/14
f 606/7/14 604/7/14 607/7/14
f 606/7/14 607/7/14 608/7/14
f 610/8/9 603/7/9 609/8/9
f 603/7/9 610/8/9 602/7/9
f 609/8/10 605/7/10 611/8/10
f 605/7/10 609/8/10 603/7/10
f 612/8/6 605/7/6 606/7/6
f 605/7/6 612/8/6 611/8/6
f 107/8/15 612/8/15 613/8/15
f 100/8/15 612/8/15 107/8/15
f 98/8/15 612/8/15 100/8/15
f 98/8/15 611/8/15 612/8/15
f 92/8/15 611/8/15 98/8/15
f 92/8/15 609/8/15 611/8/15
f 609/8/15 92/8/15 610/8/15
f 94/8/15 610/8/15 92/8/15
f 613/8/11 606/7/11 608/7/11
f 606/7/11 613/8/11 612/8/11
f 616/18/75 615/17/77 614/18/75
f 615/17/77 616/18/75 617/17/77
f 616/18/75 619/18/76 618/18/76
f 619/18/76 616/18/75 614/18/75
f 620/17/78 618/18/76 619/18/76
f 618/18/76 620/17/78 621/17/78
f 615/17/77 621/17/78 620/17/78
f 621/17/78 615/17/77 617/17/77
f 101/15/92 622/15/91 102/15/91
f 622/15/91 101/15/92 623/15/92
f 96/20/71 625/19/93 624/20/71
f 625/19/93 96/20/71 97/19/93
f 627/14/72 106/14/73 626/14/73
f 106/14/73 627/14/72 104/14/72
f 629/19/94 103/20/74 628/20/74
f 103/20/74 629/19/94 99/19/94
f 628/20/74 104/14/72 627/14/72
f 104/14/72 628/20/74 103/20/74
f 102/15/91 625/19/93 97/19/93
f 625/19/93 102/15/91 622/15/91
f 626/14/73 96/20/71 624/20/71
f 96/20/71 626/14/73 106/14/73
f 99/19/94 623/15/92 101/15/92
f 623/15/92 99/19/94 629/19/94
f 629/19/6 622/15/6 623/15/6
f 622/15/6 629/19/6 625/19/6
f 625/19/6 629/19/6 615/17/6
f 615/17/6 629/19/6 628/20/6
f 620/17/6 625/19/6 615/17/6
f 615/17/6 628/20/6 614/18/6
f 625/19/6 620/17/6 624/20/6
f 614/18/6 628/20/6 619/18/6
f 624/20/6 620/17/6 619/18/6
f 624/20/6 619/18/6 628/20/6
f 624/20/6 628/20/6 627/14/6
f 624/20/6 627/14/6 626/14/6
f 632/21/78 631/22/76 630/22/76
f 631/22/76 632/21/78 633/21/78
f 636/22/75 635/21/77 634/22/75
f 635/21/77 636/22/75 637/21/77
f 635/21/77 633/21/78 632/21/78
f 633/21/78 635/21/77 637/21/77
f 636/22/75 630/22/76 631/22/76
f 630/22/76 636/22/75 634/22/75
f 635/21/6 616/23/6 634/22/6
f 634/22/6 616/23/6 630/22/6
f 635/21/6 617/7/6 616/23/6
f 638/23/6 630/22/6 616/23/6
f 617/7/6 635/21/6 639/7/6
f 638/23/6 632/21/6 630/22/6
f 639/7/6 632/21/6 638/23/6
f 632/21/6 639/7/6 635/21/6
f 642/17/78 641/18/76 640/17/78
f 641/18/76 642/17/78 643/18/76
f 644/18/75 641/18/76 643/18/76
f 641/18/76 644/18/75 645/18/75
f 644/18/75 646/17/77 645/18/75
f 646/17/77 644/18/75 647/17/77
f 646/17/77 642/17/78 640/17/78
f 642/17/78 646/17/77 647/17/77
f 650/7/25 649/8/6 648/7/6
f 649/8/6 650/7/25 651/8/25
f 652/14/73 122/14/72 121/14/73
f 122/14/72 652/14/73 653/14/72
f 124/19/94 655/20/74 654/19/94
f 655/20/74 124/19/94 125/20/74
f 114/15/92 656/15/91 113/15/91
f 656/15/91 114/15/92 657/15/92
f 118/20/71 659/19/93 658/20/71
f 659/19/93 118/20/71 116/19/93
f 125/20/74 653/14/72 655/20/74
f 653/14/72 125/20/74 122/14/72
f 657/15/92 124/19/94 654/19/94
f 124/19/94 657/15/92 114/15/92
f 659/19/93 113/15/91 656/15/91
f 113/15/91 659/19/93 116/19/93
f 121/14/73 658/20/71 652/14/73
f 658/20/71 121/14/73 118/20/71
f 654/19/6 656/15/6 657/15/6
f 656/15/6 654/19/6 659/19/6
f 659/19/6 654/19/6 646/17/6
f 646/17/6 654/19/6 655/20/6
f 640/17/6 659/19/6 646/17/6
f 646/17/6 655/20/6 645/18/6
f 659/19/6 640/17/6 658/20/6
f 645/18/6 655/20/6 641/18/6
f 658/20/6 640/17/6 641/18/6
f 658/20/6 641/18/6 655/20/6
f 658/20/6 655/20/6 653/14/6
f 658/20/6 653/14/6 652/14/6
f 662/7/5 661/8/26 660/7/26
f 661/8/26 662/7/5 663/8/5
f 660/7/26 651/8/25 650/7/25
f 651/8/25 660/7/26 661/8/26
f 651/8/15 119/8/15 649/8/15
f 119/8/15 651/8/15 109/8/15
f 109/8/15 651/8/15 661/8/15
f 109/8/15 661/8/15 111/8/15
f 111/8/15 661/8/15 663/8/15
f 664/7/14 650/7/14 648/7/14
f 650/7/14 664/7/14 662/7/14
f 650/7/14 662/7/14 660/7/14
f 667/21/78 666/22/76 665/21/78
f 666/22/76 667/21/78 668/22/76
f 669/22/75 666/22/76 668/22/76
f 666/22/76 669/22/75 670/22/75
f 671/21/77 667/21/78 665/21/78
f 667/21/78 671/21/77 672/21/77
f 669/22/75 671/21/77 670/22/75
f 671/21/77 669/22/75 672/21/77
f 671/21/6 673/23/6 670/22/6
f 670/22/6 673/23/6 666/22/6
f 671/21/6 674/7/6 673/23/6
f 675/23/6 666/22/6 673/23/6
f 674/7/6 671/21/6 676/7/6
f 675/23/6 665/21/6 666/22/6
f 676/7/6 665/21/6 675/23/6
f 665/21/6 676/7/6 671/21/6
f 136/25/15 150/25/15 677/25/15
f 148/25/15 677/25/15 150/25/15
f 162/25/15 677/25/15 148/25/15
f 677/25/15 162/25/15 155/25/15
f 181/25/15 678/25/15 179/25/15
f 678/25/15 181/25/15 167/25/15
f 188/25/15 186/25/15 187/25/15
f 186/25/15 188/25/15 679/25/15
f 679/25/15 188/25/15 190/25/15
f 679/25/15 190/25/15 191/25/15
f 679/25/15 191/25/15 193/25/15
f 442/25/6 468/30/6 447/25/6
f 446/27/6 447/25/6 468/30/6
f 468/30/6 442/25/6 466/30/6
f 471/29/6 446/27/6 468/30/6
f 443/27/6 466/30/6 442/25/6
f 472/29/6 466/30/6 443/27/6
f 470/28/6 446/27/6 471/29/6
f 471/29/6 472/29/6 470/28/6
f 473/28/6 472/29/6 443/27/6
f 473/28/6 470/28/6 472/29/6
f 463/26/6 473/28/6 443/27/6
f 446/27/6 463/26/6 443/27/6
f 463/26/6 446/27/6 465/26/6
f 465/26/6 446/27/6 470/28/6
f 326/31/15 325/31/15 324/31/15
f 325/31/15 326/31/15 323/31/15
f 323/31/15 326/31/15 327/31/15
f 323/31/15 327/31/15 328/31/15
f 323/31/15 328/31/15 321/31/15
f 323/31/15 321/31/15 322/31/15
f 682/32/97 681/32/96 680/32/95
f 681/32/96 682/32/97 683/32/98
f 683/32/98 682/32/97 684/32/99
f 683/32/98 684/32/99 685/32/100
f 688/34/103 687/33/102 686/33/101
f 687/33/102 688/34/103 689/34/104
f 691/33/106 689/34/104 690/34/105
f 689/34/104 691/33/106 687/33/102
f 686/33/101 692/34/107 688/34/103
f 692/34/107 686/33/101 693/33/108
f 693/33/108 694/34/109 692/34/107
f 694/34/109 693/33/108 695/33/110
f 697/33/112 690/34/105 696/34/111
f 690/34/105 697/33/112 691/33/106
f 697/33/112 694/34/109 695/33/110
f 694/34/109 697/33/112 696/34/111
f 687/33/102 684/32/99 686/33/101
f 684/32/99 687/33/102 685/32/100
f 681/32/96 691/33/106 697/33/112
f 691/33/106 681/32/96 683/32/98
f 680/32/95 697/33/112 695/33/110
f 697/33/112 680/32/95 681/32/96
f 683/32/98 687/33/102 691/33/106
f 687/33/102 683/32/98 685/32/100
f 682/32/97 695/33/110 693/33/108
f 695/33/110 682/32/97 680/32/95
f 684/32/99 693/33/108 686/33/101
f 693/33/108 684/32/99 682/32/97
f 700/32/115 699/32/114 698/32/113
f 699/32/114 700/32/115 701/32/116
f 701/32/116 700/32/115 702/32/117
f 701/32/116 702/32/117 703/32/118
f 706/34/121 705/33/120 704/33/119
f 705/33/120 706/34/121 707/34/122
f 709/33/124 707/34/122 708/34/123
f 707/34/122 709/33/124 705/33/120
f 704/33/119 710/34/125 706/34/121
f 710/34/125 704/33/119 711/33/126
f 711/33/126 712/34/127 710/34/125
f 712/34/127 711/33/126 713/33/128
f 715/33/130 708/34/123 714/34/129
f 708/34/123 715/33/130 709/33/124
f 715/33/130 712/34/127 713/33/128
f 712/34/127 715/33/130 714/34/129
f 705/33/120 702/32/117 704/33/119
f 702/32/117 705/33/120 703/32/118
f 699/32/114 709/33/124 715/33/130
f 709/33/124 699/32/114 701/32/116
f 698/32/113 715/33/130 713/33/128
f 715/33/130 698/32/113 699/32/114
f 701/32/116 705/33/120 709/33/124
f 705/33/120 701/32/116 703/32/118
f 700/32/115 713/33/128 711/33/126
f 713/33/128 700/32/115 698/32/113
f 702/32/117 711/33/126 704/33/119
f 711/33/126 702/32/117 700/32/115
f 432/36/4 430/35/4 435/35/4
f 430/35/4 432/36/4 431/36/4
f 462/38/6 464/38/6 467/37/6
f 469/37/6 467/37/6 464/38/6
f 520/36/8 518/35/8 523/35/8
f 518/35/8 520/36/8 519/36/8
f 557/36/4 555/35/4 560/35/4
f 555/35/4 557/36/4 556/36/4
f 598/36/6 595/35/6 599/35/6
f 595/35/6 598/36/6 593/36/6
f 636/36/6 633/35/6 637/35/6
f 633/35/6 636/36/6 631/36/6
f 669/36/6 667/35/6 672/35/6
f 667/35/6 669/36/6 668/36/6
usemtl plaster
f 6/453/2 5/454/2 3/455/2
f 1/456/2 3/457/2 5/458/2
f 4/459/1 3/460/1 2/461/1
f 1/462/1 2/463/1 3/464/1
f 9/465/3 8/466/3 7/467/3
f 8/468/3 9/469/3 10/470/3
f 13/471/4 12/472/4 11/473/4
f 14/474/4 13/475/4 11/476/4
f 15/477/4 13/478/4 14/479/4
f 15/480/4 14/481/4 16/482/4
f 13/483/4 17/484/4 12/485/4
f 17/486/4 13/487/4 15/488/4
f 15/489/4 16/490/4 18/491/4
f 15/492/4 18/493/4 8/494/4
f 18/495/4 16/496/4 19/497/4
f 19/498/4 8/499/4 18/500/4
f 20/501/4 8/502/4 19/503/4
f 12/504/4 17/505/4 21/506/4
f 7/507/4 21/508/4 17/509/4
f 21/510/4 7/511/4 8/512/4
f 22/513/4 12/514/4 21/515/4
f 21/516/4 8/517/4 22/518/4
f 22/519/4 8/520/4 23/521/4
f 24/522/4 8/523/4 20/524/4
f 23/525/4 8/526/4 24/527/4
f 20/528/4 23/529/4 24/530/4
f 36/531/6 26/532/6 35/533/6
f 25/534/6 35/535/6 26/536/6
f 34/537/6 35/538/6 25/539/6
f 31/540/6 34/541/6 25/542/6
f 34/543/6 31/544/6 33/545/6
f 33/546/6 31/547/6 32/548/6
f 32/549/6 31/550/6 30/551/6
f 29/552/6 30/553/6 31/554/6
f 28/555/5 27/556/5 26/557/5
f 25/558/5 26/559/5 27/560/5
f 39/561/7 38/562/7 37/563/7
f 38/564/7 39/565/7 40/566/7
f 43/567/8 42/568/8 41/569/8
f 44/570/8 43/571/8 41/572/8
f 45/573/8 43/574/8 44/575/8
f 45/576/8 44/577/8 46/578/8
f 43/579/8 47/580/8 42/581/8
f 47/582/8 43/583/8 45/584/8
f 45/585/8 46/586/8 48/587/8
f 45/588/8 48/589/8 38/590/8
f 48/591/8 46/592/8 49/593/8
f 49/594/8 38/595/8 48/596/8
f 50/597/8 38/598/8 49/599/8
f 42/600/8 47/601/8 51/602/8
f 37/603/8 51/604/8 47/605/8
f 51/606/8 37/607/8 38/608/8
f 52/609/8 42/610/8 51/611/8
f 51/612/8 38/613/8 52/614/8
f 52/615/8 38/616/8 53/617/8
f 54/618/8 38/619/8 50/620/8
f 53/621/8 38/622/8 54/623/8
f 50/624/8 53/625/8 54/626/8
f 57/627/3 56/628/3 55/629/3
f 56/630/3 57/631/3 58/632/3
f 61/633/4 60/634/4 59/635/4
f 62/636/4 61/637/4 59/638/4
f 63/639/4 61/640/4 62/641/4
f 63/642/4 62/643/4 64/644/4
f 61/645/4 65/646/4 60/647/4
f 65/648/4 61/649/4 63/650/4
f 63/651/4 64/652/4 66/653/4
f 63/654/4 66/655/4 56/656/4
f 66/657/4 64/658/4 67/659/4
f 67/660/4 56/661/4 66/662/4
f 68/663/4 56/664/4 67/665/4
f 60/666/4 65/667/4 69/668/4
f 55/669/4 69/670/4 65/671/4
f 69/672/4 55/673/4 56/674/4
f 70/675/4 60/676/4 69/677/4
f 69/678/4 56/679/4 70/680/4
f 70/681/4 56/682/4 71/683/4
f 72/684/4 56/685/4 68/686/4
f 71/687/4 56/688/4 72/689/4
f 68/690/4 71/691/4 72/692/4
f 75/693/9 74/694/9 73/695/9
f 74/696/9 75/697/9 76/698/9
f 73/699/10 78/700/10 77/701/10
f 78/702/10 73/703/10 79/704/10
f 74/705/10 79/706/10 73/707/10
f 79/708/10 74/709/10 80/710/10
f 83/711/6 82/712/6 81/713/6
f 82/714/6 83/715/6 80/716/6
f 84/717/6 80/718/6 83/719/6
f 80/720/6 84/721/6 79/722/6
f 87/723/6 86/724/6 85/725/6
f 86/726/6 87/727/6 88/728/6
f 77/729/6 88/730/6 87/731/6
f 88/732/6 77/733/6 78/734/6
f 90/735/11 82/736/11 89/737/11
f 82/738/11 90/739/11 81/740/11
f 81/741/11 90/742/11 85/743/11
f 85/744/11 90/745/11 87/746/11
f 93/747/9 92/748/9 91/749/9
f 92/750/9 93/751/9 94/752/9
f 91/753/10 96/754/10 95/755/10
f 96/756/10 91/757/10 97/758/10
f 92/759/10 97/760/10 91/761/10
f 97/762/10 92/763/10 98/764/10
f 101/765/6 100/766/6 99/767/6
f 100/768/6 101/769/6 98/770/6
f 102/771/6 98/772/6 101/773/6
f 98/774/6 102/775/6 97/776/6
f 105/777/6 104/778/6 103/779/6
f 104/780/6 105/781/6 106/782/6
f 95/783/6 106/784/6 105/785/6
f 106/786/6 95/787/6 96/788/6
f 108/789/11 100/790/11 107/791/11
f 100/792/11 108/793/11 99/794/11
f 99/795/11 108/796/11 103/797/11
f 103/798/11 108/799/11 105/800/11
f 111/801/5 110/802/5 109/803/5
f 110/804/5 111/805/5 112/806/5
f 115/807/6 114/808/6 113/809/6
f 116/810/6 115/811/6 113/812/6
f 117/813/6 115/814/6 116/815/6
f 117/816/6 116/817/6 118/818/6
f 115/819/6 119/820/6 114/821/6
f 119/822/6 115/823/6 117/824/6
f 117/825/6 118/826/6 120/827/6
f 117/828/6 120/829/6 110/830/6
f 120/831/6 118/832/6 121/833/6
f 121/834/6 110/835/6 120/836/6
f 122/837/6 110/838/6 121/839/6
f 114/840/6 119/841/6 123/842/6
f 109/843/6 123/844/6 119/845/6
f 123/846/6 109/847/6 110/848/6
f 124/849/6 114/850/6 123/851/6
f 123/852/6 110/853/6 124/854/6
f 124/855/6 110/856/6 125/857/6
f 126/858/6 110/859/6 122/860/6
f 125/861/6 110/862/6 126/863/6
f 122/864/6 125/865/6 126/866/6
usemtl palette
f 5/8/15 134/8/15 1/8/15
f 132/8/15 1/8/15 134/8/15
f 132/8/15 129/8/15 1/8/15
f 1/8/15 129/8/15 2/8/15
f 130/8/15 2/8/15 129/8/15
f 131/7/14 133/7/14 127/7/14
f 133/7/14 135/7/14 127/7/14
f 128/7/14 127/7/14 135/7/14
f 129/8/12 132/8/13 127/7/12
f 131/7/13 127/7/12 132/8/13
f 134/8/2 133/7/2 132/8/13
f 131/7/13 132/8/13 133/7/2
f 130/8/1 129/8/12 128/7/1
f 127/7/12 128/7/1 129/8/12
f 149/9/16 147/9/16 150/7/16
f 148/7/16 150/7/16 147/9/16
f 154/9/21 153/10/21 152/9/20
f 151/10/20 152/9/20 153/10/21
f 141/9/17 140/10/17 154/9/21
f 153/10/21 154/9/21 140/10/17
f 154/9/15 152/9/15 141/9/15
f 141/9/15 152/9/15 138/9/15
f 138/9/15 152/9/15 149/9/15
f 149/9/15 152/9/15 147/9/15
f 145/9/15 147/9/15 152/9/15
f 144/10/14 146/10/14 143/10/14
f 151/10/14 143/10/14 146/10/14
f 153/10/14 140/10/14 151/10/14
f 151/10/14 140/10/14 143/10/14
f 139/10/14 143/10/14 140/10/14
f 145/9/18 152/9/20 146/10/18
f 151/10/20 146/10/18 152/9/20
f 136/7/19 138/9/19 150/7/19
f 149/9/19 150/7/19 138/9/19
f 148/7/19 147/9/19 45/7/19
f 45/7/19 147/9/19 144/10/19
f 144/10/19 147/9/19 146/10/19
f 145/9/19 146/10/19 147/9/19
f 144/10/18 143/10/18 45/7/18
f 142/7/18 45/7/18 143/10/18
f 139/10/17 137/7/17 143/10/17
f 142/7/17 143/10/17 137/7/17
f 141/9/16 138/9/16 140/10/16
f 140/10/16 138/9/16 139/10/16
f 139/10/16 138/9/16 137/7/16
f 136/7/16 137/7/16 138/9/16
f 156/9/16 40/7/16 155/7/16
f 40/7/16 156/9/16 157/10/16
f 157/10/16 156/9/16 158/10/16
f 158/10/16 156/9/16 159/9/16
f 40/7/19 160/10/19 38/7/19
f 160/10/19 40/7/19 157/10/19
f 160/10/18 45/7/18 38/7/18
f 45/7/18 160/10/18 144/10/18
f 147/9/17 146/10/17 145/9/17
f 146/10/17 147/9/17 144/10/17
f 144/10/17 147/9/17 45/7/17
f 45/7/17 147/9/17 148/7/17
f 156/9/17 162/7/17 161/9/17
f 162/7/17 156/9/17 155/7/17
f 164/9/22 146/10/18 163/10/22
f 146/10/18 164/9/22 145/9/18
f 158/10/14 160/10/14 157/10/14
f 165/10/14 160/10/14 158/10/14
f 163/10/14 160/10/14 165/10/14
f 146/10/14 160/10/14 163/10/14
f 160/10/14 146/10/14 144/10/14
f 164/9/15 147/9/15 145/9/15
f 147/9/15 164/9/15 161/9/15
f 161/9/15 164/9/15 156/9/15
f 156/9/15 164/9/15 159/9/15
f 159/9/15 164/9/15 166/9/15
f 158/10/19 166/9/23 165/10/23
f 166/9/23 158/10/19 159/9/19
f 165/10/23 164/9/22 163/10/22
f 164/9/22 165/10/23 166/9/23
f 147/9/16 162/7/16 148/7/16
f 162/7/16 147/9/16 161/9/16
f 169/9/24 168/7/24 167/7/24
f 168/7/24 169/9/24 170/10/24
f 170/10/24 169/9/24 171/10/24
f 171/10/24 169/9/24 172/9/24
f 168/7/5 174/10/5 173/7/5
f 174/10/5 168/7/5 170/10/5
f 174/10/6 117/7/6 173/7/6
f 117/7/6 174/10/6 175/10/6
f 178/9/9 177/10/9 176/9/9
f 177/10/9 178/9/9 175/10/9
f 175/10/9 178/9/9 117/7/9
f 117/7/9 178/9/9 179/7/9
f 169/9/9 181/7/9 180/9/9
f 181/7/9 169/9/9 167/7/9
f 183/9/25 177/10/6 182/10/25
f 177/10/6 183/9/25 176/9/6
f 171/10/14 174/10/14 170/10/14
f 174/10/14 171/10/14 182/10/14
f 182/10/14 171/10/14 184/10/14
f 177/10/14 174/10/14 182/10/14
f 174/10/14 177/10/14 175/10/14
f 183/9/15 178/9/15 176/9/15
f 178/9/15 183/9/15 180/9/15
f 180/9/15 183/9/15 169/9/15
f 169/9/15 183/9/15 172/9/15
f 172/9/15 183/9/15 185/9/15
f 171/10/5 185/9/26 184/10/26
f 185/9/26 171/10/5 172/9/5
f 184/10/26 183/9/25 182/10/25
f 183/9/25 184/10/26 185/9/26
f 178/9/24 181/7/24 179/7/24
f 181/7/24 178/9/24 180/9/24
f 186/7/14 73/7/14 75/7/14
f 73/7/14 186/7/14 187/7/14
f 73/7/14 187/7/14 77/7/14
f 77/7/14 187/7/14 188/7/14
f 77/7/14 188/7/14 189/7/14
f 189/7/14 188/7/14 190/7/14
f 189/7/14 190/7/14 191/7/14
f 189/7/14 191/7/14 192/7/14
f 192/7/14 191/7/14 193/7/14
f 194/9/24 193/7/24 191/7/24
f 193/7/24 194/9/24 195/10/24
f 195/10/24 194/9/24 196/10/24
f 196/10/24 194/9/24 197/9/24
f 198/9/27 191/7/27 190/7/27
f 191/7/27 198/9/27 194/9/27
f 199/9/24 190/7/24 188/7/24
f 190/7/24 199/9/24 198/9/24
f 187/7/28 199/9/28 188/7/28
f 199/9/28 187/7/28 200/9/28
f 186/7/5 200/9/5 187/7/5
f 200/9/5 186/7/5 201/9/5
f 203/10/9 73/7/9 202/10/9
f 73/7/9 203/10/9 75/7/9
f 202/10/10 77/7/10 204/10/10
f 77/7/10 202/10/10 73/7/10
f 205/10/6 77/7/6 189/7/6
f 77/7/6 205/10/6 204/10/6
f 206/10/11 189/7/11 192/7/11
f 189/7/11 206/10/11 205/10/11
f 196/10/14 206/10/14 195/10/14
f 207/10/14 206/10/14 196/10/14
f 208/10/14 206/10/14 207/10/14
f 208/10/14 205/10/14 206/10/14
f 208/10/14 204/10/14 205/10/14
f 209/10/14 204/10/14 208/10/14
f 209/10/14 202/10/14 204/10/14
f 210/10/14 202/10/14 209/10/14
f 210/10/14 203/10/14 202/10/14
f 203/10/14 210/10/14 211/10/14
f 213/9/9 210/10/29 212/9/29
f 210/10/29 213/9/9 211/10/9
f 212/9/29 209/10/30 214/9/30
f 209/10/30 212/9/29 210/10/29
f 215/9/25 209/10/30 208/10/25
f 209/10/30 215/9/25 214/9/30
f 207/10/11 215/9/25 208/10/25
f 215/9/25 207/10/11 216/9/11
f 194/9/15 216/9/15 197/9/15
f 194/9/15 215/9/15 216/9/15
f 198/9/15 215/9/15 194/9/15
f 199/9/15 215/9/15 198/9/15
f 199/9/15 214/9/15 215/9/15
f 200/9/15 214/9/15 199/9/15
f 200/9/15 212/9/15 214/9/15
f 212/9/15 200/9/15 213/9/15
f 201/9/15 213/9/15 200/9/15
f 219/7/21 218/9/26 217/7/26
f 218/9/26 219/7/21 220/9/21
f 223/9/25 222/7/30 221/7/25
f 222/7/30 223/9/25 224/9/30
f 227/9/22 226/7/20 225/7/22
f 226/7/20 227/9/22 228/9/20
f 231/9/23 230/7/29 229/9/29
f 230/7/29 231/9/23 232/7/23
f 217/7/26 223/9/25 221/7/25
f 223/9/25 217/7/26 218/9/26
f 226/7/20 220/9/21 219/7/21
f 220/9/21 226/7/20 228/9/20
f 227/9/22 232/7/23 231/9/23
f 232/7/23 227/9/22 225/7/22
f 229/9/29 222/7/30 224/9/30
f 222/7/30 229/9/29 230/7/29
f 224/9/15 231/9/15 229/9/15
f 231/9/15 224/9/15 227/9/15
f 227/9/15 224/9/15 223/9/15
f 227/9/15 223/9/15 228/9/15
f 228/9/15 223/9/15 218/9/15
f 228/9/15 218/9/15 220/9/15
f 235/12/9 234/11/32 233/11/31
f 234/11/32 235/12/9 236/12/27
f 239/11/34 238/12/5 237/11/33
f 238/12/5 239/11/34 240/12/28
f 234/11/27 242/13/24 241/13/27
f 242/13/24 234/11/27 243/11/24
f 235/12/9 245/11/35 244/12/10
f 245/11/35 235/12/9 233/11/31
f 246/12/24 239/11/34 243/11/36
f 239/11/34 246/12/24 240/12/28
f 248/12/6 245/11/35 247/11/37
f 245/11/35 248/12/6 244/12/10
f 250/12/11 247/11/37 249/11/38
f 247/11/37 250/12/11 248/12/6
f 252/9/40 235/12/9 251/9/39
f 235/12/9 252/9/40 236/12/27
f 243/11/24 253/13/28 242/13/24
f 253/13/28 243/11/24 239/11/28
f 249/11/11 255/13/6 254/13/11
f 255/13/6 249/11/11 247/11/6
f 256/13/5 249/11/11 254/13/11
f 249/11/11 256/13/5 237/11/5
f 236/12/27 243/11/36 234/11/32
f 243/11/36 236/12/27 246/12/24
f 257/9/41 248/12/6 250/12/11
f 248/12/6 257/9/41 258/9/42
f 259/9/43 235/12/9 244/12/10
f 235/12/9 259/9/43 251/9/39
f 258/9/42 244/12/10 248/12/6
f 244/12/10 258/9/42 259/9/43
f 249/11/38 238/12/5 250/12/11
f 238/12/5 249/11/38 237/11/33
f 260/9/44 240/12/28 246/12/24
f 240/12/28 260/9/44 261/9/45
f 238/12/5 257/9/41 250/12/11
f 257/9/41 238/12/5 262/9/46
f 259/9/15 252/9/15 251/9/15
f 252/9/15 259/9/15 258/9/15
f 252/9/15 258/9/15 260/9/15
f 260/9/15 258/9/15 257/9/15
f 260/9/15 257/9/15 261/9/15
f 261/9/15 257/9/15 262/9/15
f 233/11/9 263/13/10 245/11/10
f 263/13/10 233/11/9 264/13/9
f 247/11/6 263/13/10 255/13/6
f 263/13/10 247/11/6 245/11/10
f 238/12/5 261/9/45 262/9/46
f 261/9/45 238/12/5 240/12/28
f 234/11/27 264/13/9 233/11/9
f 264/13/9 234/11/27 241/13/27
f 252/9/40 246/12/24 236/12/27
f 246/12/24 252/9/40 260/9/44
f 253/13/28 237/11/5 256/13/5
f 237/11/5 253/13/28 239/11/28
f 267/12/9 266/11/32 265/11/31
f 266/11/32 267/12/9 268/12/27
f 271/11/34 270/12/5 269/11/33
f 270/12/5 271/11/34 272/12/28
f 266/11/27 274/13/24 273/13/27
f 274/13/24 266/11/27 275/11/24
f 267/12/9 277/11/35 276/12/10
f 277/11/35 267/12/9 265/11/31
f 278/12/24 271/11/34 275/11/36
f 271/11/34 278/12/24 272/12/28
f 280/12/6 277/11/35 279/11/37
f 277/11/35 280/12/6 276/12/10
f 282/12/11 279/11/37 281/11/38
f 279/11/37 282/12/11 280/12/6
f 284/9/40 267/12/9 283/9/39
f 267/12/9 284/9/40 268/12/27
f 275/11/24 285/13/28 274/13/24
f 285/13/28 275/11/24 271/11/28
f 281/11/11 287/13/6 286/13/11
f 287/13/6 281/11/11 279/11/6
f 288/13/5 281/11/11 286/13/11
f 281/11/11 288/13/5 269/11/5
f 268/12/27 275/11/36 266/11/32
f 275/11/36 268/12/27 278/12/24
f 289/9/41 280/12/6 282/12/11
f 280/12/6 289/9/41 290/9/42
f 291/9/43 267/12/9 276/12/10
f 267/12/9 291/9/43 283/9/39
f 290/9/42 276/12/10 280/12/6
f 276/12/10 290/9/42 291/9/43
f 281/11/38 270/12/5 282/12/11
f 270/12/5 281/11/38 269/11/33
f 292/9/44 272/12/28 278/12/24
f 272/12/28 292/9/44 293/9/45
f 270/12/5 289/9/41 282/12/11
f 289/9/41 270/12/5 294/9/46
f 291/9/15 284/9/15 283/9/15
f 284/9/15 291/9/15 290/9/15
f 284/9/15 290/9/15 292/9/15
f 292/9/15 290/9/15 289/9/15
f 292/9/15 289/9/15 293/9/15
f 293/9/15 289/9/15 294/9/15
f 265/11/9 295/13/10 277/11/10
f 295/13/10 265/11/9 296/13/9
f 279/11/6 295/13/10 287/13/6
f 295/13/10 279/11/6 277/11/10
f 270/12/5 293/9/45 294/9/46
f 293/9/45 270/12/5 272/12/28
f 266/11/27 296/13/9 265/11/9
f 296/13/9 266/11/27 273/13/27
f 284/9/40 278/12/24 268/12/27
f 278/12/24 284/9/40 292/9/44
f 285/13/28 269/11/5 288/13/5
f 269/11/5 285/13/28 271/11/28
f 299/9/9 298/7/47 297/9/47
f 298/7/47 299/9/9 300/7/9
f 303/9/48 302/7/49 301/7/48
f 302/7/49 303/9/48 304/9/49
f 302/7/49 306/9/10 305/7/10
f 306/9/10 302/7/49 304/9/49
f 297/9/47 305/7/10 306/9/10
f 305/7/10 297/9/47 298/7/47
f 309/7/5 308/9/50 307/7/50
f 308/9/50 309/7/5 310/9/5
f 307/7/50 312/9/11 311/7/11
f 312/9/11 307/7/50 308/9/50
f 312/9/11 301/7/48 311/7/11
f 301/7/48 312/9/11 303/9/48
f 309/7/14 298/7/14 300/7/14
f 298/7/14 309/7/14 305/7/14
f 305/7/14 309/7/14 302/7/14
f 302/7/14 309/7/14 301/7/14
f 301/7/14 309/7/14 311/7/14
f 311/7/14 309/7/14 307/7/14
f 310/9/15 312/9/15 308/9/15
f 313/9/15 312/9/15 310/9/15
f 314/9/15 312/9/15 313/9/15
f 315/9/15 312/9/15 314/9/15
f 315/9/15 303/9/15 312/9/15
f 316/9/15 303/9/15 315/9/15
f 317/9/15 303/9/15 316/9/15
f 317/9/15 304/9/15 303/9/15
f 318/9/15 304/9/15 317/9/15
f 318/9/15 306/9/15 304/9/15
f 306/9/15 318/9/15 319/9/15
f 320/9/15 306/9/15 319/9/15
f 299/9/15 306/9/15 320/9/15
f 306/9/15 299/9/15 297/9/15
f 314/9/51 321/13/27 315/9/27
f 321/13/27 314/9/51 322/13/51
f 313/9/9 322/13/51 314/9/51
f 322/13/51 313/9/9 323/13/9
f 325/13/5 319/9/52 324/13/52
f 319/9/52 325/13/5 320/9/5
f 324/13/52 318/9/28 326/13/28
f 318/9/28 324/13/52 319/9/52
f 318/9/28 327/13/53 326/13/28
f 327/13/53 318/9/28 317/9/53
f 317/9/53 328/13/54 327/13/53
f 328/13/54 317/9/53 316/9/54
f 316/9/54 321/13/27 328/13/54
f 321/13/27 316/9/54 315/9/27
f 331/15/11 330/14/6 329/14/11
f 330/14/6 331/15/11 332/15/6
f 335/15/27 334/14/9 333/15/9
f 334/14/9 335/15/27 336/14/27
f 332/15/6 337/14/10 330/14/6
f 337/14/10 332/15/6 338/15/10
f 333/15/9 337/14/10 338/15/10
f 337/14/10 333/15/9 334/14/9
f 335/15/27 339/14/24 336/14/27
f 339/14/24 335/15/27 340/15/24
f 340/15/24 341/14/28 339/14/24
f 341/14/28 340/15/24 342/15/28
f 341/14/28 344/15/5 343/14/5
f 344/15/5 341/14/28 342/15/28
f 343/14/5 331/15/11 329/14/11
f 331/15/11 343/14/5 344/15/5
f 336/14/14 337/14/14 334/14/14
f 337/14/14 336/14/14 339/14/14
f 337/14/14 339/14/14 330/14/14
f 330/14/14 339/14/14 341/14/14
f 330/14/14 341/14/14 329/14/14
f 329/14/14 341/14/14 343/14/14
f 347/15/14 346/15/14 345/15/14
f 346/15/14 347/15/14 348/15/14
f 351/14/55 350/14/15 349/14/15
f 350/14/15 351/14/55 352/14/55
f 350/14/24 347/15/24 345/15/24
f 347/15/24 350/14/24 353/16/24
f 353/16/24 350/14/24 352/14/24
f 350/14/9 346/15/9 349/14/9
f 346/15/9 350/14/9 345/15/9
f 354/16/6 346/15/6 348/15/6
f 346/15/6 354/16/6 349/14/6
f 349/14/6 354/16/6 351/14/6
f 347/15/5 354/16/56 348/15/5
f 354/16/56 347/15/5 353/16/56
f 353/16/56 351/14/55 354/16/56
f 351/14/55 353/16/56 352/14/55
f 357/15/5 356/14/11 355/15/11
f 356/14/11 357/15/5 358/14/5
f 356/14/11 359/15/6 355/15/11
f 359/15/6 356/14/11 360/14/6
f 363/14/27 362/15/9 361/14/9
f 362/15/9 363/14/27 364/15/27
f 361/14/9 366/15/10 365/14/10
f 366/15/10 361/14/9 362/15/9
f 367/15/28 358/14/5 357/15/5
f 358/14/5 367/15/28 368/14/28
f 370/14/24 367/15/28 369/15/24
f 367/15/28 370/14/24 368/14/28
f 360/14/6 366/15/10 359/15/6
f 366/15/10 360/14/6 365/14/10
f 363/14/27 369/15/24 364/15/27
f 369/15/24 363/14/27 370/14/24
f 365/14/15 363/14/15 361/14/15
f 363/14/15 365/14/15 360/14/15
f 363/14/15 360/14/15 370/14/15
f 370/14/15 360/14/15 356/14/15
f 370/14/15 356/14/15 368/14/15
f 368/14/15 356/14/15 358/14/15
f 364/15/14 366/15/14 362/15/14
f 366/15/14 364/15/14 369/15/14
f 366/15/14 369/15/14 359/15/14
f 359/15/14 369/15/14 367/15/14
f 359/15/14 367/15/14 355/15/14
f 355/15/14 367/15/14 357/15/14
f 373/15/5 372/14/11 371/15/11
f 372/14/11 373/15/5 374/14/5
f 372/14/11 375/15/6 371/15/11
f 375/15/6 372/14/11 376/14/6
f 379/14/27 378/15/9 377/14/9
f 378/15/9 379/14/27 380/15/27
f 377/14/9 382/15/10 381/14/10
f 382/15/10 377/14/9 378/15/9
f 383/15/28 374/14/5 373/15/5
f 374/14/5 383/15/28 384/14/28
f 386/14/24 383/15/28 385/15/24
f 383/15/28 386/14/24 384/14/28
f 376/14/6 382/15/10 375/15/6
f 382/15/10 376/14/6 381/14/10
f 379/14/27 385/15/24 380/15/27
f 385/15/24 379/14/27 386/14/24
f 381/14/15 379/14/15 377/14/15
f 379/14/15 381/14/15 376/14/15
f 379/14/15 376/14/15 386/14/15
f 386/14/15 376/14/15 372/14/15
f 386/14/15 372/14/15 384/14/15
f 384/14/15 372/14/15 374/14/15
f 380/15/14 382/15/14 378/15/14
f 382/15/14 380/15/14 385/15/14
f 382/15/14 385/15/14 375/15/14
f 375/15/14 385/15/14 383/15/14
f 375/15/14 383/15/14 371/15/14
f 371/15/14 383/15/14 373/15/14
f 389/15/5 388/14/11 387/15/11
f 388/14/11 389/15/5 390/14/5
f 388/14/11 391/15/6 387/15/11
f 391/15/6 388/14/11 392/14/6
f 395/14/27 394/15/9 393/14/9
f 394/15/9 395/14/27 396/15/27
f 393/14/9 398/15/10 397/14/10
f 398/15/10 393/14/9 394/15/9
f 399/15/28 390/14/5 389/15/5
f 390/14/5 399/15/28 400/14/28
f 402/14/24 399/15/28 401/15/24
f 399/15/28 402/14/24 400/14/28
f 392/14/6 398/15/10 391/15/6
f 398/15/10 392/14/6 397/14/10
f 395/14/27 401/15/24 396/15/27
f 401/15/24 395/14/27 402/14/24
f 397/14/15 395/14/15 393/14/15
f 395/14/15 397/14/15 392/14/15
f 395/14/15 392/14/15 402/14/15
f 402/14/15 392/14/15 388/14/15
f 402/14/15 388/14/15 400/14/15
f 400/14/15 388/14/15 390/14/15
f 396/15/14 398/15/14 394/15/14
f 398/15/14 396/15/14 401/15/14
f 398/15/14 401/15/14 391/15/14
f 391/15/14 401/15/14 399/15/14
f 391/15/14 399/15/14 387/15/14
f 387/15/14 399/15/14 389/15/14
f 405/17/57 404/18/58 403/17/57
f 404/18/58 405/17/57 406/18/58
f 407/18/59 404/18/58 406/18/58
f 404/18/58 407/18/59 408/18/59
f 407/18/59 409/17/60 408/18/59
f 409/17/60 407/18/59 410/17/60
f 409/17/60 405/17/57 403/17/57
f 405/17/57 409/17/60 410/17/60
f 413/7/61 412/8/4 411/7/4
f 412/8/4 413/7/61 414/8/61
f 415/14/62 20/14/63 19/14/62
f 20/14/63 415/14/62 416/14/63
f 22/19/64 418/20/65 417/19/64
f 418/20/65 22/19/64 23/20/65
f 12/15/67 419/15/66 11/15/66
f 419/15/66 12/15/67 420/15/67
f 16/20/68 422/19/69 421/20/68
f 422/19/69 16/20/68 14/19/69
f 23/20/65 416/14/63 418/20/65
f 416/14/63 23/20/65 20/14/63
f 420/15/67 22/19/64 417/19/64
f 22/19/64 420/15/67 12/15/67
f 422/19/69 11/15/66 419/15/66
f 11/15/66 422/19/69 14/19/69
f 19/14/62 421/20/68 415/14/62
f 421/20/68 19/14/62 16/20/68
f 417/19/4 419/15/4 420/15/4
f 419/15/4 417/19/4 422/19/4
f 422/19/4 417/19/4 409/17/4
f 409/17/4 417/19/4 418/20/4
f 403/17/4 422/19/4 409/17/4
f 409/17/4 418/20/4 408/18/4
f 422/19/4 403/17/4 421/20/4
f 408/18/4 418/20/4 404/18/4
f 421/20/4 403/17/4 404/18/4
f 421/20/4 404/18/4 418/20/4
f 421/20/4 418/20/4 416/14/4
f 421/20/4 416/14/4 415/14/4
f 425/7/3 424/8/70 423/7/70
f 424/8/70 425/7/3 426/8/3
f 423/7/70 414/8/61 413/7/61
f 414/8/61 423/7/70 424/8/70
f 414/8/15 17/8/15 412/8/15
f 17/8/15 414/8/15 7/8/15
f 7/8/15 414/8/15 424/8/15
f 7/8/15 424/8/15 9/8/15
f 9/8/15 424/8/15 426/8/15
f 425/7/14 411/7/14 427/7/14
f 411/7/14 425/7/14 413/7/14
f 413/7/14 425/7/14 423/7/14
f 430/21/57 429/22/58 428/21/57
f 429/22/58 430/21/57 431/22/58
f 432/22/59 429/22/58 431/22/58
f 429/22/58 432/22/59 433/22/59
f 434/21/60 430/21/57 428/21/57
f 430/21/57 434/21/60 435/21/60
f 432/22/59 434/21/60 433/22/59
f 434/21/60 432/22/59 435/21/60
f 434/21/4 436/23/4 433/22/4
f 433/22/4 436/23/4 429/22/4
f 434/21/4 437/7/4 436/23/4
f 438/23/4 429/22/4 436/23/4
f 437/7/4 434/21/4 439/7/4
f 438/23/4 428/21/4 429/22/4
f 439/7/4 428/21/4 438/23/4
f 428/21/4 439/7/4 434/21/4
f 455/7/14 474/7/14 445/7/14
f 445/7/14 474/7/14 447/7/14
f 447/7/14 474/7/14 442/7/14
f 442/7/14 461/7/14 440/7/14
f 442/7/14 474/7/14 461/7/14
f 461/7/14 474/7/14 449/7/14
f 451/7/14 449/7/14 474/7/14
f 463/13/75 462/13/75 473/10/9
f 467/24/77 473/10/9 462/13/75
f 473/10/9 467/24/77 472/19/9
f 466/24/77 472/19/9 467/24/77
f 469/24/78 464/13/76 468/24/78
f 468/24/78 464/13/76 471/19/5
f 471/19/5 464/13/76 470/10/5
f 465/13/76 470/10/5 464/13/76
f 469/24/78 468/24/78 467/24/77
f 466/24/77 467/24/77 468/24/78
f 465/13/76 464/13/76 463/13/75
f 462/13/75 463/13/75 464/13/76
f 33/14/73 32/20/71 457/14/73
f 454/20/71 457/14/73 32/20/71
f 35/20/74 34/14/72 456/20/74
f 458/14/72 456/20/74 34/14/72
f 36/8/5 35/20/74 459/8/5
f 456/20/74 459/8/5 35/20/74
f 33/14/73 457/14/73 34/14/72
f 458/14/72 34/14/72 457/14/73
f 36/8/15 459/8/15 26/8/15
f 459/8/15 460/8/15 26/8/15
f 26/8/15 460/8/15 28/8/15
f 460/8/15 448/8/15 28/8/15
f 450/8/15 28/8/15 448/8/15
f 449/7/26 448/8/26 461/7/25
f 460/8/25 461/7/25 448/8/26
f 461/7/25 460/8/25 440/7/6
f 459/8/6 440/7/6 460/8/25
f 440/7/6 459/8/6 441/18/6
f 456/20/6 441/18/6 459/8/6
f 458/14/6 457/14/6 456/20/6
f 457/14/6 454/20/6 456/20/6
f 454/20/6 441/18/6 456/20/6
f 441/18/6 454/20/6 444/18/6
f 454/20/6 452/8/6 444/18/6
f 444/18/6 452/8/6 445/7/6
f 452/8/6 453/8/6 445/7/6
f 455/7/6 445/7/6 453/8/6
f 32/20/71 30/8/9 454/20/71
f 452/8/9 454/20/71 30/8/9
f 29/8/15 453/8/15 30/8/15
f 452/8/15 30/8/15 453/8/15
f 451/7/5 450/8/5 449/7/26
f 448/8/26 449/7/26 450/8/5
f 444/18/14 446/18/14 441/18/14
f 443/18/14 441/18/14 446/18/14
f 447/7/5 446/18/5 445/7/5
f 444/18/5 445/7/5 446/18/5
f 443/18/9 442/7/9 441/18/9
f 440/7/9 441/18/9 442/7/9
f 477/7/76 476/7/75 475/7/75
f 476/7/75 477/7/76 478/7/76
f 480/9/77 476/7/75 479/9/77
f 476/7/75 480/9/77 475/7/75
f 477/7/76 481/9/78 478/7/76
f 481/9/78 477/7/76 482/9/78
f 481/9/78 480/9/77 479/9/77
f 480/9/77 481/9/78 482/9/78
f 481/9/6 476/7/6 478/7/6
f 476/7/6 481/9/6 479/9/6
f 485/15/24 484/14/24 483/15/24
f 484/14/24 485/15/24 486/14/24
f 489/14/11 488/15/10 487/15/11
f 488/15/10 489/14/11 490/14/10
f 483/15/5 489/14/11 487/15/11
f 489/14/11 483/15/5 484/14/5
f 489/14/15 486/14/15 490/14/15
f 486/14/15 489/14/15 484/14/15
f 483/15/14 488/15/14 485/15/14
f 488/15/14 483/15/14 487/15/14
f 486/14/9 488/15/10 490/14/10
f 488/15/10 486/14/9 485/15/9
f 493/17/79 492/18/80 491/17/79
f 492/18/80 493/17/79 494/18/80
f 495/18/81 492/18/80 494/18/80
f 492/18/80 495/18/81 496/18/81
f 495/18/81 497/17/82 496/18/81
f 497/17/82 495/18/81 498/17/82
f 497/17/82 493/17/79 491/17/79
f 493/17/79 497/17/82 498/17/82
f 501/7/22 500/8/8 499/7/8
f 500/8/8 501/7/22 502/8/22
f 503/14/83 50/14/84 49/14/83
f 50/14/84 503/14/83 504/14/84
f 52/19/85 506/20/86 505/19/85
f 506/20/86 52/19/85 53/20/86
f 42/15/88 507/15/87 41/15/87
f 507/15/87 42/15/88 508/15/88
f 46/20/89 510/19/90 509/20/89
f 510/19/90 46/20/89 44/19/90
f 53/20/86 504/14/84 506/20/86
f 504/14/84 53/20/86 50/14/84
f 508/15/88 52/19/85 505/19/85
f 52/19/85 508/15/88 42/15/88
f 510/19/90 41/15/87 507/15/87
f 41/15/87 510/19/90 44/19/90
f 49/14/83 509/20/89 503/14/83
f 509/20/89 49/14/83 46/20/89
f 505/19/8 507/15/8 508/15/8
f 507/15/8 505/19/8 510/19/8
f 510/19/8 505/19/8 497/17/8
f 497/17/8 505/19/8 506/20/8
f 491/17/8 510/19/8 497/17/8
f 497/17/8 506/20/8 496/18/8
f 510/19/8 491/17/8 509/20/8
f 496/18/8 506/20/8 492/18/8
f 509/20/8 491/17/8 492/18/8
f 509/20/8 492/18/8 506/20/8
f 509/20/8 506/20/8 504/14/8
f 509/20/8 504/14/8 503/14/8
f 513/7/7 512/8/23 511/7/23
f 512/8/23 513/7/7 514/8/7
f 511/7/23 502/8/22 501/7/22
f 502/8/22 511/7/23 512/8/23
f 502/8/15 47/8/15 500/8/15
f 47/8/15 502/8/15 37/8/15
f 37/8/15 502/8/15 512/8/15
f 37/8/15 512/8/15 39/8/15
f 39/8/15 512/8/15 514/8/15
f 515/7/14 501/7/14 499/7/14
f 501/7/14 515/7/14 513/7/14
f 501/7/14 513/7/14 511/7/14
f 518/21/79 517/22/80 516/21/79
f 517/22/80 518/21/79 519/22/80
f 520/22/81 517/22/80 519/22/80
f 517/22/80 520/22/81 521/22/81
f 522/21/82 518/21/79 516/21/79
f 518/21/79 522/21/82 523/21/82
f 520/22/81 522/21/82 521/22/81
f 522/21/82 520/22/81 523/21/82
f 522/21/8 524/23/8 521/22/8
f 521/22/8 524/23/8 517/22/8
f 522/21/8 525/7/8 524/23/8
f 526/23/8 517/22/8 524/23/8
f 525/7/8 522/21/8 527/7/8
f 526/23/8 516/21/8 517/22/8
f 527/7/8 516/21/8 526/23/8
f 516/21/8 527/7/8 522/21/8
f 530/17/57 529/18/58 528/17/57
f 529/18/58 530/17/57 531/18/58
f 532/18/59 529/18/58 531/18/58
f 529/18/58 532/18/59 533/18/59
f 532/18/59 534/17/60 533/18/59
f 534/17/60 532/18/59 535/17/60
f 534/17/60 530/17/57 528/17/57
f 530/17/57 534/17/60 535/17/60
f 538/7/61 537/8/4 536/7/4
f 537/8/4 538/7/61 539/8/61
f 540/14/62 68/14/63 67/14/62
f 68/14/63 540/14/62 541/14/63
f 70/19/64 543/20/65 542/19/64
f 543/20/65 70/19/64 71/20/65
f 60/15/67 544/15/66 59/15/66
f 544/15/66 60/15/67 545/15/67
f 64/20/68 547/19/69 546/20/68
f 547/19/69 64/20/68 62/19/69
f 71/20/65 541/14/63 543/20/65
f 541/14/63 71/20/65 68/14/63
f 545/15/67 70/19/64 542/19/64
f 70/19/64 545/15/67 60/15/67
f 547/19/69 59/15/66 544/15/66
f 59/15/66 547/19/69 62/19/69
f 67/14/62 546/20/68 540/14/62
f 546/20/68 67/14/62 64/20/68
f 542/19/4 544/15/4 545/15/4
f 544/15/4 542/19/4 547/19/4
f 547/19/4 542/19/4 534/17/4
f 534/17/4 542/19/4 543/20/4
f 528/17/4 547/19/4 534/17/4
f 534/17/4 543/20/4 533/18/4
f 547/19/4 528/17/4 546/20/4
f 533/18/4 543/20/4 529/18/4
f 546/20/4 528/17/4 529/18/4
f 546/20/4 529/18/4 543/20/4
f 546/20/4 543/20/4 541/14/4
f 546/20/4 541/14/4 540/14/4
f 550/7/3 549/8/70 548/7/70
f 549/8/70 550/7/3 551/8/3
f 548/7/70 539/8/61 538/7/61
f 539/8/61 548/7/70 549/8/70
f 539/8/15 65/8/15 537/8/15
f 65/8/15 539/8/15 55/8/15
f 55/8/15 539/8/15 549/8/15
f 55/8/15 549/8/15 57/8/15
f 57/8/15 549/8/15 551/8/15
f 552/7/14 538/7/14 536/7/14
f 538/7/14 552/7/14 550/7/14
f 538/7/14 550/7/14 548/7/14
f 555/21/57 554/22/58 553/21/57
f 554/22/58 555/21/57 556/22/58
f 557/22/59 554/22/58 556/22/58
f 554/22/58 557/22/59 558/22/59
f 559/21/60 555/21/57 553/21/57
f 555/21/57 559/21/60 560/21/60
f 557/22/59 559/21/60 558/22/59
f 559/21/60 557/22/59 560/21/60
f 559/21/4 561/23/4 558/22/4
f 558/22/4 561/23/4 554/22/4
f 559/21/4 562/7/4 561/23/4
f 563/23/4 554/22/4 561/23/4
f 562/7/4 559/21/4 564/7/4
f 563/23/4 553/21/4 554/22/4
f 564/7/4 553/21/4 563/23/4
f 553/21/4 564/7/4 559/21/4
f 567/7/14 566/7/14 565/7/14
f 566/7/14 567/7/14 568/7/14
f 568/7/14 567/7/14 569/7/14
f 569/7/14 567/7/14 108/7/14
f 569/7/14 108/7/14 570/7/14
f 572/8/9 566/7/9 571/8/9
f 566/7/9 572/8/9 565/7/9
f 571/8/10 568/7/10 573/8/10
f 568/7/10 571/8/10 566/7/10
f 574/8/6 568/7/6 569/7/6
f 568/7/6 574/8/6 573/8/6
f 89/8/15 574/8/15 575/8/15
f 82/8/15 574/8/15 89/8/15
f 80/8/15 574/8/15 82/8/15
f 80/8/15 573/8/15 574/8/15
f 74/8/15 573/8/15 80/8/15
f 74/8/15 571/8/15 573/8/15
f 571/8/15 74/8/15 572/8/15
f 76/8/15 572/8/15 74/8/15
f 575/8/11 569/7/11 570/7/11
f 569/7/11 575/8/11 574/8/11
f 578/18/75 577/17/77 576/18/75
f 577/17/77 578/18/75 579/17/77
f 578/18/75 581/18/76 580/18/76
f 581/18/76 578/18/75 576/18/75
f 582/17/78 580/18/76 581/18/76
f 580/18/76 582/17/78 583/17/78
f 577/17/77 583/17/78 582/17/78
f 583/17/78 577/17/77 579/17/77
f 83/15/92 584/15/91 84/15/91
f 584/15/91 83/15/92 585/15/92
f 78/20/71 587/19/93 586/20/71
f 587/19/93 78/20/71 79/19/93
f 589/14/72 88/14/73 588/14/73
f 88/14/73 589/14/72 86/14/72
f 591/19/94 85/20/74 590/20/74
f 85/20/74 591/19/94 81/19/94
f 590/20/74 86/14/72 589/14/72
f 86/14/72 590/20/74 85/20/74
f 84/15/91 587/19/93 79/19/93
f 587/19/93 84/15/91 584/15/91
f 588/14/73 78/20/71 586/20/71
f 78/20/71 588/14/73 88/14/73
f 81/19/94 585/15/92 83/15/92
f 585/15/92 81/19/94 591/19/94
f 591/19/6 584/15/6 585/15/6
f 584/15/6 591/19/6 587/19/6
f 587/19/6 591/19/6 577/17/6
f 577/17/6 591/19/6 590/20/6
f 582/17/6 587/19/6 577/17/6
f 577/17/6 590/20/6 576/18/6
f 587/19/6 582/17/6 586/20/6
f 576/18/6 590/20/6 581/18/6
f 586/20/6 582/17/6 581/18/6
f 586/20/6 581/18/6 590/20/6
f 586/20/6 590/20/6 589/14/6
f 586/20/6 589/14/6 588/14/6
f 594/21/78 593/22/76 592/22/76
f 593/22/76 594/21/78 595/21/78
f 598/22/75 597/21/77 596/22/75
f 597/21/77 598/22/75 599/21/77
f 597/21/77 595/21/78 594/21/78
f 595/21/78 597/21/77 599/21/77
f 598/22/75 592/22/76 593/22/76
f 592/22/76 598/22/75 596/22/75
f 597/21/6 578/23/6 596/22/6
f 596/22/6 578/23/6 592/22/6
f 597/21/6 579/7/6 578/23/6
f 600/23/6 592/22/6 578/23/6
f 579/7/6 597/21/6 601/7/6
f 600/23/6 594/21/6 592/22/6
f 601/7/6 594/21/6 600/23/6
f 594/21/6 601/7/6 597/21/6
f 604/7/14 603/7/14 602/7/14
f 603/7/14 604/7/14 605/7/14
f 605/7/14 604/7/14 606/7/14
f 606/7/14 604/7/14 607/7/14
f 606/7/14 607/7/14 608/7/14
f 610/8/9 603/7/9 609/8/9
f 603/7/9 610/8/9 602/7/9
f 609/8/10 605/7/10 611/8/10
f 605/7/10 609/8/10 603/7/10
f 612/8/6 605/7/6 606/7/6
f 605/7/6 612/8/6 611/8/6
f 107/8/15 612/8/15 613/8/15
f 100/8/15 612/8/15 107/8/15
f 98/8/15 612/8/15 100/8/15
f 98/8/15 611/8/15 612/8/15
f 92/8/15 611/8/15 98/8/15
f 92/8/15 609/8/15 611/8/15
f 609/8/15 92/8/15 610/8/15
f 94/8/15 610/8/15 92/8/15
f 613/8/11 606/7/11 608/7/11
f 606/7/11 613/8/11 612/8/11
f 616/18/75 615/17/77 614/18/75
f 615/17/77 616/18/75 617/17/77
f 616/18/75 619/18/76 618/18/76
f 619/18/76 616/18/75 614/18/75
f 620/17/78 618/18/76 619/18/76
f 618/18/76 620/17/78 621/17/78
f 615/17/77 621/17/78 620/17/78
f 621/17/78 615/17/77 617/17/77
f 101/15/92 622/15/91 102/15/91
f 622/15/91 101/15/92 623/15/92
f 96/20/71 625/19/93 624/20/71
f 625/19/93 96/20/71 97/19/93
f 627/14/72 106/14/73 626/14/73
f 106/14/73 627/14/72 104/14/72
f 629/19/94 103/20/74 628/20/74
f 103/20/74 629/19/94 99/19/94
f 628/20/74 104/14/72 627/14/72
f 104/14/72 628/20/74 103/20/74
f 102/15/91 625/19/93 97/19/93
f 625/19/93 102/15/91 622/15/91
f 626/14/73 96/20/71 624/20/71
f 96/20/71 626/14/73 106/14/73
f 99/19/94 623/15/92 101/15/92
f 623/15/92 99/19/94 629/19/94
f 629/19/6 622/15/6 623/15/6
f 622/15/6 629/19/6 625/19/6
f 625/19/6 629/19/6 615/17/6
f 615/17/6 629/19/6 628/20/6
f 620/17/6 625/19/6 615/17/6
f 615/17/6 628/20/6 614/18/6
f 625/19/6 620/17/6 624/20/6
f 614/18/6 628/20/6 619/18/6
f 624/20/6 620/17/6 619/18/6
f 624/20/6 619/18/6 628/20/6
f 624/20/6 628/20/6 627/14/6
f 624/20/6 627/14/6 626/14/6
f 632/21/78 631/22/76 630/22/76
f 631/22/76 632/21/78 633/21/78
f 636/22/75 635/21/77 634/22/75
f 635/21/77 636/22/75 637/21/77
f 635/21/77 633/21/78 632/21/78
f 633/21/78 635/21/77 637/21/77
f 636/22/75 630/22/76 631/22/76
f 630/22/76 636/22/75 634/22/75
f 635/21/6 616/23/6 634/22/6
f 634/22/6 616/23/6 630/22/6
f 635/21/6 617/7/6 616/23/6
f 638/23/6 630/22/6 616/23/6
f 617/7/6 635/21/6 639/7/6
f 638/23/6 632/21/6 630/22/6
f 639/7/6 632/21/6 638/23/6
f 632/21/6 639/7/6 635/21/6
f 642/17/78 641/18/76 640/17/78
f 641/18/76 642/17/78 643/18/76
f 644/18/75 641/18/76 643/18/76
f 641/18/76 644/18/75 645/18/75
f 644/18/75 646/17/77 645/18/75
f 646/17/77 644/18/75 647/17/77
f 646/17/77 642/17/78 640/17/78
f 642/17/78 646/17/77 647/17/77
f 650/7/25 649/8/6 648/7/6
f 649/8/6 650/7/25 651/8/25
f 652/14/73 122/14/72 121/14/73
f 122/14/72 652/14/73 653/14/72
f 124/19/94 655/20/74 654/19/94
f 655/20/74 124/19/94 125/20/74
f 114/15/92 656/15/91 113/15/91
f 656/15/91 114/15/92 657/15/92
f 118/20/71 659/19/93 658/20/71
f 659/19/93 118/20/71 116/19/93
f 125/20/74 653/14/72 655/20/74
f 653/14/72 125/20/74 122/14/72
f 657/15/92 124/19/94 654/19/94
f 124/19/94 657/15/92 114/15/92
f 659/19/93 113/15/91 656/15/91
f 113/15/91 659/19/93 116/19/93
f 121/14/73 658/20/71 652/14/73
f 658/20/71 121/14/73 118/20/71
f 654/19/6 656/15/6 657/15/6
f 656/15/6 654/19/6 659/19/6
f 659/19/6 654/19/6 646/17/6
f 646/17/6 654/19/6 655/20/6
f 640/17/6 659/19/6 646/17/6
f 646/17/6 655/20/6 645/18/6
f 659/19/6 640/17/6 658/20/6
f 645/18/6 655/20/6 641/18/6
f 658/20/6 640/17/6 641/18/6
f 658/20/6 641/18/6 655/20/6
f 658/20/6 655/20/6 653/14/6
f 658/20/6 653/14/6 652/14/6
f 662/7/5 661/8/26 660/7/26
f 661/8/26 662/7/5 663/8/5
f 660/7/26 651/8/25 650/7/25
f 651/8/25 660/7/26 661/8/26
f 651/8/15 119/8/15 649/8/15
f 119/8/15 651/8/15 109/8/15
f 109/8/15 651/8/15 661/8/15
f 109/8/15 661/8/15 111/8/15
f 111/8/15 661/8/15 663/8/15
f 664/7/14 650/7/14 648/7/14
f 650/7/14 664/7/14 662/7/14
f 650/7/14 662/7/14 660/7/14
f 667/21/78 666/22/76 665/21/78
f 666/22/76 667/21/78 668/22/76
f 669/22/75 666/22/76 668/22/76
f 666/22/76 669/22/75 670/22/75
f 671/21/77 667/21/78 665/21/78
f 667/21/78 671/21/77 672/21/77
f 669/22/75 671/21/77 670/22/75
f 671/21/77 669/22/75 672/21/77
f 671/21/6 673/23/6 670/22/6
f 670/22/6 673/23/6 666/22/6
f 671/21/6 674/7/6 673/23/6
f 675/23/6 666/22/6 673/23/6
f 674/7/6 671/21/6 676/7/6
f 675/23/6 665/21/6 666/22/6
f 676/7/6 665/21/6 675/23/6
f 665/21/6 676/7/6 671/21/6
f 136/25/15 150/25/15 677/25/15
f 148/25/15 677/25/15 150/25/15
f 162/25/15 677/25/15 148/25/15
f 677/25/15 162/25/15 155/25/15
f 181/25/15 678/25/15 179/25/15
f 678/25/15 181/25/15 167/25/15
f 188/25/15 186/25/15 187/25/15
f 186/25/15 188/25/15 679/25/15
f 679/25/15 188/25/15 190/25/15
f 679/25/15 190/25/15 191/25/15
f 679/25/15 191/25/15 193/25/15
f 442/25/6 468/30/6 447/25/6
f 446/27/6 447/25/6 468/30/6
f 468/30/6 442/25/6 466/30/6
f 471/29/6 446/27/6 468/30/6
f 443/27/6 466/30/6 442/25/6
f 472/29/6 466/30/6 443/27/6
f 470/28/6 446/27/6 471/29/6
f 471/29/6 472/29/6 470/28/6
f 473/28/6 472/29/6 443/27/6
f 473/28/6 470/28/6 472/29/6
f 463/26/6 473/28/6 443/27/6
f 446/27/6 463/26/6 443/27/6
f 463/26/6 446/27/6 465/26/6
f 465/26/6 446/27/6 470/28/6
f 326/31/15 325/31/15 324/31/15
f 325/31/15 326/31/15 323/31/15
f 323/31/15 326/31/15 327/31/15
f 323/31/15 327/31/15 328/31/15
f 323/31/15 328/31/15 321/31/15
f 323/31/15 321/31/15 322/31/15
f 682/32/97 681/32/96 680/32/95
f 681/32/96 682/32/97 683/32/98
f 683/32/98 682/32/97 684/32/99
f 683/32/98 684/32/99 685/32/100
f 688/34/103 687/33/102 686/33/101
f 687/33/102 688/34/103 689/34/104
f 691/33/106 689/34/104 690/34/105
f 689/34/104 691/33/106 687/33/102
f 686/33/101 692/34/107 688/34/103
f 692/34/107 686/33/101 693/33/108
f 693/33/108 694/34/109 692/34/107
f 694/34/109 693/33/108 695/33/110
f 697/33/112 690/34/105 696/34/111
f 690/34/105 697/33/112 691/33/106
f 697/33/112 694/34/109 695/33/110
f 694/34/109 697/33/112 696/34/111
f 687/33/102 684/32/99 686/33/101
f 684/32/99 687/33/102 685/32/100
f 681/32/96 691/33/106 697/33/112
f 691/33/106 681/32/96 683/32/98
f 680/32/95 697/33/112 695/33/110
f 697/33/112 680/32/95 681/32/96
f 683/32/98 687/33/102 691/33/106
f 687/33/102 683/32/98 685/32/100
f 682/32/97 695/33/110 693/33/108
f 695/33/110 682/32/97 680/32/95
f 684/32/99 693/33/108 686/33/101
f 693/33/108 684/32/99 682/32/97
f 700/32/115 699/32/114 698/32/113
f 699/32/114 700/32/115 701/32/116
f 701/32/116 700/32/115 702/32/117
f 701/32/116 702/32/117 703/32/118
f 706/34/121 705/33/120 704/33/119
f 705/33/120 706/34/121 707/34/122
f 709/33/124 707/34/122 708/34/123
f 707/34/122 709/33/124 705/33/120
f 704/33/119 710/34/125 706/34/121
f 710/34/125 704/33/119 711/33/126
f 711/33/126 712/34/127 710/34/125
f 712/34/127 711/33/126 713/33/128
f 715/33/130 708/34/123 714/34/129
f 708/34/123 715/33/130 709/33/124
f 715/33/130 712/34/127 713/33/128
f 712/34/127 715/33/130 714/34/129
f 705/33/120 702/32/117 704/33/119
f 702/32/117 705/33/120 703/32/118
f 699/32/114 709/33/124 715/33/130
f 709/33/124 699/32/114 701/32/116
f 698/32/113 715/33/130 713/33/128
f 715/33/130 698/32/113 699/32/114
f 701/32/116 705/33/120 709/33/124
f 705/33/120 701/32/116 703/32/118
f 700/32/115 713/33/128 711/33/126
f 713/33/128 700/32/115 698/32/113
f 702/32/117 711/33/126 704/33/119
f 711/33/126 702/32/117 700/32/115
f 432/36/4 430/35/4 435/35/4
f 430/35/4 432/36/4 431/36/4
f 462/38/6 464/38/6 467/37/6
f 469/37/6 467/37/6 464/38/6
f 520/36/8 518/35/8 523/35/8
f 518/35/8 520/36/8 519/36/8
f 557/36/4 555/35/4 560/35/4
f 555/35/4 557/36/4 556/36/4
f 598/36/6 595/35/6 599/35/6
f 595/35/6 598/36/6 593/36/6
f 636/36/6 633/35/6 637/35/6
f 633/35/6 636/36/6 631/36/6
f 669/36/6 667/35/6 672/35/6
f 667/35/6 669/36/6 668/36/6
