# Derived from Kenney CC0. Generated by scripts/GenerateTitleMaterials.py.
mtllib building-skyscraper-e.mtl
v -0.3048006 0.8 -0.621 1 1 1
v -0.3048006 3.867699 -0.621 1 1 1
v -0.3048006 0.8 -0.5509999 1 1 1
v -0.3048006 3.867699 -0.5509999 1 1 1
v 0.4951994 0.8 -0.621 1 1 1
v 0.4951994 3.867699 -0.621 1 1 1
v 0.4951994 0.8 -0.5509999 1 1 1
v 0.4951994 3.867699 -0.5509999 1 1 1
v 0.3598006 3.867699 -0.5509999 1 1 1
v 0.3598006 3.867699 -0.621 1 1 1
v 0.09519941 0.8 -0.621 1 1 1
v 0.09519941 3.867699 -0.621 1 1 1
v 0.09519941 0.8 -0.5509999 1 1 1
v 0.09519941 3.867699 -0.5509999 1 1 1
v -0.04019941 3.867699 -0.5509999 1 1 1
v -0.04019941 3.867699 -0.621 1 1 1
v -0.04019941 0.8 -0.621 1 1 1
v -0.04019941 0.8 -0.5509999 1 1 1
v -0.4401994 3.867699 -0.5509999 1 1 1
v -0.4401994 3.867699 -0.621 1 1 1
v -0.4401994 0.8 -0.621 1 1 1
v -0.4401994 0.8 -0.5509999 1 1 1
v 0.3598006 0.8 -0.621 1 1 1
v 0.3598006 0.8 -0.5509999 1 1 1
v -0.5063497 0.8 -0.621 1 1 1
v -0.5063497 3.91385 -0.621 1 1 1
v -0.5063497 0.8 -0.601 1 1 1
v -0.5063497 3.91385 -0.601 1 1 1
v -0.1063497 0.8 -0.621 1 1 1
v -0.1063497 3.91385 -0.621 1 1 1
v -0.1063497 0.8 -0.601 1 1 1
v -0.1063497 3.91385 -0.601 1 1 1
v 0.5413496 3.93385 -0.621 1 1 1
v 0.5413496 3.93385 -0.601 1 1 1
v 0.3136503 3.93385 -0.621 1 1 1
v 0.3136503 3.93385 -0.601 1 1 1
v 0.5613496 3.91385 -0.621 1 1 1
v 0.5613496 0.8 -0.621 1 1 1
v 0.5613496 3.91385 -0.601 1 1 1
v 0.5613496 0.8 -0.601 1 1 1
v 0.1613497 3.91385 -0.621 1 1 1
v 0.1613497 0.8 -0.621 1 1 1
v 0.1613497 3.91385 -0.601 1 1 1
v 0.1613497 0.8 -0.601 1 1 1
v -0.2386503 3.91385 -0.621 1 1 1
v -0.2386503 0.8 -0.621 1 1 1
v -0.2386503 3.91385 -0.601 1 1 1
v -0.2386503 0.8 -0.601 1 1 1
v -0.0863497 3.93385 -0.621 1 1 1
v -0.0863497 3.93385 -0.601 1 1 1
v -0.4863497 3.93385 -0.621 1 1 1
v -0.4863497 3.93385 -0.601 1 1 1
v 0.1413497 3.93385 -0.621 1 1 1
v 0.1413497 3.93385 -0.601 1 1 1
v -0.2586503 3.93385 -0.621 1 1 1
v -0.2586503 3.93385 -0.601 1 1 1
v 0.2936503 0.8 -0.621 1 1 1
v 0.2936503 3.91385 -0.621 1 1 1
v 0.2936503 3.91385 -0.601 1 1 1
v 0.2936503 0.8 -0.601 1 1 1
v 0.6275 0.8 -0.011 1 1 1
v 0.6275 0.8 -0.601 1 1 1
v 0.0275 0.8 -0.011 1 1 1
v -0.5725001 0.8 -0.011 1 1 1
v -0.5725001 0.8 -0.601 1 1 1
v 0.6274999 4.03 -0.201 1 1 1
v 0.6274999 4.03 0.199 1 1 1
v 0.6475 4.03 -0.201 1 1 1
v 0.6475 4.03 0.199 1 1 1
v 0.6274999 4 0.199 1 1 1
v 0.6274999 4 -0.201 1 1 1
v 0.5775 4.08 0.199 1 1 1
v 0.5775 4 0.199 1 1 1
v 0.5775 4.08 -0.201 1 1 1
v 0.5775 4 -0.201 1 1 1
v 0.6475 4.08 -0.201 1 1 1
v 0.6475 4.08 0.199 1 1 1
v 0.2275001 4.03 0.599 1 1 1
v -0.1725 4.03 0.599 1 1 1
v 0.2275001 4.03 0.619 1 1 1
v -0.1725 4.03 0.619 1 1 1
v -0.1725 4 0.599 1 1 1
v 0.2275001 4 0.599 1 1 1
v -0.1725 4.08 0.549 1 1 1
v -0.1725 4 0.549 1 1 1
v 0.2275001 4.08 0.549 1 1 1
v 0.2275001 4 0.549 1 1 1
v 0.2275001 4.08 0.619 1 1 1
v -0.1725 4.08 0.619 1 1 1
v -0.1725 4 0.549 1 1 1
v -0.1724999 4 0.599 1 1 1
v -0.1725 4.08 0.549 1 1 1
v -0.1724999 4.03 0.599 1 1 1
v -0.1724999 4.03 0.619 1 1 1
v -0.1724999 4.08 0.619 1 1 1
v -0.5725 4 0.599 1 1 1
v -0.5725 4.03 0.599 1 1 1
v -0.5725001 4 0.199 1 1 1
v -0.5725001 4.03 0.199 1 1 1
v -0.5925 4.08 0.199 1 1 1
v -0.5925 4.03 0.199 1 1 1
v -0.5225 4.08 0.199 1 1 1
v -0.5225 4 0.199 1 1 1
v -0.5225 4.08 0.549 1 1 1
v -0.5225 4 0.549 1 1 1
v -0.5925 4.03 0.599 1 1 1
v -0.5925 4.08 0.599 1 1 1
v -0.5725 4.03 0.619 1 1 1
v -0.5725 4.08 0.619 1 1 1
v 0.5775 4 -0.201 1 1 1
v 0.6275 4 -0.201 1 1 1
v 0.5775 4.08 -0.201 1 1 1
v 0.6275 4.03 -0.201 1 1 1
v 0.6475 4.03 -0.201 1 1 1
v 0.6475 4.08 -0.201 1 1 1
v 0.6275 4 -0.601 1 1 1
v 0.6275 4.03 -0.601 1 1 1
v 0.2275 4 -0.601 1 1 1
v 0.2275 4.03 -0.601 1 1 1
v 0.2275 4.08 -0.621 1 1 1
v 0.2275 4.03 -0.621 1 1 1
v 0.2275 4.08 -0.551 1 1 1
v 0.2275 4 -0.551 1 1 1
v 0.5775 4.08 -0.551 1 1 1
v 0.5775 4 -0.551 1 1 1
v 0.6275 4.03 -0.621 1 1 1
v 0.6275 4.08 -0.621 1 1 1
v 0.6475 4.03 -0.601 1 1 1
v 0.6475 4.08 -0.601 1 1 1
v -0.1725 4.03 -0.6010001 1 1 1
v 0.2275001 4.03 -0.601 1 1 1
v -0.1725 4.03 -0.6210001 1 1 1
v 0.2275001 4.03 -0.621 1 1 1
v 0.2275001 4 -0.601 1 1 1
v -0.1725 4 -0.6010001 1 1 1
v 0.2275001 4.08 -0.551 1 1 1
v 0.2275001 4 -0.551 1 1 1
v -0.1725 4.08 -0.5510001 1 1 1
v -0.1725 4 -0.5510001 1 1 1
v -0.1725 4.08 -0.6210001 1 1 1
v 0.2275001 4.08 -0.621 1 1 1
v -0.5725 4.03 0.199 1 1 1
v -0.5725 4.03 -0.201 1 1 1
v -0.5925 4.03 0.199 1 1 1
v -0.5925 4.03 -0.201 1 1 1
v -0.5725 4 -0.201 1 1 1
v -0.5725 4 0.199 1 1 1
v -0.5225 4.08 -0.201 1 1 1
v -0.5225 4 -0.201 1 1 1
v -0.5225 4.08 0.199 1 1 1
v -0.5225 4 0.199 1 1 1
v -0.5925 4.08 0.199 1 1 1
v -0.5925 4.08 -0.201 1 1 1
v 0.2275 4 0.549 1 1 1
v 0.2274999 4 0.599 1 1 1
v 0.2275 4.08 0.549 1 1 1
v 0.2274999 4.03 0.599 1 1 1
v 0.2274999 4.03 0.619 1 1 1
v 0.2274999 4.08 0.619 1 1 1
v 0.6275 4 0.599 1 1 1
v 0.6275 4.03 0.599 1 1 1
v 0.6275001 4 0.199 1 1 1
v 0.6275001 4.03 0.199 1 1 1
v 0.6475 4.08 0.199 1 1 1
v 0.6475 4.03 0.199 1 1 1
v 0.5775 4.08 0.199 1 1 1
v 0.5775 4 0.199 1 1 1
v 0.5775 4.08 0.549 1 1 1
v 0.5775 4 0.549 1 1 1
v 0.6475 4.03 0.599 1 1 1
v 0.6475 4.08 0.599 1 1 1
v 0.6275 4.03 0.619 1 1 1
v 0.6275 4.08 0.619 1 1 1
v -0.5225 4 -0.201 1 1 1
v -0.5725 4 -0.201 1 1 1
v -0.5225 4.08 -0.201 1 1 1
v -0.5725 4.03 -0.201 1 1 1
v -0.5925 4.03 -0.201 1 1 1
v -0.5925 4.08 -0.201 1 1 1
v -0.5725 4 -0.601 1 1 1
v -0.5725 4.03 -0.601 1 1 1
v -0.1725 4 -0.601 1 1 1
v -0.1725 4.03 -0.601 1 1 1
v -0.1725 4.08 -0.621 1 1 1
v -0.1725 4.03 -0.621 1 1 1
v -0.1725 4.08 -0.551 1 1 1
v -0.1725 4 -0.551 1 1 1
v -0.5225 4.08 -0.551 1 1 1
v -0.5225 4 -0.551 1 1 1
v -0.5725 4.03 -0.621 1 1 1
v -0.5725 4.08 -0.621 1 1 1
v -0.5925 4.03 -0.601 1 1 1
v -0.5925 4.08 -0.601 1 1 1
v 0.4275 4.04 0.379 1 1 1
v 0.4275 4 0.379 1 1 1
v 0.4075 4.04 0.399 1 1 1
v 0.4075 4 0.399 1 1 1
v 0.2975 4 0.399 1 1 1
v 0.2775 4 0.379 1 1 1
v 0.2975 4.04 0.399 1 1 1
v 0.2775 4.04 0.379 1 1 1
v 0.4275 4.04 0.119 1 1 1
v 0.4275 4 0.119 1 1 1
v 0.4075 4 0.09899998 1 1 1
v 0.4075 4.04 0.09899998 1 1 1
v 0.2775 4 0.119 1 1 1
v 0.2775 4.04 0.119 1 1 1
v 0.2975 4.04 0.09899998 1 1 1
v 0.2975 4 0.09899998 1 1 1
v 0.2275 4.04 0.379 1 1 1
v 0.2275 4 0.379 1 1 1
v 0.2075 4.04 0.399 1 1 1
v 0.2075 4 0.399 1 1 1
v 0.09750001 4 0.399 1 1 1
v 0.0775 4 0.379 1 1 1
v 0.09750001 4.04 0.399 1 1 1
v 0.0775 4.04 0.379 1 1 1
v 0.2275 4.04 0.119 1 1 1
v 0.2275 4 0.119 1 1 1
v 0.2075 4 0.09899998 1 1 1
v 0.2075 4.04 0.09899998 1 1 1
v 0.0775 4 0.119 1 1 1
v 0.0775 4.04 0.119 1 1 1
v 0.09750001 4.04 0.09899998 1 1 1
v 0.09750001 4 0.09899998 1 1 1
v 0.6475 0.05 -0.201 1 1 1
v 0.6475 3.609557E-16 -0.201 1 1 1
v 0.6475 0.05 0.199 1 1 1
v 0.6475 3.609557E-16 0.199 1 1 1
v 0.6275 0.05 -0.201 1 1 1
v 0.6275 0.05 0.199 1 1 1
v 0.2275 3.609557E-16 0.199 1 1 1
v 0.2275 3.609557E-16 -0.201 1 1 1
v -0.5725 1.804779E-16 0.619 1 1 1
v -0.1725 1.804779E-16 0.619 1 1 1
v -0.5725 0.05 0.619 1 1 1
v -0.1725 0.05 0.619 1 1 1
v -0.5925 1.804779E-16 0.599 1 1 1
v -0.5925 0.05 0.599 1 1 1
v -0.5925 1.804779E-16 0.199 1 1 1
v -0.5925 0.05 0.199 1 1 1
v -0.1725 1.804779E-16 0.199 1 1 1
v -0.1725 0.05 0.599 1 1 1
v -0.5725 0.05 0.599 1 1 1
v -0.5725 0.05 0.199 1 1 1
v -0.5925 0.05 0.199 1 1 1
v -0.5925 1.804779E-16 0.199 1 1 1
v -0.5925 0.05 -0.201 1 1 1
v -0.5925 1.804779E-16 -0.201 1 1 1
v -0.5725 0.05 0.199 1 1 1
v -0.5725 0.05 -0.201 1 1 1
v -0.1725 1.804779E-16 -0.201 1 1 1
v -0.1725 1.804779E-16 0.199 1 1 1
v 0.6475 1.804779E-16 0.599 1 1 1
v 0.6475 1.804779E-16 0.199 1 1 1
v 0.6475 0.05 0.599 1 1 1
v 0.6475 0.05 0.199 1 1 1
v 0.6275 1.804779E-16 0.619 1 1 1
v 0.6275 0.05 0.619 1 1 1
v 0.2274999 1.804779E-16 0.619 1 1 1
v 0.2274999 0.05 0.619 1 1 1
v 0.2275 1.804779E-16 0.1989999 1 1 1
v 0.6275001 0.05 0.199 1 1 1
v 0.6275 0.05 0.599 1 1 1
v 0.2274999 0.05 0.599 1 1 1
v -0.4401994 3.075774 0.549 1 1 1
v -0.4401994 3.075774 0.574 1 1 1
v 0.4951994 3.075774 0.549 1 1 1
v 0.4951994 3.075774 0.574 1 1 1
v -0.4401994 3.125774 0.574 1 1 1
v -0.4401994 3.125774 0.549 1 1 1
v 0.4951994 3.125774 0.574 1 1 1
v 0.4951994 3.125774 0.549 1 1 1
v 0.4951994 3.459237 -0.5510001 1 1 1
v 0.4951994 3.459237 -0.576 1 1 1
v -0.4401994 3.459237 -0.5510001 1 1 1
v -0.4401994 3.459237 -0.576 1 1 1
v 0.4951994 3.509237 -0.576 1 1 1
v 0.4951994 3.509237 -0.5510001 1 1 1
v -0.4401994 3.509237 -0.576 1 1 1
v -0.4401994 3.509237 -0.5510001 1 1 1
v 0.4951994 3.075774 -0.5510001 1 1 1
v 0.4951994 3.075774 -0.576 1 1 1
v -0.4401994 3.075774 -0.5510001 1 1 1
v -0.4401994 3.075774 -0.576 1 1 1
v 0.4951994 3.125774 -0.576 1 1 1
v 0.4951994 3.125774 -0.5510001 1 1 1
v -0.4401994 3.125774 -0.576 1 1 1
v -0.4401994 3.125774 -0.5510001 1 1 1
v 0.4951994 2.692312 -0.5510001 1 1 1
v 0.4951994 2.692312 -0.576 1 1 1
v -0.4401994 2.692312 -0.5510001 1 1 1
v -0.4401994 2.692312 -0.576 1 1 1
v 0.4951994 2.742312 -0.576 1 1 1
v 0.4951994 2.742312 -0.5510001 1 1 1
v -0.4401994 2.742312 -0.576 1 1 1
v -0.4401994 2.742312 -0.5510001 1 1 1
v 0.4951994 2.30885 -0.5510001 1 1 1
v 0.4951994 2.30885 -0.576 1 1 1
v -0.4401994 2.30885 -0.5510001 1 1 1
v -0.4401994 2.30885 -0.576 1 1 1
v 0.4951994 2.35885 -0.576 1 1 1
v 0.4951994 2.35885 -0.5510001 1 1 1
v -0.4401994 2.35885 -0.576 1 1 1
v -0.4401994 2.35885 -0.5510001 1 1 1
v 0.4951994 1.925387 -0.5510001 1 1 1
v 0.4951994 1.925387 -0.576 1 1 1
v -0.4401994 1.925387 -0.5510001 1 1 1
v -0.4401994 1.925387 -0.576 1 1 1
v 0.4951994 1.975387 -0.576 1 1 1
v 0.4951994 1.975387 -0.5510001 1 1 1
v -0.4401994 1.975387 -0.576 1 1 1
v -0.4401994 1.975387 -0.5510001 1 1 1
v 0.4951994 1.541925 -0.5510001 1 1 1
v 0.4951994 1.541925 -0.576 1 1 1
v -0.4401994 1.541925 -0.5510001 1 1 1
v -0.4401994 1.541925 -0.576 1 1 1
v 0.4951994 1.591925 -0.576 1 1 1
v 0.4951994 1.591925 -0.5510001 1 1 1
v -0.4401994 1.591925 -0.576 1 1 1
v -0.4401994 1.591925 -0.5510001 1 1 1
v 0.4951994 1.158462 -0.5510001 1 1 1
v 0.4951994 1.158462 -0.576 1 1 1
v -0.4401994 1.158462 -0.5510001 1 1 1
v -0.4401994 1.158462 -0.576 1 1 1
v 0.4951994 1.208462 -0.576 1 1 1
v 0.4951994 1.208462 -0.5510001 1 1 1
v -0.4401994 1.208462 -0.576 1 1 1
v -0.4401994 1.208462 -0.5510001 1 1 1
v 0.2275 1.841438E-16 0.199 1 1 1
v 0.2275 1.841438E-16 -0.201 1 1 1
v -0.1725 1.841438E-16 0.199 1 1 1
v -0.1725 1.841438E-16 -0.201 1 1 1
v -0.4401994 2.692312 0.549 1 1 1
v -0.4401994 2.692312 0.574 1 1 1
v 0.4951994 2.692312 0.549 1 1 1
v 0.4951994 2.692312 0.574 1 1 1
v -0.4401994 2.742312 0.574 1 1 1
v -0.4401994 2.742312 0.549 1 1 1
v 0.4951994 2.742312 0.574 1 1 1
v 0.4951994 2.742312 0.549 1 1 1
v -0.4401994 1.541925 0.549 1 1 1
v -0.4401994 1.541925 0.574 1 1 1
v 0.4951994 1.541925 0.549 1 1 1
v 0.4951994 1.541925 0.574 1 1 1
v -0.4401994 1.591925 0.574 1 1 1
v -0.4401994 1.591925 0.549 1 1 1
v 0.4951994 1.591925 0.574 1 1 1
v 0.4951994 1.591925 0.549 1 1 1
v -0.4401994 3.459237 0.549 1 1 1
v -0.4401994 3.459237 0.574 1 1 1
v 0.4951994 3.459237 0.549 1 1 1
v 0.4951994 3.459237 0.574 1 1 1
v -0.4401994 3.509237 0.574 1 1 1
v -0.4401994 3.509237 0.549 1 1 1
v 0.4951994 3.509237 0.574 1 1 1
v 0.4951994 3.509237 0.549 1 1 1
v -0.4401994 1.925387 0.549 1 1 1
v -0.4401994 1.925387 0.574 1 1 1
v 0.4951994 1.925387 0.549 1 1 1
v 0.4951994 1.925387 0.574 1 1 1
v -0.4401994 1.975387 0.574 1 1 1
v -0.4401994 1.975387 0.549 1 1 1
v 0.4951994 1.975387 0.574 1 1 1
v 0.4951994 1.975387 0.549 1 1 1
v 0.3598006 0.8 0.619 1 1 1
v 0.3598006 3.867699 0.619 1 1 1
v 0.3598006 0.8 0.549 1 1 1
v 0.3598006 3.867699 0.549 1 1 1
v -0.4401994 0.8 0.619 1 1 1
v -0.4401994 3.867699 0.619 1 1 1
v -0.4401994 0.8 0.549 1 1 1
v -0.4401994 3.867699 0.549 1 1 1
v -0.3048006 3.867699 0.549 1 1 1
v -0.3048006 3.867699 0.619 1 1 1
v -0.04019941 0.8 0.619 1 1 1
v -0.04019941 3.867699 0.619 1 1 1
v -0.04019941 0.8 0.549 1 1 1
v -0.04019941 3.867699 0.549 1 1 1
v 0.09519941 3.867699 0.549 1 1 1
v 0.09519941 3.867699 0.619 1 1 1
v 0.09519941 0.8 0.619 1 1 1
v 0.09519941 0.8 0.549 1 1 1
v 0.4951994 3.867699 0.549 1 1 1
v 0.4951994 3.867699 0.619 1 1 1
v 0.4951994 0.8 0.619 1 1 1
v 0.4951994 0.8 0.549 1 1 1
v -0.3048006 0.8 0.619 1 1 1
v -0.3048006 0.8 0.549 1 1 1
v 0.5613496 0.8 0.619 1 1 1
v 0.5613496 3.91385 0.619 1 1 1
v 0.5613496 0.8 0.599 1 1 1
v 0.5613496 3.91385 0.599 1 1 1
v 0.1613497 0.8 0.619 1 1 1
v 0.1613497 3.91385 0.619 1 1 1
v 0.1613497 0.8 0.599 1 1 1
v 0.1613497 3.91385 0.599 1 1 1
v -0.4863497 3.93385 0.619 1 1 1
v -0.4863497 3.93385 0.599 1 1 1
v -0.2586503 3.93385 0.619 1 1 1
v -0.2586503 3.93385 0.599 1 1 1
v -0.5063497 3.91385 0.619 1 1 1
v -0.5063497 0.8 0.619 1 1 1
v -0.5063497 3.91385 0.599 1 1 1
v -0.5063497 0.8 0.599 1 1 1
v -0.1063497 3.91385 0.619 1 1 1
v -0.1063497 0.8 0.619 1 1 1
v -0.1063497 3.91385 0.599 1 1 1
v -0.1063497 0.8 0.599 1 1 1
v 0.2936503 3.91385 0.619 1 1 1
v 0.2936503 0.8 0.619 1 1 1
v 0.2936503 3.91385 0.599 1 1 1
v 0.2936503 0.8 0.599 1 1 1
v 0.1413497 3.93385 0.619 1 1 1
v 0.1413497 3.93385 0.599 1 1 1
v 0.5413496 3.93385 0.619 1 1 1
v 0.5413496 3.93385 0.599 1 1 1
v -0.0863497 3.93385 0.619 1 1 1
v -0.0863497 3.93385 0.599 1 1 1
v 0.3136503 3.93385 0.619 1 1 1
v 0.3136503 3.93385 0.599 1 1 1
v -0.2386503 0.8 0.619 1 1 1
v -0.2386503 3.91385 0.619 1 1 1
v -0.2386503 3.91385 0.599 1 1 1
v -0.2386503 0.8 0.599 1 1 1
v -0.5725001 0.8 0.009000001 1 1 1
v -0.5725001 0.8 0.599 1 1 1
v 0.0275 0.8 0.009000001 1 1 1
v 0.6275 0.8 0.009000001 1 1 1
v 0.6275 0.8 0.599 1 1 1
v -0.4401994 1.158462 0.549 1 1 1
v -0.4401994 1.158462 0.574 1 1 1
v 0.4951994 1.158462 0.549 1 1 1
v 0.4951994 1.158462 0.574 1 1 1
v -0.4401994 1.208462 0.574 1 1 1
v -0.4401994 1.208462 0.549 1 1 1
v 0.4951994 1.208462 0.574 1 1 1
v 0.4951994 1.208462 0.549 1 1 1
v -0.4401994 2.30885 0.549 1 1 1
v -0.4401994 2.30885 0.574 1 1 1
v 0.4951994 2.30885 0.549 1 1 1
v 0.4951994 2.30885 0.574 1 1 1
v -0.4401994 2.35885 0.574 1 1 1
v -0.4401994 2.35885 0.549 1 1 1
v 0.4951994 2.35885 0.574 1 1 1
v 0.4951994 2.35885 0.549 1 1 1
v -0.5925 1.804779E-16 -0.201 1 1 1
v -0.5925 1.804779E-16 -0.601 1 1 1
v -0.1725 1.804779E-16 -0.201 1 1 1
v -0.5725 1.804779E-16 -0.621 1 1 1
v -0.4925 1.804779E-16 -0.601 1 1 1
v -0.4925 1.804779E-16 -0.621 1 1 1
v -0.2525 1.804779E-16 -0.601 1 1 1
v -0.2525 1.804779E-16 -0.621 1 1 1
v -0.1725 1.804779E-16 -0.621 1 1 1
v -0.2225 0.05 -0.621 1 1 1
v -0.2225 0.05 -0.601 1 1 1
v -0.1725 0.05 -0.621 1 1 1
v -0.1725 0.05 -0.601 1 1 1
v -0.2225 0.28 -0.621 1 1 1
v -0.2225 0.28 -0.601 1 1 1
v -0.5225 0.05 -0.601 1 1 1
v -0.5225 0.05 -0.621 1 1 1
v -0.5725 0.05 -0.601 1 1 1
v -0.5725 0.05 -0.621 1 1 1
v -0.5725 0.05 -0.201 1 1 1
v -0.5925 0.05 -0.201 1 1 1
v -0.5925 0.05 -0.601 1 1 1
v -0.5225 0.28 -0.621 1 1 1
v -0.5225 0.28 -0.601 1 1 1
v -0.5025 0.3 -0.621 1 1 1
v -0.5025 0.3 -0.601 1 1 1
v -0.2425 0.3 -0.621 1 1 1
v -0.2425 0.3 -0.601 1 1 1
v -0.2525 0.27 -0.621 1 1 1
v -0.4925 0.27 -0.621 1 1 1
v 0.6475 0 -0.201 1 1 1
v 0.6475 0 -0.601 1 1 1
v 0.2275 0 -0.201 1 1 1
v 0.6275 0 -0.621 1 1 1
v 0.5475 0 -0.601 1 1 1
v 0.5475 0 -0.621 1 1 1
v 0.3075 0 -0.601 1 1 1
v 0.3075 0 -0.621 1 1 1
v 0.2275 0 -0.621 1 1 1
v 0.2775 0.05 -0.621 1 1 1
v 0.2775 0.05 -0.601 1 1 1
v 0.2275 0.05 -0.621 1 1 1
v 0.2275 0.05 -0.601 1 1 1
v 0.2775 0.28 -0.621 1 1 1
v 0.2775 0.28 -0.601 1 1 1
v 0.5775 0.05 -0.601 1 1 1
v 0.5775 0.05 -0.621 1 1 1
v 0.6275 0.05 -0.601 1 1 1
v 0.6275 0.05 -0.621 1 1 1
v 0.6275 0.05 -0.201 1 1 1
v 0.6475 0.05 -0.201 1 1 1
v 0.6475 0.05 -0.601 1 1 1
v 0.5775 0.28 -0.621 1 1 1
v 0.5775 0.28 -0.601 1 1 1
v 0.5575 0.3 -0.621 1 1 1
v 0.5575 0.3 -0.601 1 1 1
v 0.2975 0.3 -0.621 1 1 1
v 0.2975 0.3 -0.601 1 1 1
v 0.3075 0.27 -0.621 1 1 1
v 0.5475 0.27 -0.621 1 1 1
v 0.1475 0 -0.621 1 1 1
v 0.1475 0.27 -0.621 1 1 1
v 0.1475 0 -0.601 1 1 1
v 0.1475 0.27 -0.601 1 1 1
v -0.09250001 0.27 -0.621 1 1 1
v -0.09250001 0 -0.621 1 1 1
v -0.09250001 0.27 -0.601 1 1 1
v -0.09250001 0 -0.601 1 1 1
v -0.1725 0 -0.621 1 1 1
v -0.1225 0.05 -0.621 1 1 1
v -0.1225 0.28 -0.621 1 1 1
v 0.1775 0.28 -0.621 1 1 1
v -0.1025 0.3 -0.621 1 1 1
v 0.1575 0.3 -0.621 1 1 1
v 0.1775 0.05 -0.621 1 1 1
v -0.1225 0.05 -0.601 1 1 1
v -0.1225 0.28 -0.601 1 1 1
v 0.1775 0.05 -0.601 1 1 1
v 0.1775 0.28 -0.601 1 1 1
v 0.1575 0.3 -0.601 1 1 1
v -0.1025 0.3 -0.601 1 1 1
v -0.1725 0 -0.201 1 1 1
v -0.001770224 0.1142649 -0.581 1 1 1
v -0.001770224 0.1142649 -0.601 1 1 1
v 0.01749982 0.1142649 -0.581 1 1 1
v 0.01749982 0.1142649 -0.601 1 1 1
v -0.001770224 0.1557351 -0.601 1 1 1
v -0.001770224 0.1557351 -0.581 1 1 1
v 0.01749982 0.1557351 -0.601 1 1 1
v 0.01749982 0.1557351 -0.581 1 1 1
v 0.03750018 0.1142649 -0.581 1 1 1
v 0.03750018 0.1142649 -0.601 1 1 1
v 0.05677022 0.1142649 -0.581 1 1 1
v 0.05677022 0.1142649 -0.601 1 1 1
v 0.03750018 0.1557351 -0.601 1 1 1
v 0.03750018 0.1557351 -0.581 1 1 1
v 0.05677022 0.1557351 -0.601 1 1 1
v 0.05677022 0.1557351 -0.581 1 1 1
v 0.1275 0.28 0.619 1 1 1
v 0.1275 0.28 0.599 1 1 1
v 0.1275 0.05 0.619 1 1 1
v 0.1275 0.05 0.599 1 1 1
v 0.2275 0.05 0.599 1 1 1
v 0.2275 0.05 0.619 1 1 1
v -0.1725 0.05 0.599 1 1 1
v -0.07250001 0.05 0.599 1 1 1
v -0.1725 0.05 0.619 1 1 1
v -0.07250001 0.05 0.619 1 1 1
v -0.1725 1.841438E-16 0.199 1 1 1
v -0.1725 1.804779E-16 0.619 1 1 1
v 0.2275 1.841438E-16 0.199 1 1 1
v -0.0425 3.646217E-16 0.599 1 1 1
v -0.0425 3.646217E-16 0.619 1 1 1
v 0.0975 3.646217E-16 0.599 1 1 1
v 0.0975 3.646217E-16 0.619 1 1 1
v 0.2275 1.841438E-16 0.619 1 1 1
v -0.0525 0.3 0.599 1 1 1
v 0.1075 0.3 0.599 1 1 1
v -0.0525 0.3 0.619 1 1 1
v 0.1075 0.3 0.619 1 1 1
v -0.07250001 0.28 0.619 1 1 1
v -0.07250001 0.28 0.599 1 1 1
v 0.0975 0.27 0.619 1 1 1
v -0.0425 0.27 0.619 1 1 1
v -0.0425 0.27 0.599 1 1 1
v 0.0975 0.27 0.599 1 1 1
v 0.06071165 0.09534679 0.599 1 1 1
v 0.06071165 0.09534679 0.61 1 1 1
v 0.0799817 0.09534679 0.599 1 1 1
v 0.0799817 0.09534679 0.61 1 1 1
v 0.06071165 0.136817 0.61 1 1 1
v 0.06071165 0.136817 0.599 1 1 1
v 0.0799817 0.136817 0.61 1 1 1
v 0.0799817 0.136817 0.599 1 1 1
v 0.07339565 0.1142863 0.6100001 1 1 1
v 0.07339565 0.1273973 0.6100001 1 1 1
v 0.04248214 0.1142863 0.6100001 1 1 1
v 0.04248214 0.1273973 0.6100001 1 1 1
v 0.07339565 0.1142863 0.6210002 1 1 1
v 0.04248214 0.1142863 0.6210002 1 1 1
v 0.07339565 0.1273973 0.6210002 1 1 1
v 0.04248214 0.1273973 0.6210002 1 1 1
v -0.5725 1.98 0.299 1 1 1
v -0.5975 1.98 0.299 1 1 1
v -0.5725 2 0.299 1 1 1
v -0.5975 3.58 0.299 1 1 1
v -0.5725 3.58 0.299 1 1 1
v -0.5725 1.98 -0.301 1 1 1
v -0.5975 1.98 -0.301 1 1 1
v -0.5725 2 -0.301 1 1 1
v -0.5725 3.6 -0.281 1 1 1
v -0.5725 3.6 0.279 1 1 1
v -0.5975 3.6 -0.281 1 1 1
v -0.5975 3.6 0.279 1 1 1
v -0.5975 3.58 -0.301 1 1 1
v -0.5725 3.58 -0.301 1 1 1
v -0.5975 3.549201 0.2482015 1 1 1
v -0.5975 3.549201 -0.2502015 1 1 1
v -0.5975 2.050798 0.2482015 1 1 1
v -0.5975 2.050798 -0.2502015 1 1 1
v -0.585 3.549201 0.2482015 1 1 1
v -0.585 3.549201 -0.2502015 1 1 1
v -0.585 2.050798 -0.2502015 1 1 1
v -0.585 2.050798 0.2482015 1 1 1
v -0.5974998 1.98 0.299 1 1 1
v -0.6274998 1.98 0.299 1 1 1
v -0.5974998 2 0.299 1 1 1
v -0.6274998 2 0.299 1 1 1
v -0.6474998 1.98 -0.281 1 1 1
v -0.6474998 2 -0.281 1 1 1
v -0.6474998 1.98 0.279 1 1 1
v -0.6474998 2 0.279 1 1 1
v -0.6274998 1.98 -0.301 1 1 1
v -0.5974998 1.98 -0.301 1 1 1
v -0.6274998 2 -0.301 1 1 1
v -0.5974998 2 -0.301 1 1 1
v -0.2724998 0.1 -0.5810001 1 1 1
v -0.4724998 0.1 -0.5810001 1 1 1
v -0.2724998 0.25 -0.5810001 1 1 1
v -0.4724998 0.25 -0.5810001 1 1 1
v 0.3274998 0.1 -0.5810001 1 1 1
v 0.5274998 0.1 -0.5810001 1 1 1
v 0.3274998 0.25 -0.5810001 1 1 1
v 0.5274998 0.25 -0.5810001 1 1 1
v 0.0175 0.02 -0.5810001 1 1 1
v 0.0175 0.25 -0.5810001 1 1 1
v -0.07250001 0.02 -0.5810001 1 1 1
v -0.07250001 0.25 -0.5810001 1 1 1
v 0.1275 0.02 -0.5810001 1 1 1
v 0.1275 0.25 -0.5810001 1 1 1
v 0.0375 0.02 -0.5810001 1 1 1
v 0.0375 0.25 -0.5810001 1 1 1
v -0.5725001 4 -0.601 1 1 1
v 0.6275 4 -0.601 1 1 1
v 0.2275 0.4 -0.201 1 1 1
v 0.2275 0.4 0.199 1 1 1
v -0.1725 0.4 -0.201 1 1 1
v -0.1725 0.4 0.199 1 1 1
v 0.6275 0.8 -0.601 1 1 1
v 0.6275 0.8 0.599 1 1 1
v -0.5725001 0.8 -0.601 1 1 1
v -0.5725001 4 -0.601 1 1 1
v -0.5725001 0.8 0.599 1 1 1
v -0.5725001 4 0.599 1 1 1
v 0.6275 4 0.599 1 1 1
v -0.5725001 4 0.599 1 1 1
v 0.3598006 0.8 -0.601 1 1 1
v 0.3598006 0.7 -0.601 1 1 1
v 0.3598006 0.8 -0.551 1 1 1
v 0.4951994 0.7 -0.601 1 1 1
v 0.4951994 0.8 -0.601 1 1 1
v 0.4951994 0.8 -0.551 1 1 1
v -0.04019941 0.8 -0.601 1 1 1
v -0.04019941 0.7 -0.601 1 1 1
v -0.04019941 0.8 -0.551 1 1 1
v 0.09519941 0.7 -0.601 1 1 1
v 0.09519941 0.8 -0.601 1 1 1
v 0.09519941 0.8 -0.551 1 1 1
v -0.4401994 0.8 -0.601 1 1 1
v -0.4401994 0.7 -0.601 1 1 1
v -0.4401994 0.8 -0.551 1 1 1
v -0.3048006 0.7 -0.601 1 1 1
v -0.3048006 0.8 -0.601 1 1 1
v -0.3048006 0.8 -0.551 1 1 1
v 0.09519941 0.7 0.599 1 1 1
v 0.09519941 0.8 0.549 1 1 1
v 0.09519941 0.8 0.599 1 1 1
v -0.04019941 0.8 0.599 1 1 1
v -0.04019941 0.8 0.549 1 1 1
v -0.04019941 0.7 0.599 1 1 1
v -0.4401994 0.8 0.599 1 1 1
v -0.4401994 0.8 0.549 1 1 1
v -0.4401994 0.7 0.599 1 1 1
v 0.4951994 0.7 0.599 1 1 1
v 0.4951994 0.8 0.549 1 1 1
v 0.4951994 0.8 0.599 1 1 1
v 0.3598006 0.8 0.599 1 1 1
v 0.3598006 0.8 0.549 1 1 1
v 0.3598006 0.7 0.599 1 1 1
v -0.3048006 0.7 0.599 1 1 1
v -0.3048006 0.8 0.549 1 1 1
v -0.3048006 0.8 0.599 1 1 1
v 0.6275 0.45 -0.601 1 1 1
v 0.6275 0.45 0.599 1 1 1
v -0.5725001 0.45 0.599 1 1 1
v -0.5725001 0.45 -0.601 1 1 1
v -0.5925 0.45 0.599 1 1 1
v -0.5925 0.45 -0.601 1 1 1
v -0.5725001 0.45 0.619 1 1 1
v 0.6275 0.45 0.619 1 1 1
v -0.5725001 0.45 -0.621 1 1 1
v 0.6275 0.45 -0.621 1 1 1
v 0.6475 0.45 0.599 1 1 1
v 0.6475 0.45 -0.601 1 1 1
v 0.6475 0.4 0.599 1 1 1
v 0.6475 0.4 -0.601 1 1 1
v 0.6275 0.4 0.619 1 1 1
v 0.6275 0.4 -0.621 1 1 1
v -0.5725001 0.4 0.619 1 1 1
v -0.5725001 0.4 -0.621 1 1 1
v -0.5925 0.4 0.599 1 1 1
v -0.5925 0.4 -0.601 1 1 1
v 0.02749997 4 0.199 1 1 1
v 0.02749997 4 -0.201 1 1 1
v 0.2275 4 0.1989999 1 1 1
v -0.1725001 4 0.199 1 1 1
v -0.1725 4 0.1989999 1 1 1
v 0.2275 4 -0.201 1 1 1
v -0.1725001 4 -0.201 1 1 1
v 0.2275 4 -0.201 1 1 1
v 0.0275 4 -0.201 1 1 1
v 0.0275 4 0.199 1 1 1
v -0.1725 4 -0.201 1 1 1
v 0.6275 0.4 -0.201 1 1 1
v 0.6275 0.4 0.199 1 1 1
v -0.5725 0.4 0.599 1 1 1
v -0.1725 0.4 0.599 1 1 1
v -0.5725 0.4 0.199 1 1 1
v -0.5725 0.4 0.199 1 1 1
v -0.5725 0.4 -0.201 1 1 1
v 0.6275 0.4 0.599 1 1 1
v 0.6275001 0.4 0.199 1 1 1
v 0.2274999 0.4 0.599 1 1 1
v -0.1725 0.4 -0.601 1 1 1
v -0.5725 0.4 -0.601 1 1 1
v -0.5725 0.4 -0.201 1 1 1
v -0.2525 0.27 -0.601 1 1 1
v -0.4925 0.27 -0.601 1 1 1
v -0.4724998 0.02 -0.6010001 1 1 1
v -0.4724998 0.02 -0.5810001 1 1 1
v -0.2724998 0.02 -0.6010001 1 1 1
v -0.2724998 0.02 -0.5810001 1 1 1
v -0.4724998 0.25 -0.6010001 1 1 1
v -0.2724998 0.25 -0.6010001 1 1 1
v -0.2524998 0.27 -0.6010001 1 1 1
v -0.2524998 1.804779E-16 -0.6010001 1 1 1
v -0.4924998 0.27 -0.6010001 1 1 1
v -0.4924998 1.804779E-16 -0.6010001 1 1 1
v 0.2275 0.4 -0.601 1 1 1
v 0.6275 0.4 -0.601 1 1 1
v 0.6275 0.4 -0.201 1 1 1
v 0.3075 0.27 -0.601 1 1 1
v 0.5475 0.27 -0.601 1 1 1
v 0.5274998 0.02 -0.6010001 1 1 1
v 0.5274998 0.02 -0.5810001 1 1 1
v 0.3274998 0.02 -0.6010001 1 1 1
v 0.3274998 0.02 -0.5810001 1 1 1
v 0.5274998 0.25 -0.6010001 1 1 1
v 0.3274998 0.25 -0.6010001 1 1 1
v 0.3074998 0.27 -0.6010001 1 1 1
v 0.3074998 0 -0.6010001 1 1 1
v 0.5474998 0.27 -0.6010001 1 1 1
v 0.5474998 0 -0.6010001 1 1 1
v -0.1225 0.3 -0.601 1 1 1
v 0.1775 0.3 -0.601 1 1 1
v -0.07250001 0.25 -0.6010001 1 1 1
v -0.07250001 0.02 -0.6010001 1 1 1
v 0.1275 0.02 -0.6010001 1 1 1
v 0.0375 0.02 -0.6010001 1 1 1
v 0.1275 0.25 -0.6010001 1 1 1
v 0.0375 0.25 -0.6010001 1 1 1
v 0.0175 0.02 -0.6010001 1 1 1
v 0.0175 0.25 -0.6010001 1 1 1
v -0.09250001 0.27 -0.6010001 1 1 1
v -0.09250001 0 -0.6010001 1 1 1
v 0.1475 0 -0.6010001 1 1 1
v 0.1475 0.27 -0.6010001 1 1 1
v 0.2275 0.4 0.599 1 1 1
v 0.1275 0.3 0.599 1 1 1
v -0.07250001 0.3 0.599 1 1 1
v -0.1725 0.4 0.599 1 1 1
v -0.2724998 0.09999999 -0.5810001 1 1 1
v -0.4724998 0.09999999 -0.5810001 1 1 1
v 0.3274998 0.09999999 -0.5810001 1 1 1
v 0.5274998 0.09999999 -0.5810001 1 1 1
vn -1 0 0
vn 0 -1 0
vn 1 0 0
vn -0.9238795 0.3826834 0
vn 0.3826834 0.9238795 0
vn -0.3826834 0.9238795 0
vn 0.9238795 0.3826834 0
vn 0 0 -1
vn 1 0 -2.707418E-13
vn -1 0 2.707418E-13
vn 0 1 0
vn 1.192093E-07 0 1
vn -1.192093E-07 0 -1
vn 1 0 -1.192093E-07
vn -1 0 1.192093E-07
vn -0.9238796 0 0.3826836
vn -0.3826834 0 0.9238797
vn 0 0 1
vn 0.3826834 0 -0.9238795
vn 0.9238795 0 -0.3826834
vn 1.192093E-07 0 -1
vn -1.192093E-07 0 1
vn -1 0 -1.192093E-07
vn 1 0 1.192093E-07
vn 0.9238796 0 0.3826836
vn 0.3826834 0 0.9238797
vn -0.3826834 0 -0.9238795
vn -0.9238795 0 -0.3826834
vn 0.9238795 0 0.3826834
vn 0.3826834 0 0.9238795
vn -0.3826834 0 0.9238795
vn -0.9238795 0 0.3826834
vn 8.537615E-14 0 1
vn -1 0 8.537615E-14
vn -1 0 -1.224647E-16
vn 1.6957E-14 -0.7071068 0.7071068
vn 1.6957E-14 0.7071068 0.7071068
vn 0 -0.7071068 -0.7071068
vn 0 0.7071068 -0.7071068
vn 1 0 -2.398082E-14
vn -1 0 2.398082E-14
vn 0.9238795 0.3826834 -2.215539E-14
vn -0.3826834 0.9238795 9.177062E-15
vn 0.3826834 0.9238795 -9.177062E-15
vn -0.9238795 0.3826834 2.215539E-14
vn 2.398082E-14 0 1
vn -0.7071068 -0.7071068 0
vn 0.7071068 -0.7071068 0
vn -0.7071068 0.7071068 0
vn 0.7071068 0.7071068 0
vn 0.9238795 0.3826834 -7.141522E-14
vn 1 0 -7.729928E-14
vn -0.3826834 0.9238795 2.958115E-14
vn 0.3826834 0.9238795 -2.958115E-14
vn -0.9238795 0.3826834 7.141522E-14
vn -1 0 7.729928E-14
vn 7.729928E-14 0 1
vn -0.7071068 -0.7071068 5.465884E-14
vn 0.7071068 -0.7071068 -5.465884E-14
vn -0.7071068 0.7071068 5.465884E-14
vn 0.7071068 0.7071068 -5.465884E-14
vn -7.729928E-14 0 -1
vn 0.7071068 0 0.7071068
vn -0.7071068 0 0.7071068
vn 0 0.3826834 0.9238795
vn 0 0.9238795 -0.3826834
vn 0 0.9238795 0.3826834
vn 0 0.3826834 -0.9238795
vn 0 -0.7071068 -0.7071068
vn 0 -0.7071068 0.7071068
vn 0 0.7071068 0.7071068
vn 0 0.7071068 -0.7071068
vn 0 0.4472136 -0.8944272
vn 0 0.4472136 0.8944272
vn 0 -1.818415E-16 -1
vt 0.09375 0.275
vt 0.09375 0.4667312
vt 0.09375 0.4696156
vt 0.09375 0.4708656
vt 0.09375 0.35
vt 0.09375 0.475
vt 0.09375 0.3
vt 0.09375 0.415
vt 0.09375 0.425
vt 0.09375 0.41
vt 0.09375 0.325
vt 0.09375 0.2774691
vt 0.09375 0.4725309
vt 0.09375 0.4687286
vt 0.09375 0.2837406
vt 0.71875 0.525
vt 0.71875 0.7167312
vt 0.71875 0.5546296
vt 0.71875 0.5990741
vt 0.71875 0.5309259
vt 0.46875 0.275
vt 0.46875 0.475
vt 0.46875 0.4696156
vt 0.46875 0.4708656
vt 0.46875 0.425
vt 0.46875 0.4
vt 0.46875 0.3375
vt 0.46875 0.325
vt 0.21875 0.275
vt 0.21875 0.475
vt 0.21875 0.3
vt 0.21875 0.415
vt 0.21875 0.425
vt 0.21875 0.41
vt 0.21875 0.2809259
vt 0.21875 0.3490741
vt 0.21875 0.3046296
vt 0.21875 0.355
vt 0.09375 0.525
vt 0.09375 0.725
vt 0.09375 0.5337406
vt 0.09375 0.7187286
vt -1.14500020 8.00000000
vt -1.01269940 1.60000000
vt -1.14500020 1.60000000
vt -1.01269940 1.60000000
vt -1.14500020 8.00000000
vt -1.01269940 7.82770000
vt -1.01269940 7.82770000
vt -1.14500020 8.00000000
vt -0.97269940 7.86770000
vt -0.97269940 7.86770000
vt -1.14500020 8.00000000
vt -0.51730060 7.86770000
vt -0.51730060 7.86770000
vt -1.14500020 8.00000000
vt -0.17269940 7.86770000
vt -0.21269940 7.82770000
vt -0.51730060 7.86770000
vt -0.17269940 7.86770000
vt -0.21269940 7.82770000
vt -0.47730060 7.82770000
vt -0.51730060 7.86770000
vt -0.21269940 1.60000000
vt -0.47730060 7.82770000
vt -0.21269940 7.82770000
vt -0.47730060 7.82770000
vt -0.21269940 1.60000000
vt -0.47730060 1.60000000
vt -0.17269940 7.86770000
vt -1.14500020 8.00000000
vt 0.28269940 7.86770000
vt 0.28269940 7.86770000
vt -1.14500020 8.00000000
vt 0.62730060 7.86770000
vt 0.62730060 7.86770000
vt -1.14500020 8.00000000
vt 1.08269920 7.86770000
vt 0.58730060 7.82770000
vt 0.28269940 7.86770000
vt 0.62730060 7.86770000
vt 0.58730060 7.82770000
vt 0.32269940 7.82770000
vt 0.28269940 7.86770000
vt 0.58730060 1.60000000
vt 0.32269940 7.82770000
vt 0.58730060 7.82770000
vt 0.32269940 7.82770000
vt 0.58730060 1.60000000
vt 0.32269940 1.60000000
vt 1.25500000 8.00000000
vt 1.08269920 7.86770000
vt -1.14500020 8.00000000
vt 1.25500000 8.00000000
vt 1.12269920 7.82770000
vt 1.08269920 7.86770000
vt 1.25500000 8.00000000
vt 1.12269920 1.60000000
vt 1.12269920 7.82770000
vt 1.12269920 1.60000000
vt 1.25500000 8.00000000
vt 1.25500000 1.60000000
vt 1.09800000 6.15154800
vt 1.14800000 6.25154800
vt 1.14800000 6.15154800
vt 1.14800000 6.25154800
vt 1.09800000 6.15154800
vt 1.09800000 6.25154800
vt 1.09800000 6.25154800
vt 1.14800000 6.15154800
vt 1.14800000 6.25154800
vt 1.14800000 6.15154800
vt 1.09800000 6.25154800
vt 1.09800000 6.15154800
vt -1.10200020 6.91847400
vt -1.15200000 7.01847400
vt -1.15200000 6.91847400
vt -1.15200000 7.01847400
vt -1.10200020 6.91847400
vt -1.10200020 7.01847400
vt -1.10200020 7.01847400
vt -1.15200000 6.91847400
vt -1.15200000 7.01847400
vt -1.15200000 6.91847400
vt -1.10200020 7.01847400
vt -1.10200020 6.91847400
vt -1.10200020 6.15154800
vt -1.15200000 6.25154800
vt -1.15200000 6.15154800
vt -1.15200000 6.25154800
vt -1.10200020 6.15154800
vt -1.10200020 6.25154800
vt -1.10200020 6.25154800
vt -1.15200000 6.15154800
vt -1.15200000 6.25154800
vt -1.15200000 6.15154800
vt -1.10200020 6.25154800
vt -1.10200020 6.15154800
vt -1.10200020 5.38462400
vt -1.15200000 5.48462400
vt -1.15200000 5.38462400
vt -1.15200000 5.48462400
vt -1.10200020 5.38462400
vt -1.10200020 5.48462400
vt -1.10200020 5.48462400
vt -1.15200000 5.38462400
vt -1.15200000 5.48462400
vt -1.15200000 5.38462400
vt -1.10200020 5.48462400
vt -1.10200020 5.38462400
vt -1.10200020 4.61770000
vt -1.15200000 4.71770000
vt -1.15200000 4.61770000
vt -1.15200000 4.71770000
vt -1.10200020 4.61770000
vt -1.10200020 4.71770000
vt -1.10200020 4.71770000
vt -1.15200000 4.61770000
vt -1.15200000 4.71770000
vt -1.15200000 4.61770000
vt -1.10200020 4.71770000
vt -1.10200020 4.61770000
vt -1.10200020 3.85077400
vt -1.15200000 3.95077400
vt -1.15200000 3.85077400
vt -1.15200000 3.95077400
vt -1.10200020 3.85077400
vt -1.10200020 3.95077400
vt -1.10200020 3.95077400
vt -1.15200000 3.85077400
vt -1.15200000 3.95077400
vt -1.15200000 3.85077400
vt -1.10200020 3.95077400
vt -1.10200020 3.85077400
vt -1.10200020 3.08385000
vt -1.15200000 3.18385000
vt -1.15200000 3.08385000
vt -1.15200000 3.18385000
vt -1.10200020 3.08385000
vt -1.10200020 3.18385000
vt -1.10200020 3.18385000
vt -1.15200000 3.08385000
vt -1.15200000 3.18385000
vt -1.15200000 3.08385000
vt -1.10200020 3.18385000
vt -1.10200020 3.08385000
vt -1.10200020 2.31692400
vt -1.15200000 2.41692400
vt -1.15200000 2.31692400
vt -1.15200000 2.41692400
vt -1.10200020 2.31692400
vt -1.10200020 2.41692400
vt -1.10200020 2.41692400
vt -1.15200000 2.31692400
vt -1.15200000 2.41692400
vt -1.15200000 2.31692400
vt -1.10200020 2.41692400
vt -1.10200020 2.31692400
vt -0.34500000 -0.40200000
vt 0.45500000 0.39800000
vt 0.45500000 -0.40200000
vt 0.45500000 0.39800000
vt -0.34500000 -0.40200000
vt -0.34500000 0.39800000
vt 1.19800000 8.00000000
vt -1.20200000 1.60000000
vt -1.20200000 8.00000000
vt -1.20200000 1.60000000
vt 1.19800000 8.00000000
vt 1.19800000 1.60000000
vt 1.19800000 1.60000000
vt -1.20200000 8.00000000
vt -1.20200000 1.60000000
vt -1.20200000 8.00000000
vt 1.19800000 1.60000000
vt 1.19800000 8.00000000
vt 1.09800000 5.38462400
vt 1.14800000 5.48462400
vt 1.14800000 5.38462400
vt 1.14800000 5.48462400
vt 1.09800000 5.38462400
vt 1.09800000 5.48462400
vt 1.09800000 5.48462400
vt 1.14800000 5.38462400
vt 1.14800000 5.48462400
vt 1.14800000 5.38462400
vt 1.09800000 5.48462400
vt 1.09800000 5.38462400
vt 1.09800000 3.08385000
vt 1.14800000 3.18385000
vt 1.14800000 3.08385000
vt 1.14800000 3.18385000
vt 1.09800000 3.08385000
vt 1.09800000 3.18385000
vt 1.09800000 3.18385000
vt 1.14800000 3.08385000
vt 1.14800000 3.18385000
vt 1.14800000 3.08385000
vt 1.09800000 3.18385000
vt 1.09800000 3.08385000
vt 1.09800000 6.91847400
vt 1.14800000 7.01847400
vt 1.14800000 6.91847400
vt 1.14800000 7.01847400
vt 1.09800000 6.91847400
vt 1.09800000 7.01847400
vt 1.09800000 7.01847400
vt 1.14800000 6.91847400
vt 1.14800000 7.01847400
vt 1.14800000 6.91847400
vt 1.09800000 7.01847400
vt 1.09800000 6.91847400
vt 1.09800000 3.85077400
vt 1.14800000 3.95077400
vt 1.14800000 3.85077400
vt 1.14800000 3.95077400
vt 1.09800000 3.85077400
vt 1.09800000 3.95077400
vt 1.09800000 3.95077400
vt 1.14800000 3.85077400
vt 1.14800000 3.95077400
vt 1.14800000 3.85077400
vt 1.09800000 3.95077400
vt 1.09800000 3.85077400
vt 1.25500000 8.00000000
vt 1.12269920 1.60000000
vt 1.25500000 1.60000000
vt 1.12269920 1.60000000
vt 1.25500000 8.00000000
vt 1.12269920 7.82770000
vt 1.12269920 7.82770000
vt 1.25500000 8.00000000
vt 1.08269920 7.86770000
vt 1.08269920 7.86770000
vt 1.25500000 8.00000000
vt 0.62730060 7.86770000
vt 0.62730060 7.86770000
vt 1.25500000 8.00000000
vt 0.28269940 7.86770000
vt 0.32269940 7.82770000
vt 0.62730060 7.86770000
vt 0.28269940 7.86770000
vt 0.32269940 7.82770000
vt 0.58730060 7.82770000
vt 0.62730060 7.86770000
vt 0.32269940 1.60000000
vt 0.58730060 7.82770000
vt 0.32269940 7.82770000
vt 0.58730060 7.82770000
vt 0.32269940 1.60000000
vt 0.58730060 1.60000000
vt 0.28269940 7.86770000
vt 1.25500000 8.00000000
vt -0.17269940 7.86770000
vt -0.17269940 7.86770000
vt 1.25500000 8.00000000
vt -0.51730060 7.86770000
vt -0.51730060 7.86770000
vt 1.25500000 8.00000000
vt -0.97269940 7.86770000
vt -0.47730060 7.82770000
vt -0.17269940 7.86770000
vt -0.51730060 7.86770000
vt -0.47730060 7.82770000
vt -0.21269940 7.82770000
vt -0.17269940 7.86770000
vt -0.47730060 1.60000000
vt -0.21269940 7.82770000
vt -0.47730060 7.82770000
vt -0.21269940 7.82770000
vt -0.47730060 1.60000000
vt -0.21269940 1.60000000
vt -1.14500020 8.00000000
vt -0.97269940 7.86770000
vt 1.25500000 8.00000000
vt -1.14500020 8.00000000
vt -1.01269940 7.82770000
vt -0.97269940 7.86770000
vt -1.14500020 8.00000000
vt -1.01269940 1.60000000
vt -1.01269940 7.82770000
vt -1.01269940 1.60000000
vt -1.14500020 8.00000000
vt -1.14500020 1.60000000
vt 1.09800000 2.31692400
vt 1.14800000 2.41692400
vt 1.14800000 2.31692400
vt 1.14800000 2.41692400
vt 1.09800000 2.31692400
vt 1.09800000 2.41692400
vt 1.09800000 2.41692400
vt 1.14800000 2.31692400
vt 1.14800000 2.41692400
vt 1.14800000 2.31692400
vt 1.09800000 2.41692400
vt 1.09800000 2.31692400
vt 1.09800000 4.61770000
vt 1.14800000 4.71770000
vt 1.14800000 4.61770000
vt 1.14800000 4.71770000
vt 1.09800000 4.61770000
vt 1.09800000 4.71770000
vt 1.09800000 4.71770000
vt 1.14800000 4.61770000
vt 1.14800000 4.71770000
vt 1.14800000 4.61770000
vt 1.09800000 4.71770000
vt 1.09800000 4.61770000
vt -1.10200000 1.60000000
vt -1.20200000 1.40000000
vt -1.20200000 1.60000000
vt -1.10200000 1.60000000
vt -1.20200000 1.60000000
vt -1.20200000 1.40000000
vt -1.10200000 1.60000000
vt -1.20200000 1.40000000
vt -1.20200000 1.60000000
vt -1.10200000 1.60000000
vt -1.20200000 1.60000000
vt -1.20200000 1.40000000
vt -1.10200000 1.60000000
vt -1.20200000 1.40000000
vt -1.20200000 1.60000000
vt -1.10200000 1.60000000
vt -1.20200000 1.60000000
vt -1.20200000 1.40000000
vt 1.19800000 1.60000000
vt 1.09800000 1.60000000
vt 1.19800000 1.40000000
vt 1.19800000 1.40000000
vt 1.09800000 1.60000000
vt 1.19800000 1.60000000
vt 1.19800000 1.40000000
vt 1.09800000 1.60000000
vt 1.19800000 1.60000000
vt 1.19800000 1.60000000
vt 1.09800000 1.60000000
vt 1.19800000 1.40000000
vt 1.19800000 1.40000000
vt 1.09800000 1.60000000
vt 1.19800000 1.60000000
vt 1.19800000 1.60000000
vt 1.09800000 1.60000000
vt 1.19800000 1.40000000
vt 1.19800000 1.60000000
vt -1.20200000 0.90000000
vt -1.20200000 1.60000000
vt -1.20200000 0.90000000
vt 1.19800000 1.60000000
vt 1.19800000 0.90000000
vt 0.71960120 1.60000000
vt 0.99039880 1.40000000
vt 0.71960120 1.40000000
vt 0.99039880 1.40000000
vt 0.71960120 1.60000000
vt 0.99039880 1.60000000
vt -0.08039882 1.60000000
vt 0.19039882 1.40000000
vt -0.08039882 1.40000000
vt 0.19039882 1.40000000
vt -0.08039882 1.60000000
vt 0.19039882 1.60000000
vt -0.88039880 1.60000000
vt -0.60960120 1.40000000
vt -0.88039880 1.40000000
vt -0.60960120 1.40000000
vt -0.88039880 1.60000000
vt -0.60960120 1.60000000
vt 0.99039880 1.60000000
vt 0.71960120 1.40000000
vt 0.99039880 1.40000000
vt 0.71960120 1.40000000
vt 0.99039880 1.60000000
vt 0.71960120 1.60000000
vt 0.99039880 1.40000000
vt 1.25500000 1.60000000
vt 0.99039880 1.60000000
vt 0.99039880 1.40000000
vt 1.25500000 0.90000000
vt 1.25500000 1.60000000
vt 1.25500000 0.90000000
vt 0.99039880 1.40000000
vt -1.14500020 0.90000000
vt -0.88039880 1.40000000
vt -1.14500020 0.90000000
vt 0.99039880 1.40000000
vt -1.14500020 0.90000000
vt -0.88039880 1.40000000
vt -1.14500020 1.60000000
vt -1.14500020 1.60000000
vt -0.88039880 1.40000000
vt -0.88039880 1.60000000
vt -0.88039880 1.40000000
vt 0.99039880 1.40000000
vt 0.71960120 1.40000000
vt -0.88039880 1.40000000
vt 0.71960120 1.40000000
vt 0.19039882 1.40000000
vt 0.71960120 1.60000000
vt 0.19039882 1.40000000
vt 0.71960120 1.40000000
vt 0.19039882 1.40000000
vt 0.71960120 1.60000000
vt 0.19039882 1.60000000
vt -0.88039880 1.40000000
vt 0.19039882 1.40000000
vt -0.08039882 1.40000000
vt -0.88039880 1.40000000
vt -0.08039882 1.40000000
vt -0.60960120 1.40000000
vt -0.08039882 1.60000000
vt -0.60960120 1.40000000
vt -0.08039882 1.40000000
vt -0.60960120 1.40000000
vt -0.08039882 1.60000000
vt -0.60960120 1.60000000
vt -0.60960120 1.60000000
vt -0.88039880 1.40000000
vt -0.60960120 1.40000000
vt -0.88039880 1.40000000
vt -0.60960120 1.60000000
vt -0.88039880 1.60000000
vt 0.19039882 1.60000000
vt -0.08039882 1.40000000
vt 0.19039882 1.40000000
vt -0.08039882 1.40000000
vt 0.19039882 1.60000000
vt -0.08039882 1.60000000
vt -0.88039880 1.40000000
vt -1.14500020 1.60000000
vt -0.88039880 1.60000000
vt -0.88039880 1.40000000
vt -1.14500020 0.90000000
vt -1.14500020 1.60000000
vt -1.14500020 0.90000000
vt -0.88039880 1.40000000
vt 1.25500000 0.90000000
vt 0.99039880 1.40000000
vt 1.25500000 0.90000000
vt -0.88039880 1.40000000
vt 1.25500000 0.90000000
vt 0.99039880 1.40000000
vt 1.25500000 1.60000000
vt 1.25500000 1.60000000
vt 0.99039880 1.40000000
vt 0.99039880 1.60000000
vt 0.99039880 1.40000000
vt -0.88039880 1.40000000
vt -0.60960120 1.40000000
vt 0.99039880 1.40000000
vt -0.60960120 1.40000000
vt -0.08039882 1.40000000
vt -0.60960120 1.60000000
vt -0.08039882 1.40000000
vt -0.60960120 1.40000000
vt -0.08039882 1.40000000
vt -0.60960120 1.60000000
vt -0.08039882 1.60000000
vt 0.99039880 1.40000000
vt -0.08039882 1.40000000
vt 0.19039882 1.40000000
vt 0.99039880 1.40000000
vt 0.19039882 1.40000000
vt 0.71960120 1.40000000
vt 0.19039882 1.60000000
vt 0.71960120 1.40000000
vt 0.19039882 1.40000000
vt 0.71960120 1.40000000
vt 0.19039882 1.60000000
vt 0.71960120 1.60000000
vt 1.19800000 0.90000000
vt -1.20200000 1.60000000
vt -1.20200000 0.90000000
vt -1.20200000 1.60000000
vt 1.19800000 0.90000000
vt 1.19800000 1.60000000
vt -1.14500020 1.23800000
vt -1.18500000 -1.20200000
vt -1.18500000 1.19800000
vt -1.14500020 1.19800000
vt -1.18500000 -1.20200000
vt -1.14500020 1.23800000
vt 1.25500000 1.23800000
vt -1.14500020 1.19800000
vt -1.14500020 1.23800000
vt -1.14500020 -1.20200000
vt -1.18500000 -1.20200000
vt -1.14500020 1.19800000
vt -1.14500020 -1.20200000
vt -1.14500020 -1.24200000
vt -1.18500000 -1.20200000
vt 1.25500000 1.23800000
vt 1.25500000 1.19800000
vt -1.14500020 1.19800000
vt 1.25500000 -1.20200000
vt -1.14500020 -1.24200000
vt -1.14500020 -1.20200000
vt 1.25500000 1.23800000
vt 1.25500000 -1.20200000
vt 1.25500000 1.19800000
vt -1.14500020 -1.24200000
vt 1.25500000 -1.20200000
vt 1.25500000 -1.24200000
vt 1.25500000 1.23800000
vt 1.25500000 -1.24200000
vt 1.25500000 -1.20200000
vt 1.29500000 1.19800000
vt 1.25500000 -1.24200000
vt 1.25500000 1.23800000
vt 1.25500000 -1.24200000
vt 1.29500000 1.19800000
vt 1.29500000 -1.20200000
vt 1.25500000 1.23800000
vt 1.29500000 -1.20200000
vt 1.29500000 1.19800000
vt 1.29500000 -1.20200000
vt 1.25500000 1.23800000
vt 1.25500000 -1.24200000
vt 1.25500000 -1.24200000
vt 1.25500000 1.23800000
vt -1.14500020 1.23800000
vt 1.25500000 -1.24200000
vt -1.14500020 1.23800000
vt -1.14500020 -1.24200000
vt -1.14500020 -1.24200000
vt -1.14500020 1.23800000
vt -1.18500000 1.19800000
vt -1.14500020 -1.24200000
vt -1.18500000 1.19800000
vt -1.18500000 -1.20200000
vt -1.20200000 0.90000000
vt 1.19800000 0.80000000
vt 1.19800000 0.90000000
vt 1.19800000 0.80000000
vt 1.23800000 0.90000000
vt 1.19800000 0.90000000
vt 1.19800000 0.80000000
vt -1.20200000 0.90000000
vt -1.20200000 0.80000000
vt -1.14500020 0.90000000
vt -1.18500000 0.80000000
vt -1.14500020 0.80000000
vt -1.20200000 0.90000000
vt -1.24200000 0.80000000
vt -1.20200000 0.80000000
vt -1.14500020 0.80000000
vt 1.25500000 0.90000000
vt -1.14500020 0.90000000
vt -1.14500020 0.80000000
vt -1.18500000 0.90000000
vt -1.14500020 0.90000000
vt 1.25500000 0.90000000
vt -1.14500020 0.80000000
vt 1.25500000 0.80000000
vt -1.14500020 0.90000000
vt 1.25500000 0.80000000
vt -1.14500020 0.80000000
vt 1.25500000 0.80000000
vt 1.29500000 0.90000000
vt 1.25500000 0.90000000
vt 1.25500000 0.80000000
vt -1.14500020 0.90000000
vt 1.25500000 0.90000000
vt 1.19800000 0.90000000
vt 1.23800000 0.80000000
vt 1.19800000 0.80000000
vt 1.25500000 0.90000000
vt 1.29500000 0.80000000
vt 1.25500000 0.80000000
vt 1.19800000 0.80000000
vt -1.20200000 0.90000000
vt 1.19800000 0.90000000
vt -1.20200000 0.90000000
vt 1.19800000 0.80000000
vt -1.20200000 0.80000000
vt -1.20200000 0.80000000
vt -1.24200000 0.90000000
vt -1.20200000 0.90000000
vt -1.14500020 8.00000000
vt -1.01269940 1.60000000
vt -1.14500020 1.60000000
vt -1.01269940 1.60000000
vt -1.14500020 8.00000000
vt -1.01269940 7.82770000
vt -1.01269940 7.82770000
vt -1.14500020 8.00000000
vt -0.97269940 7.86770000
vt -0.97269940 7.86770000
vt -1.14500020 8.00000000
vt -0.51730060 7.86770000
vt -0.51730060 7.86770000
vt -1.14500020 8.00000000
vt -0.17269940 7.86770000
vt -0.21269940 7.82770000
vt -0.51730060 7.86770000
vt -0.17269940 7.86770000
vt -0.21269940 7.82770000
vt -0.47730060 7.82770000
vt -0.51730060 7.86770000
vt -0.21269940 1.60000000
vt -0.47730060 7.82770000
vt -0.21269940 7.82770000
vt -0.47730060 7.82770000
vt -0.21269940 1.60000000
vt -0.47730060 1.60000000
vt -0.17269940 7.86770000
vt -1.14500020 8.00000000
vt 0.28269940 7.86770000
vt 0.28269940 7.86770000
vt -1.14500020 8.00000000
vt 0.62730060 7.86770000
vt 0.62730060 7.86770000
vt -1.14500020 8.00000000
vt 1.08269920 7.86770000
vt 0.58730060 7.82770000
vt 0.28269940 7.86770000
vt 0.62730060 7.86770000
vt 0.58730060 7.82770000
vt 0.32269940 7.82770000
vt 0.28269940 7.86770000
vt 0.58730060 1.60000000
vt 0.32269940 7.82770000
vt 0.58730060 7.82770000
vt 0.32269940 7.82770000
vt 0.58730060 1.60000000
vt 0.32269940 1.60000000
vt 1.25500000 8.00000000
vt 1.08269920 7.86770000
vt -1.14500020 8.00000000
vt 1.25500000 8.00000000
vt 1.12269920 7.82770000
vt 1.08269920 7.86770000
vt 1.25500000 8.00000000
vt 1.12269920 1.60000000
vt 1.12269920 7.82770000
vt 1.12269920 1.60000000
vt 1.25500000 8.00000000
vt 1.25500000 1.60000000
vt 1.09800000 6.15154800
vt 1.14800000 6.25154800
vt 1.14800000 6.15154800
vt 1.14800000 6.25154800
vt 1.09800000 6.15154800
vt 1.09800000 6.25154800
vt 1.09800000 6.25154800
vt 1.14800000 6.15154800
vt 1.14800000 6.25154800
vt 1.14800000 6.15154800
vt 1.09800000 6.25154800
vt 1.09800000 6.15154800
vt -1.10200020 6.91847400
vt -1.15200000 7.01847400
vt -1.15200000 6.91847400
vt -1.15200000 7.01847400
vt -1.10200020 6.91847400
vt -1.10200020 7.01847400
vt -1.10200020 7.01847400
vt -1.15200000 6.91847400
vt -1.15200000 7.01847400
vt -1.15200000 6.91847400
vt -1.10200020 7.01847400
vt -1.10200020 6.91847400
vt -1.10200020 6.15154800
vt -1.15200000 6.25154800
vt -1.15200000 6.15154800
vt -1.15200000 6.25154800
vt -1.10200020 6.15154800
vt -1.10200020 6.25154800
vt -1.10200020 6.25154800
vt -1.15200000 6.15154800
vt -1.15200000 6.25154800
vt -1.15200000 6.15154800
vt -1.10200020 6.25154800
vt -1.10200020 6.15154800
vt -1.10200020 5.38462400
vt -1.15200000 5.48462400
vt -1.15200000 5.38462400
vt -1.15200000 5.48462400
vt -1.10200020 5.38462400
vt -1.10200020 5.48462400
vt -1.10200020 5.48462400
vt -1.15200000 5.38462400
vt -1.15200000 5.48462400
vt -1.15200000 5.38462400
vt -1.10200020 5.48462400
vt -1.10200020 5.38462400
vt -1.10200020 4.61770000
vt -1.15200000 4.71770000
vt -1.15200000 4.61770000
vt -1.15200000 4.71770000
vt -1.10200020 4.61770000
vt -1.10200020 4.71770000
vt -1.10200020 4.71770000
vt -1.15200000 4.61770000
vt -1.15200000 4.71770000
vt -1.15200000 4.61770000
vt -1.10200020 4.71770000
vt -1.10200020 4.61770000
vt -1.10200020 3.85077400
vt -1.15200000 3.95077400
vt -1.15200000 3.85077400
vt -1.15200000 3.95077400
vt -1.10200020 3.85077400
vt -1.10200020 3.95077400
vt -1.10200020 3.95077400
vt -1.15200000 3.85077400
vt -1.15200000 3.95077400
vt -1.15200000 3.85077400
vt -1.10200020 3.95077400
vt -1.10200020 3.85077400
vt -1.10200020 3.08385000
vt -1.15200000 3.18385000
vt -1.15200000 3.08385000
vt -1.15200000 3.18385000
vt -1.10200020 3.08385000
vt -1.10200020 3.18385000
vt -1.10200020 3.18385000
vt -1.15200000 3.08385000
vt -1.15200000 3.18385000
vt -1.15200000 3.08385000
vt -1.10200020 3.18385000
vt -1.10200020 3.08385000
vt -1.10200020 2.31692400
vt -1.15200000 2.41692400
vt -1.15200000 2.31692400
vt -1.15200000 2.41692400
vt -1.10200020 2.31692400
vt -1.10200020 2.41692400
vt -1.10200020 2.41692400
vt -1.15200000 2.31692400
vt -1.15200000 2.41692400
vt -1.15200000 2.31692400
vt -1.10200020 2.41692400
vt -1.10200020 2.31692400
vt -0.34500000 -0.40200000
vt 0.45500000 0.39800000
vt 0.45500000 -0.40200000
vt 0.45500000 0.39800000
vt -0.34500000 -0.40200000
vt -0.34500000 0.39800000
vt 1.19800000 8.00000000
vt -1.20200000 1.60000000
vt -1.20200000 8.00000000
vt -1.20200000 1.60000000
vt 1.19800000 8.00000000
vt 1.19800000 1.60000000
vt 1.19800000 1.60000000
vt -1.20200000 8.00000000
vt -1.20200000 1.60000000
vt -1.20200000 8.00000000
vt 1.19800000 1.60000000
vt 1.19800000 8.00000000
vt 1.09800000 5.38462400
vt 1.14800000 5.48462400
vt 1.14800000 5.38462400
vt 1.14800000 5.48462400
vt 1.09800000 5.38462400
vt 1.09800000 5.48462400
vt 1.09800000 5.48462400
vt 1.14800000 5.38462400
vt 1.14800000 5.48462400
vt 1.14800000 5.38462400
vt 1.09800000 5.48462400
vt 1.09800000 5.38462400
vt 1.09800000 3.08385000
vt 1.14800000 3.18385000
vt 1.14800000 3.08385000
vt 1.14800000 3.18385000
vt 1.09800000 3.08385000
vt 1.09800000 3.18385000
vt 1.09800000 3.18385000
vt 1.14800000 3.08385000
vt 1.14800000 3.18385000
vt 1.14800000 3.08385000
vt 1.09800000 3.18385000
vt 1.09800000 3.08385000
vt 1.09800000 6.91847400
vt 1.14800000 7.01847400
vt 1.14800000 6.91847400
vt 1.14800000 7.01847400
vt 1.09800000 6.91847400
vt 1.09800000 7.01847400
vt 1.09800000 7.01847400
vt 1.14800000 6.91847400
vt 1.14800000 7.01847400
vt 1.14800000 6.91847400
vt 1.09800000 7.01847400
vt 1.09800000 6.91847400
vt 1.09800000 3.85077400
vt 1.14800000 3.95077400
vt 1.14800000 3.85077400
vt 1.14800000 3.95077400
vt 1.09800000 3.85077400
vt 1.09800000 3.95077400
vt 1.09800000 3.95077400
vt 1.14800000 3.85077400
vt 1.14800000 3.95077400
vt 1.14800000 3.85077400
vt 1.09800000 3.95077400
vt 1.09800000 3.85077400
vt 1.25500000 8.00000000
vt 1.12269920 1.60000000
vt 1.25500000 1.60000000
vt 1.12269920 1.60000000
vt 1.25500000 8.00000000
vt 1.12269920 7.82770000
vt 1.12269920 7.82770000
vt 1.25500000 8.00000000
vt 1.08269920 7.86770000
vt 1.08269920 7.86770000
vt 1.25500000 8.00000000
vt 0.62730060 7.86770000
vt 0.62730060 7.86770000
vt 1.25500000 8.00000000
vt 0.28269940 7.86770000
vt 0.32269940 7.82770000
vt 0.62730060 7.86770000
vt 0.28269940 7.86770000
vt 0.32269940 7.82770000
vt 0.58730060 7.82770000
vt 0.62730060 7.86770000
vt 0.32269940 1.60000000
vt 0.58730060 7.82770000
vt 0.32269940 7.82770000
vt 0.58730060 7.82770000
vt 0.32269940 1.60000000
vt 0.58730060 1.60000000
vt 0.28269940 7.86770000
vt 1.25500000 8.00000000
vt -0.17269940 7.86770000
vt -0.17269940 7.86770000
vt 1.25500000 8.00000000
vt -0.51730060 7.86770000
vt -0.51730060 7.86770000
vt 1.25500000 8.00000000
vt -0.97269940 7.86770000
vt -0.47730060 7.82770000
vt -0.17269940 7.86770000
vt -0.51730060 7.86770000
vt -0.47730060 7.82770000
vt -0.21269940 7.82770000
vt -0.17269940 7.86770000
vt -0.47730060 1.60000000
vt -0.21269940 7.82770000
vt -0.47730060 7.82770000
vt -0.21269940 7.82770000
vt -0.47730060 1.60000000
vt -0.21269940 1.60000000
vt -1.14500020 8.00000000
vt -0.97269940 7.86770000
vt 1.25500000 8.00000000
vt -1.14500020 8.00000000
vt -1.01269940 7.82770000
vt -0.97269940 7.86770000
vt -1.14500020 8.00000000
vt -1.01269940 1.60000000
vt -1.01269940 7.82770000
vt -1.01269940 1.60000000
vt -1.14500020 8.00000000
vt -1.14500020 1.60000000
vt 1.09800000 2.31692400
vt 1.14800000 2.41692400
vt 1.14800000 2.31692400
vt 1.14800000 2.41692400
vt 1.09800000 2.31692400
vt 1.09800000 2.41692400
vt 1.09800000 2.41692400
vt 1.14800000 2.31692400
vt 1.14800000 2.41692400
vt 1.14800000 2.31692400
vt 1.09800000 2.41692400
vt 1.09800000 2.31692400
vt 1.09800000 4.61770000
vt 1.14800000 4.71770000
vt 1.14800000 4.61770000
vt 1.14800000 4.71770000
vt 1.09800000 4.61770000
vt 1.09800000 4.71770000
vt 1.09800000 4.71770000
vt 1.14800000 4.61770000
vt 1.14800000 4.71770000
vt 1.14800000 4.61770000
vt 1.09800000 4.71770000
vt 1.09800000 4.61770000
vt -1.10200000 1.60000000
vt -1.20200000 1.40000000
vt -1.20200000 1.60000000
vt -1.10200000 1.60000000
vt -1.20200000 1.60000000
vt -1.20200000 1.40000000
vt -1.10200000 1.60000000
vt -1.20200000 1.40000000
vt -1.20200000 1.60000000
vt -1.10200000 1.60000000
vt -1.20200000 1.60000000
vt -1.20200000 1.40000000
vt -1.10200000 1.60000000
vt -1.20200000 1.40000000
vt -1.20200000 1.60000000
vt -1.10200000 1.60000000
vt -1.20200000 1.60000000
vt -1.20200000 1.40000000
vt 1.19800000 1.60000000
vt 1.09800000 1.60000000
vt 1.19800000 1.40000000
vt 1.19800000 1.40000000
vt 1.09800000 1.60000000
vt 1.19800000 1.60000000
vt 1.19800000 1.40000000
vt 1.09800000 1.60000000
vt 1.19800000 1.60000000
vt 1.19800000 1.60000000
vt 1.09800000 1.60000000
vt 1.19800000 1.40000000
vt 1.19800000 1.40000000
vt 1.09800000 1.60000000
vt 1.19800000 1.60000000
vt 1.19800000 1.60000000
vt 1.09800000 1.60000000
vt 1.19800000 1.40000000
vt 1.19800000 1.60000000
vt -1.20200000 0.90000000
vt -1.20200000 1.60000000
vt -1.20200000 0.90000000
vt 1.19800000 1.60000000
vt 1.19800000 0.90000000
vt 0.71960120 1.60000000
vt 0.99039880 1.40000000
vt 0.71960120 1.40000000
vt 0.99039880 1.40000000
vt 0.71960120 1.60000000
vt 0.99039880 1.60000000
vt -0.08039882 1.60000000
vt 0.19039882 1.40000000
vt -0.08039882 1.40000000
vt 0.19039882 1.40000000
vt -0.08039882 1.60000000
vt 0.19039882 1.60000000
vt -0.88039880 1.60000000
vt -0.60960120 1.40000000
vt -0.88039880 1.40000000
vt -0.60960120 1.40000000
vt -0.88039880 1.60000000
vt -0.60960120 1.60000000
vt 0.99039880 1.60000000
vt 0.71960120 1.40000000
vt 0.99039880 1.40000000
vt 0.71960120 1.40000000
vt 0.99039880 1.60000000
vt 0.71960120 1.60000000
vt 0.99039880 1.40000000
vt 1.25500000 1.60000000
vt 0.99039880 1.60000000
vt 0.99039880 1.40000000
vt 1.25500000 0.90000000
vt 1.25500000 1.60000000
vt 1.25500000 0.90000000
vt 0.99039880 1.40000000
vt -1.14500020 0.90000000
vt -0.88039880 1.40000000
vt -1.14500020 0.90000000
vt 0.99039880 1.40000000
vt -1.14500020 0.90000000
vt -0.88039880 1.40000000
vt -1.14500020 1.60000000
vt -1.14500020 1.60000000
vt -0.88039880 1.40000000
vt -0.88039880 1.60000000
vt -0.88039880 1.40000000
vt 0.99039880 1.40000000
vt 0.71960120 1.40000000
vt -0.88039880 1.40000000
vt 0.71960120 1.40000000
vt 0.19039882 1.40000000
vt 0.71960120 1.60000000
vt 0.19039882 1.40000000
vt 0.71960120 1.40000000
vt 0.19039882 1.40000000
vt 0.71960120 1.60000000
vt 0.19039882 1.60000000
vt -0.88039880 1.40000000
vt 0.19039882 1.40000000
vt -0.08039882 1.40000000
vt -0.88039880 1.40000000
vt -0.08039882 1.40000000
vt -0.60960120 1.40000000
vt -0.08039882 1.60000000
vt -0.60960120 1.40000000
vt -0.08039882 1.40000000
vt -0.60960120 1.40000000
vt -0.08039882 1.60000000
vt -0.60960120 1.60000000
vt -0.60960120 1.60000000
vt -0.88039880 1.40000000
vt -0.60960120 1.40000000
vt -0.88039880 1.40000000
vt -0.60960120 1.60000000
vt -0.88039880 1.60000000
vt 0.19039882 1.60000000
vt -0.08039882 1.40000000
vt 0.19039882 1.40000000
vt -0.08039882 1.40000000
vt 0.19039882 1.60000000
vt -0.08039882 1.60000000
vt -0.88039880 1.40000000
vt -1.14500020 1.60000000
vt -0.88039880 1.60000000
vt -0.88039880 1.40000000
vt -1.14500020 0.90000000
vt -1.14500020 1.60000000
vt -1.14500020 0.90000000
vt -0.88039880 1.40000000
vt 1.25500000 0.90000000
vt 0.99039880 1.40000000
vt 1.25500000 0.90000000
vt -0.88039880 1.40000000
vt 1.25500000 0.90000000
vt 0.99039880 1.40000000
vt 1.25500000 1.60000000
vt 1.25500000 1.60000000
vt 0.99039880 1.40000000
vt 0.99039880 1.60000000
vt 0.99039880 1.40000000
vt -0.88039880 1.40000000
vt -0.60960120 1.40000000
vt 0.99039880 1.40000000
vt -0.60960120 1.40000000
vt -0.08039882 1.40000000
vt -0.60960120 1.60000000
vt -0.08039882 1.40000000
vt -0.60960120 1.40000000
vt -0.08039882 1.40000000
vt -0.60960120 1.60000000
vt -0.08039882 1.60000000
vt 0.99039880 1.40000000
vt -0.08039882 1.40000000
vt 0.19039882 1.40000000
vt 0.99039880 1.40000000
vt 0.19039882 1.40000000
vt 0.71960120 1.40000000
vt 0.19039882 1.60000000
vt 0.71960120 1.40000000
vt 0.19039882 1.40000000
vt 0.71960120 1.40000000
vt 0.19039882 1.60000000
vt 0.71960120 1.60000000
vt 1.19800000 0.90000000
vt -1.20200000 1.60000000
vt -1.20200000 0.90000000
vt -1.20200000 1.60000000
vt 1.19800000 0.90000000
vt 1.19800000 1.60000000
vt -1.14500020 1.23800000
vt -1.18500000 -1.20200000
vt -1.18500000 1.19800000
vt -1.14500020 1.19800000
vt -1.18500000 -1.20200000
vt -1.14500020 1.23800000
vt 1.25500000 1.23800000
vt -1.14500020 1.19800000
vt -1.14500020 1.23800000
vt -1.14500020 -1.20200000
vt -1.18500000 -1.20200000
vt -1.14500020 1.19800000
vt -1.14500020 -1.20200000
vt -1.14500020 -1.24200000
vt -1.18500000 -1.20200000
vt 1.25500000 1.23800000
vt 1.25500000 1.19800000
vt -1.14500020 1.19800000
vt 1.25500000 -1.20200000
vt -1.14500020 -1.24200000
vt -1.14500020 -1.20200000
vt 1.25500000 1.23800000
vt 1.25500000 -1.20200000
vt 1.25500000 1.19800000
vt -1.14500020 -1.24200000
vt 1.25500000 -1.20200000
vt 1.25500000 -1.24200000
vt 1.25500000 1.23800000
vt 1.25500000 -1.24200000
vt 1.25500000 -1.20200000
vt 1.29500000 1.19800000
vt 1.25500000 -1.24200000
vt 1.25500000 1.23800000
vt 1.25500000 -1.24200000
vt 1.29500000 1.19800000
vt 1.29500000 -1.20200000
vt 1.25500000 1.23800000
vt 1.29500000 -1.20200000
vt 1.29500000 1.19800000
vt 1.29500000 -1.20200000
vt 1.25500000 1.23800000
vt 1.25500000 -1.24200000
vt 1.25500000 -1.24200000
vt 1.25500000 1.23800000
vt -1.14500020 1.23800000
vt 1.25500000 -1.24200000
vt -1.14500020 1.23800000
vt -1.14500020 -1.24200000
vt -1.14500020 -1.24200000
vt -1.14500020 1.23800000
vt -1.18500000 1.19800000
vt -1.14500020 -1.24200000
vt -1.18500000 1.19800000
vt -1.18500000 -1.20200000
vt -1.20200000 0.90000000
vt 1.19800000 0.80000000
vt 1.19800000 0.90000000
vt 1.19800000 0.80000000
vt 1.23800000 0.90000000
vt 1.19800000 0.90000000
vt 1.19800000 0.80000000
vt -1.20200000 0.90000000
vt -1.20200000 0.80000000
vt -1.14500020 0.90000000
vt -1.18500000 0.80000000
vt -1.14500020 0.80000000
vt -1.20200000 0.90000000
vt -1.24200000 0.80000000
vt -1.20200000 0.80000000
vt -1.14500020 0.80000000
vt 1.25500000 0.90000000
vt -1.14500020 0.90000000
vt -1.14500020 0.80000000
vt -1.18500000 0.90000000
vt -1.14500020 0.90000000
vt 1.25500000 0.90000000
vt -1.14500020 0.80000000
vt 1.25500000 0.80000000
vt -1.14500020 0.90000000
vt 1.25500000 0.80000000
vt -1.14500020 0.80000000
vt 1.25500000 0.80000000
vt 1.29500000 0.90000000
vt 1.25500000 0.90000000
vt 1.25500000 0.80000000
vt -1.14500020 0.90000000
vt 1.25500000 0.90000000
vt 1.19800000 0.90000000
vt 1.23800000 0.80000000
vt 1.19800000 0.80000000
vt 1.25500000 0.90000000
vt 1.29500000 0.80000000
vt 1.25500000 0.80000000
vt 1.19800000 0.80000000
vt -1.20200000 0.90000000
vt 1.19800000 0.90000000
vt -1.20200000 0.90000000
vt 1.19800000 0.80000000
vt -1.20200000 0.80000000
vt -1.20200000 0.80000000
vt -1.24200000 0.90000000
vt -1.20200000 0.90000000
usemtl palette
f 3/1/1 2/2/1 1/1/1
f 2/2/1 3/1/1 4/2/1
f 7/1/1 6/2/1 5/1/1
f 6/2/1 7/1/1 8/2/1
f 9/2/2 6/2/2 8/2/2
f 6/2/2 9/2/2 10/2/2
f 13/1/1 12/2/1 11/1/1
f 12/2/1 13/1/1 14/2/1
f 15/2/2 12/2/2 14/2/2
f 12/2/2 15/2/2 16/2/2
f 15/2/3 17/1/3 16/2/3
f 17/1/3 15/2/3 18/1/3
f 19/2/2 2/2/2 4/2/2
f 2/2/2 19/2/2 20/2/2
f 19/2/3 21/1/3 20/2/3
f 21/1/3 19/2/3 22/1/3
f 9/2/3 23/1/3 10/2/3
f 23/1/3 9/2/3 24/1/3
f 27/1/1 26/3/4 25/1/1
f 26/3/4 27/1/1 28/3/4
f 31/1/1 30/3/4 29/1/1
f 30/3/4 31/1/1 32/3/4
f 35/4/6 34/4/5 33/4/5
f 34/4/5 35/4/6 36/4/6
f 39/3/7 38/1/3 37/3/7
f 38/1/3 39/3/7 40/1/3
f 43/3/7 42/1/3 41/3/7
f 42/1/3 43/3/7 44/1/3
f 47/3/7 46/1/3 45/3/7
f 46/1/3 47/3/7 48/1/3
f 30/3/4 50/4/6 49/4/6
f 50/4/6 30/3/4 32/3/4
f 26/3/4 52/4/6 51/4/6
f 52/4/6 26/3/4 28/3/4
f 49/4/6 54/4/5 53/4/5
f 54/4/5 49/4/6 50/4/6
f 53/4/5 43/3/7 41/3/7
f 43/3/7 53/4/5 54/4/5
f 55/4/5 47/3/7 45/3/7
f 47/3/7 55/4/5 56/4/5
f 51/4/6 56/4/5 55/4/5
f 56/4/5 51/4/6 52/4/6
f 30/3/8 17/1/8 29/1/8
f 17/1/8 30/3/8 16/2/8
f 16/2/8 30/3/8 12/2/8
f 41/3/8 12/2/8 30/3/8
f 41/3/8 30/3/8 49/4/8
f 41/3/8 49/4/8 53/4/8
f 41/3/8 11/1/8 12/2/8
f 11/1/8 41/3/8 42/1/8
f 26/3/8 21/1/8 25/1/8
f 21/1/8 26/3/8 20/2/8
f 20/2/8 26/3/8 2/2/8
f 45/3/8 2/2/8 26/3/8
f 45/3/8 26/3/8 51/4/8
f 45/3/8 51/4/8 55/4/8
f 45/3/8 1/1/8 2/2/8
f 1/1/8 45/3/8 46/1/8
f 33/4/5 39/3/7 37/3/7
f 39/3/7 33/4/5 34/4/5
f 58/3/8 23/1/8 57/1/8
f 23/1/8 58/3/8 10/2/8
f 10/2/8 58/3/8 6/2/8
f 37/3/8 6/2/8 58/3/8
f 37/3/8 58/3/8 35/4/8
f 37/3/8 35/4/8 33/4/8
f 37/3/8 5/1/8 6/2/8
f 5/1/8 37/3/8 38/1/8
f 58/3/4 36/4/6 35/4/6
f 36/4/6 58/3/4 59/3/4
f 60/1/1 58/3/4 57/1/1
f 58/3/4 60/1/1 59/3/4
f 63/1/2 62/1/2 61/1/2
f 62/1/2 63/1/2 40/1/2
f 40/1/2 63/1/2 38/1/2
f 38/1/2 63/1/2 7/1/2
f 7/1/2 63/1/2 24/1/2
f 5/1/2 38/1/2 7/1/2
f 24/1/2 63/1/2 23/1/2
f 23/1/2 63/1/2 60/1/2
f 57/1/2 23/1/2 60/1/2
f 60/1/2 63/1/2 44/1/2
f 44/1/2 63/1/2 42/1/2
f 42/1/2 63/1/2 13/1/2
f 11/1/2 42/1/2 13/1/2
f 13/1/2 63/1/2 18/1/2
f 18/1/2 63/1/2 64/1/2
f 18/1/2 64/1/2 17/1/2
f 17/1/2 64/1/2 31/1/2
f 29/1/2 17/1/2 31/1/2
f 31/1/2 64/1/2 48/1/2
f 48/1/2 64/1/2 46/1/2
f 46/1/2 64/1/2 3/1/2
f 1/1/2 46/1/2 3/1/2
f 3/1/2 64/1/2 22/1/2
f 22/1/2 64/1/2 21/1/2
f 21/1/2 64/1/2 27/1/2
f 27/1/2 64/1/2 65/1/2
f 25/1/2 21/1/2 27/1/2
f 68/5/2 67/5/2 66/5/2
f 67/5/2 68/5/2 69/5/2
f 71/1/9 67/5/9 70/1/9
f 67/5/9 71/1/9 66/5/9
f 74/6/10 73/1/10 72/6/10
f 73/1/10 74/6/10 75/1/10
f 72/6/11 76/6/11 74/6/11
f 76/6/11 72/6/11 77/6/11
f 68/5/9 77/6/9 69/5/9
f 77/6/9 68/5/9 76/6/9
f 80/5/2 79/5/2 78/5/2
f 79/5/2 80/5/2 81/5/2
f 83/1/12 79/5/12 82/1/12
f 79/5/12 83/1/12 78/5/12
f 86/6/13 85/1/13 84/6/13
f 85/1/13 86/6/13 87/1/13
f 84/6/11 88/6/11 86/6/11
f 88/6/11 84/6/11 89/6/11
f 80/5/12 89/6/12 81/5/12
f 89/6/12 80/5/12 88/6/12
f 92/6/14 91/1/14 90/1/14
f 91/1/14 92/6/14 93/5/14
f 93/5/14 92/6/14 94/5/14
f 94/5/14 92/6/14 95/6/14
f 91/1/12 97/5/12 96/1/12
f 97/5/12 91/1/12 93/5/12
f 97/5/15 98/1/15 96/1/15
f 98/1/15 97/5/15 99/5/15
f 102/6/13 101/5/13 100/6/13
f 101/5/13 102/6/13 99/5/13
f 99/5/13 102/6/13 98/1/13
f 98/1/13 102/6/13 103/1/13
f 92/6/13 105/1/13 104/6/13
f 105/1/13 92/6/13 90/1/13
f 107/6/16 101/5/15 106/5/16
f 101/5/15 107/6/16 100/6/15
f 94/5/2 97/5/2 93/5/2
f 97/5/2 94/5/2 106/5/2
f 106/5/2 94/5/2 108/5/2
f 101/5/2 97/5/2 106/5/2
f 97/5/2 101/5/2 99/5/2
f 107/6/11 102/6/11 100/6/11
f 102/6/11 107/6/11 104/6/11
f 104/6/11 107/6/11 92/6/11
f 92/6/11 107/6/11 95/6/11
f 95/6/11 107/6/11 109/6/11
f 94/5/12 109/6/17 108/5/17
f 109/6/17 94/5/12 95/6/12
f 108/5/17 107/6/16 106/5/16
f 107/6/16 108/5/17 109/6/17
f 102/6/14 105/1/14 103/1/14
f 105/1/14 102/6/14 104/6/14
f 124/6/18 122/6/18 125/1/18
f 123/1/18 125/1/18 122/6/18
f 129/6/20 128/5/20 127/6/19
f 126/5/19 127/6/19 128/5/20
f 115/6/3 114/5/3 129/6/20
f 128/5/20 129/6/20 114/5/3
f 129/6/11 127/6/11 115/6/11
f 115/6/11 127/6/11 112/6/11
f 112/6/11 127/6/11 124/6/11
f 124/6/11 127/6/11 122/6/11
f 120/6/11 122/6/11 127/6/11
f 119/5/2 121/5/2 117/5/2
f 126/5/2 117/5/2 121/5/2
f 128/5/2 114/5/2 126/5/2
f 126/5/2 114/5/2 117/5/2
f 113/5/2 117/5/2 114/5/2
f 120/6/8 127/6/19 121/5/8
f 126/5/19 121/5/8 127/6/19
f 110/1/1 112/6/1 125/1/1
f 124/6/1 125/1/1 112/6/1
f 123/1/1 122/6/1 118/1/1
f 118/1/1 122/6/1 119/5/1
f 119/5/1 122/6/1 121/5/1
f 120/6/1 121/5/1 122/6/1
f 119/5/8 117/5/8 118/1/8
f 116/1/8 118/1/8 117/5/8
f 113/5/3 111/1/3 117/5/3
f 116/1/3 117/5/3 111/1/3
f 115/6/18 112/6/18 114/5/18
f 114/5/18 112/6/18 113/5/18
f 113/5/18 112/6/18 111/1/18
f 110/1/18 111/1/18 112/6/18
f 132/5/2 131/5/2 130/5/2
f 131/5/2 132/5/2 133/5/2
f 135/1/21 131/5/21 134/1/21
f 131/5/21 135/1/21 130/5/21
f 138/6/22 137/1/22 136/6/22
f 137/1/22 138/6/22 139/1/22
f 136/6/11 140/6/11 138/6/11
f 140/6/11 136/6/11 141/6/11
f 132/5/21 141/6/21 133/5/21
f 141/6/21 132/5/21 140/6/21
f 144/5/2 143/5/2 142/5/2
f 143/5/2 144/5/2 145/5/2
f 147/1/1 143/5/1 146/1/1
f 143/5/1 147/1/1 142/5/1
f 150/6/3 149/1/3 148/6/3
f 149/1/3 150/6/3 151/1/3
f 148/6/11 152/6/11 150/6/11
f 152/6/11 148/6/11 153/6/11
f 144/5/1 153/6/1 145/5/1
f 153/6/1 144/5/1 152/6/1
f 168/6/23 166/6/23 169/1/23
f 167/1/23 169/1/23 166/6/23
f 173/6/26 172/5/26 171/6/25
f 170/5/25 171/6/25 172/5/26
f 159/6/22 158/5/22 173/6/26
f 172/5/26 173/6/26 158/5/22
f 173/6/11 171/6/11 159/6/11
f 159/6/11 171/6/11 156/6/11
f 156/6/11 171/6/11 168/6/11
f 168/6/11 171/6/11 166/6/11
f 164/6/11 166/6/11 171/6/11
f 163/5/2 165/5/2 161/5/2
f 170/5/2 161/5/2 165/5/2
f 172/5/2 158/5/2 170/5/2
f 170/5/2 158/5/2 161/5/2
f 157/5/2 161/5/2 158/5/2
f 164/6/24 171/6/25 165/5/24
f 170/5/25 165/5/24 171/6/25
f 154/1/21 156/6/21 169/1/21
f 168/6/21 169/1/21 156/6/21
f 167/1/21 166/6/21 162/1/21
f 162/1/21 166/6/21 163/5/21
f 163/5/21 166/6/21 165/5/21
f 164/6/21 165/5/21 166/6/21
f 163/5/24 161/5/24 162/1/24
f 160/1/24 162/1/24 161/5/24
f 157/5/22 155/1/22 161/5/22
f 160/1/22 161/5/22 155/1/22
f 159/6/23 156/6/23 158/5/23
f 158/5/23 156/6/23 157/5/23
f 157/5/23 156/6/23 155/1/23
f 154/1/23 155/1/23 156/6/23
f 176/6/18 175/1/18 174/1/18
f 175/1/18 176/6/18 177/5/18
f 177/5/18 176/6/18 178/5/18
f 178/5/18 176/6/18 179/6/18
f 175/1/1 181/5/1 180/1/1
f 181/5/1 175/1/1 177/5/1
f 181/5/8 182/1/8 180/1/8
f 182/1/8 181/5/8 183/5/8
f 186/6/3 185/5/3 184/6/3
f 185/5/3 186/6/3 183/5/3
f 183/5/3 186/6/3 182/1/3
f 182/1/3 186/6/3 187/1/3
f 176/6/3 189/1/3 188/6/3
f 189/1/3 176/6/3 174/1/3
f 191/6/27 185/5/8 190/5/27
f 185/5/8 191/6/27 184/6/8
f 178/5/2 181/5/2 177/5/2
f 181/5/2 178/5/2 190/5/2
f 190/5/2 178/5/2 192/5/2
f 185/5/2 181/5/2 190/5/2
f 181/5/2 185/5/2 183/5/2
f 191/6/11 186/6/11 184/6/11
f 186/6/11 191/6/11 188/6/11
f 188/6/11 191/6/11 176/6/11
f 176/6/11 191/6/11 179/6/11
f 179/6/11 191/6/11 193/6/11
f 178/5/1 193/6/28 192/5/28
f 193/6/28 178/5/1 179/6/1
f 192/5/28 191/6/27 190/5/27
f 191/6/27 192/5/28 193/6/28
f 186/6/18 189/1/18 187/1/18
f 189/1/18 186/6/18 188/6/18
f 196/6/30 195/1/29 194/6/29
f 195/1/29 196/6/30 197/1/30
f 200/6/31 199/1/32 198/1/31
f 199/1/32 200/6/31 201/6/32
f 196/6/30 198/1/31 197/1/30
f 198/1/31 196/6/30 200/6/31
f 194/6/29 203/1/20 202/6/20
f 203/1/20 194/6/29 195/1/29
f 205/6/19 203/1/20 204/1/19
f 203/1/20 205/6/19 202/6/20
f 199/1/32 207/6/28 206/1/28
f 207/6/28 199/1/32 201/6/32
f 205/6/11 194/6/11 202/6/11
f 194/6/11 205/6/11 196/6/11
f 196/6/11 205/6/11 208/6/11
f 196/6/11 208/6/11 200/6/11
f 200/6/11 208/6/11 207/6/11
f 200/6/11 207/6/11 201/6/11
f 207/6/28 209/1/27 206/1/28
f 209/1/27 207/6/28 208/6/27
f 208/6/27 204/1/19 209/1/27
f 204/1/19 208/6/27 205/6/19
f 212/6/30 211/1/29 210/6/29
f 211/1/29 212/6/30 213/1/30
f 216/6/31 215/1/32 214/1/31
f 215/1/32 216/6/31 217/6/32
f 212/6/30 214/1/31 213/1/30
f 214/1/31 212/6/30 216/6/31
f 210/6/29 219/1/20 218/6/20
f 219/1/20 210/6/29 211/1/29
f 221/6/19 219/1/20 220/1/19
f 219/1/20 221/6/19 218/6/20
f 215/1/32 223/6/28 222/1/28
f 223/6/28 215/1/32 217/6/32
f 221/6/11 210/6/11 218/6/11
f 210/6/11 221/6/11 212/6/11
f 212/6/11 221/6/11 224/6/11
f 212/6/11 224/6/11 216/6/11
f 216/6/11 224/6/11 223/6/11
f 216/6/11 223/6/11 217/6/11
f 223/6/28 225/1/27 222/1/28
f 225/1/27 223/6/28 224/6/27
f 224/6/27 220/1/19 225/1/27
f 220/1/19 224/6/27 221/6/19
f 228/7/3 227/1/3 226/7/3
f 227/1/3 228/7/3 229/1/3
f 230/7/11 228/7/11 226/7/11
f 228/7/11 230/7/11 231/7/11
f 232/1/2 227/1/2 229/1/2
f 227/1/2 232/1/2 233/1/2
f 241/7/11 239/7/11 245/7/11
f 245/7/11 239/7/11 244/7/11
f 239/7/11 236/7/11 244/7/11
f 236/7/11 237/7/11 244/7/11
f 243/7/11 244/7/11 237/7/11
f 238/1/2 240/1/2 234/1/2
f 234/1/2 240/1/2 235/1/2
f 242/1/2 235/1/2 240/1/2
f 236/7/31 239/7/32 234/1/31
f 238/1/32 234/1/31 239/7/32
f 241/7/34 240/1/34 239/7/32
f 238/1/32 239/7/32 240/1/34
f 237/7/33 236/7/31 235/1/33
f 234/1/31 235/1/33 236/7/31
f 248/7/35 247/1/35 246/7/35
f 247/1/35 248/7/35 249/1/35
f 250/7/11 248/7/11 246/7/11
f 248/7/11 250/7/11 251/7/11
f 252/1/2 247/1/2 249/1/2
f 247/1/2 252/1/2 253/1/2
f 261/7/11 259/7/11 265/7/11
f 265/7/11 259/7/11 264/7/11
f 259/7/11 256/7/11 264/7/11
f 256/7/11 257/7/11 264/7/11
f 263/7/11 264/7/11 257/7/11
f 258/1/2 260/1/2 254/1/2
f 254/1/2 260/1/2 255/1/2
f 262/1/2 255/1/2 260/1/2
f 256/7/25 259/7/26 254/1/25
f 258/1/26 254/1/25 259/7/26
f 261/7/22 260/1/22 259/7/26
f 258/1/26 259/7/26 260/1/22
f 257/7/24 256/7/25 255/1/24
f 254/1/25 255/1/24 256/7/25
f 268/1/2 267/1/36 266/1/2
f 267/1/36 268/1/2 269/1/36
f 272/6/37 271/6/11 270/6/37
f 271/6/11 272/6/37 273/6/11
f 272/6/37 267/1/36 269/1/36
f 267/1/36 272/6/37 270/6/37
f 276/1/2 275/1/38 274/1/2
f 275/1/38 276/1/2 277/1/38
f 280/6/39 279/6/11 278/6/39
f 279/6/11 280/6/39 281/6/11
f 280/6/39 275/1/38 277/1/38
f 275/1/38 280/6/39 278/6/39
f 284/1/2 283/1/38 282/1/2
f 283/1/38 284/1/2 285/1/38
f 288/6/39 287/6/11 286/6/39
f 287/6/11 288/6/39 289/6/11
f 288/6/39 283/1/38 285/1/38
f 283/1/38 288/6/39 286/6/39
f 292/1/2 291/1/38 290/1/2
f 291/1/38 292/1/2 293/1/38
f 296/6/39 295/6/11 294/6/39
f 295/6/11 296/6/39 297/6/11
f 296/6/39 291/1/38 293/1/38
f 291/1/38 296/6/39 294/6/39
f 300/1/2 299/1/38 298/1/2
f 299/1/38 300/1/2 301/1/38
f 304/6/39 303/6/11 302/6/39
f 303/6/11 304/6/39 305/6/11
f 304/6/39 299/1/38 301/1/38
f 299/1/38 304/6/39 302/6/39
f 308/1/2 307/1/38 306/1/2
f 307/1/38 308/1/2 309/1/38
f 312/6/39 311/6/11 310/6/39
f 311/6/11 312/6/39 313/6/11
f 312/6/39 307/1/38 309/1/38
f 307/1/38 312/6/39 310/6/39
f 316/1/2 315/1/38 314/1/2
f 315/1/38 316/1/2 317/1/38
f 320/6/39 319/6/11 318/6/39
f 319/6/11 320/6/39 321/6/11
f 320/6/39 315/1/38 317/1/38
f 315/1/38 320/6/39 318/6/39
f 324/1/2 323/1/38 322/1/2
f 323/1/38 324/1/2 325/1/38
f 328/6/39 327/6/11 326/6/39
f 327/6/11 328/6/39 329/6/11
f 328/6/39 323/1/38 325/1/38
f 323/1/38 328/6/39 326/6/39
f 332/1/2 331/1/2 330/1/2
f 331/1/2 332/1/2 333/1/2
f 336/1/2 335/1/36 334/1/2
f 335/1/36 336/1/2 337/1/36
f 340/6/37 339/6/11 338/6/37
f 339/6/11 340/6/37 341/6/11
f 340/6/37 335/1/36 337/1/36
f 335/1/36 340/6/37 338/6/37
f 344/1/2 343/1/36 342/1/2
f 343/1/36 344/1/2 345/1/36
f 348/6/37 347/6/11 346/6/37
f 347/6/11 348/6/37 349/6/11
f 348/6/37 343/1/36 345/1/36
f 343/1/36 348/6/37 346/6/37
f 352/1/2 351/1/36 350/1/2
f 351/1/36 352/1/2 353/1/36
f 356/6/37 355/6/11 354/6/37
f 355/6/11 356/6/37 357/6/11
f 356/6/37 351/1/36 353/1/36
f 351/1/36 356/6/37 354/6/37
f 360/1/2 359/1/36 358/1/2
f 359/1/36 360/1/2 361/1/36
f 364/6/37 363/6/11 362/6/37
f 363/6/11 364/6/37 365/6/11
f 364/6/37 359/1/36 361/1/36
f 359/1/36 364/6/37 362/6/37
f 368/1/40 367/2/40 366/1/40
f 367/2/40 368/1/40 369/2/40
f 372/1/40 371/2/40 370/1/40
f 371/2/40 372/1/40 373/2/40
f 374/2/2 371/2/2 373/2/2
f 371/2/2 374/2/2 375/2/2
f 378/1/40 377/2/40 376/1/40
f 377/2/40 378/1/40 379/2/40
f 380/2/2 377/2/2 379/2/2
f 377/2/2 380/2/2 381/2/2
f 380/2/41 382/1/41 381/2/41
f 382/1/41 380/2/41 383/1/41
f 384/2/2 367/2/2 369/2/2
f 367/2/2 384/2/2 385/2/2
f 384/2/41 386/1/41 385/2/41
f 386/1/41 384/2/41 387/1/41
f 374/2/41 388/1/41 375/2/41
f 388/1/41 374/2/41 389/1/41
f 392/1/40 391/3/42 390/1/40
f 391/3/42 392/1/40 393/3/42
f 396/1/40 395/3/42 394/1/40
f 395/3/42 396/1/40 397/3/42
f 400/4/44 399/4/43 398/4/43
f 399/4/43 400/4/44 401/4/44
f 404/3/45 403/1/41 402/3/45
f 403/1/41 404/3/45 405/1/41
f 408/3/45 407/1/41 406/3/45
f 407/1/41 408/3/45 409/1/41
f 412/3/45 411/1/41 410/3/45
f 411/1/41 412/3/45 413/1/41
f 395/3/42 415/4/44 414/4/44
f 415/4/44 395/3/42 397/3/42
f 391/3/42 417/4/44 416/4/44
f 417/4/44 391/3/42 393/3/42
f 414/4/44 419/4/43 418/4/43
f 419/4/43 414/4/44 415/4/44
f 418/4/43 408/3/45 406/3/45
f 408/3/45 418/4/43 419/4/43
f 420/4/43 412/3/45 410/3/45
f 412/3/45 420/4/43 421/4/43
f 416/4/44 421/4/43 420/4/43
f 421/4/43 416/4/44 417/4/44
f 395/3/46 382/1/46 394/1/46
f 382/1/46 395/3/46 381/2/46
f 381/2/46 395/3/46 377/2/46
f 406/3/46 377/2/46 395/3/46
f 406/3/46 395/3/46 414/4/46
f 406/3/46 414/4/46 418/4/46
f 406/3/46 376/1/46 377/2/46
f 376/1/46 406/3/46 407/1/46
f 391/3/46 386/1/46 390/1/46
f 386/1/46 391/3/46 385/2/46
f 385/2/46 391/3/46 367/2/46
f 410/3/46 367/2/46 391/3/46
f 410/3/46 391/3/46 416/4/46
f 410/3/46 416/4/46 420/4/46
f 410/3/46 366/1/46 367/2/46
f 366/1/46 410/3/46 411/1/46
f 398/4/43 404/3/45 402/3/45
f 404/3/45 398/4/43 399/4/43
f 423/3/46 388/1/46 422/1/46
f 388/1/46 423/3/46 375/2/46
f 375/2/46 423/3/46 371/2/46
f 402/3/46 371/2/46 423/3/46
f 402/3/46 423/3/46 400/4/46
f 402/3/46 400/4/46 398/4/46
f 402/3/46 370/1/46 371/2/46
f 370/1/46 402/3/46 403/1/46
f 423/3/42 401/4/44 400/4/44
f 401/4/44 423/3/42 424/3/42
f 425/1/40 423/3/42 422/1/40
f 423/3/42 425/1/40 424/3/42
f 428/1/2 427/1/2 426/1/2
f 427/1/2 428/1/2 405/1/2
f 405/1/2 428/1/2 403/1/2
f 403/1/2 428/1/2 372/1/2
f 372/1/2 428/1/2 389/1/2
f 370/1/2 403/1/2 372/1/2
f 389/1/2 428/1/2 388/1/2
f 388/1/2 428/1/2 425/1/2
f 422/1/2 388/1/2 425/1/2
f 425/1/2 428/1/2 409/1/2
f 409/1/2 428/1/2 407/1/2
f 407/1/2 428/1/2 378/1/2
f 376/1/2 407/1/2 378/1/2
f 378/1/2 428/1/2 383/1/2
f 383/1/2 428/1/2 429/1/2
f 383/1/2 429/1/2 382/1/2
f 382/1/2 429/1/2 396/1/2
f 394/1/2 382/1/2 396/1/2
f 396/1/2 429/1/2 413/1/2
f 413/1/2 429/1/2 411/1/2
f 411/1/2 429/1/2 368/1/2
f 366/1/2 411/1/2 368/1/2
f 368/1/2 429/1/2 387/1/2
f 387/1/2 429/1/2 386/1/2
f 386/1/2 429/1/2 392/1/2
f 392/1/2 429/1/2 430/1/2
f 390/1/2 386/1/2 392/1/2
f 433/1/2 432/1/36 431/1/2
f 432/1/36 433/1/2 434/1/36
f 437/6/37 436/6/11 435/6/37
f 436/6/11 437/6/37 438/6/11
f 437/6/37 432/1/36 434/1/36
f 432/1/36 437/6/37 435/6/37
f 441/1/2 440/1/36 439/1/2
f 440/1/36 441/1/2 442/1/36
f 445/6/37 444/6/11 443/6/37
f 444/6/11 445/6/37 446/6/11
f 445/6/37 440/1/36 442/1/36
f 440/1/36 445/6/37 443/6/37
f 448/1/28 468/7/28 450/1/27
f 465/7/27 450/1/27 468/7/28
f 465/7/27 463/7/8 450/1/27
f 450/1/27 463/7/8 452/1/8
f 476/10/8 452/1/8 463/7/8
f 469/8/8 476/10/8 463/7/8
f 471/9/8 473/9/8 469/8/8
f 473/9/8 460/8/8 469/8/8
f 460/8/8 476/10/8 469/8/8
f 476/10/8 460/8/8 475/10/8
f 460/8/8 456/7/8 475/10/8
f 475/10/8 456/7/8 454/1/8
f 456/7/8 458/7/8 454/1/8
f 455/1/8 454/1/8 458/7/8
f 447/1/1 467/7/1 448/1/28
f 468/7/28 448/1/28 467/7/1
f 470/8/4 472/9/6 469/8/4
f 471/9/6 469/8/4 472/9/6
f 474/9/5 461/8/7 473/9/5
f 460/8/7 473/9/5 461/8/7
f 474/9/5 473/9/5 472/9/6
f 471/9/6 472/9/6 473/9/5
f 462/7/1 470/8/4 463/7/1
f 469/8/4 463/7/1 470/8/4
f 468/7/11 467/7/11 465/7/11
f 466/7/11 465/7/11 467/7/11
f 464/7/11 465/7/11 466/7/11
f 465/7/11 464/7/11 463/7/11
f 462/7/11 463/7/11 464/7/11
f 461/8/7 457/7/3 460/8/7
f 456/7/3 460/8/7 457/7/3
f 459/7/11 458/7/11 457/7/11
f 456/7/11 457/7/11 458/7/11
f 455/1/2 449/1/2 454/1/2
f 454/1/2 449/1/2 453/1/2
f 453/1/2 449/1/2 451/1/2
f 451/1/2 450/1/2 452/1/2
f 451/1/2 449/1/2 450/1/2
f 450/1/2 449/1/2 448/1/2
f 447/1/2 448/1/2 449/1/2
f 479/1/2 478/1/2 477/1/2
f 478/1/2 479/1/2 480/1/2
f 480/1/2 479/1/2 481/1/2
f 482/1/2 480/1/2 481/1/2
f 481/1/2 479/1/2 483/1/2
f 483/1/2 479/1/2 484/1/2
f 484/1/2 479/1/2 485/1/2
f 488/7/11 487/7/11 486/7/11
f 487/7/11 488/7/11 489/7/11
f 487/7/1 490/8/4 486/7/1
f 490/8/4 487/7/1 491/8/4
f 494/7/11 493/7/11 492/7/11
f 493/7/11 494/7/11 495/7/11
f 496/7/11 495/7/11 494/7/11
f 497/7/11 495/7/11 496/7/11
f 495/7/11 497/7/11 498/7/11
f 500/8/7 493/7/3 499/8/7
f 493/7/3 500/8/7 492/7/3
f 503/9/6 502/9/5 501/9/5
f 502/9/5 503/9/6 504/9/6
f 491/8/4 503/9/6 490/8/4
f 503/9/6 491/8/4 504/9/6
f 502/9/5 499/8/7 501/9/5
f 499/8/7 502/9/5 500/8/7
f 497/7/3 478/1/20 498/7/20
f 478/1/20 497/7/3 477/1/3
f 488/7/8 484/1/8 485/1/8
f 484/1/8 488/7/8 486/7/8
f 484/1/8 486/7/8 505/10/8
f 505/10/8 486/7/8 490/8/8
f 505/10/8 490/8/8 506/10/8
f 499/8/8 506/10/8 490/8/8
f 499/8/8 490/8/8 503/9/8
f 499/8/8 503/9/8 501/9/8
f 493/7/8 506/10/8 499/8/8
f 493/7/8 482/1/8 506/10/8
f 482/1/8 493/7/8 480/1/19
f 480/1/19 493/7/8 495/7/19
f 498/7/20 480/1/19 495/7/19
f 480/1/19 498/7/20 478/1/20
f 509/1/1 508/10/1 507/1/1
f 508/10/1 509/1/1 510/10/1
f 513/10/3 512/1/3 511/10/3
f 512/1/3 513/10/3 514/1/3
f 513/10/2 508/10/2 510/10/2
f 508/10/2 513/10/2 511/10/2
f 458/7/8 512/1/8 515/1/8
f 512/1/8 458/7/8 516/7/8
f 512/1/8 516/7/8 511/10/8
f 511/10/8 516/7/8 517/8/8
f 511/10/8 517/8/8 508/10/8
f 518/8/8 508/10/8 517/8/8
f 518/8/8 517/8/8 519/9/8
f 518/8/8 519/9/8 520/9/8
f 521/7/8 508/10/8 518/8/8
f 521/7/8 507/1/8 508/10/8
f 507/1/8 521/7/8 485/1/8
f 485/1/8 521/7/8 488/7/8
f 522/7/1 517/8/4 516/7/1
f 517/8/4 522/7/1 523/8/4
f 521/7/11 489/7/11 488/7/11
f 489/7/11 521/7/11 524/7/11
f 525/8/7 521/7/3 518/8/7
f 521/7/3 525/8/7 524/7/3
f 519/9/6 526/9/5 520/9/5
f 526/9/5 519/9/6 527/9/6
f 526/9/5 518/8/7 520/9/5
f 518/8/7 526/9/5 525/8/7
f 523/8/4 519/9/6 517/8/4
f 519/9/6 523/8/4 527/9/6
f 528/1/2 485/1/2 479/1/2
f 485/1/2 528/1/2 509/1/2
f 507/1/2 485/1/2 509/1/2
f 509/1/2 528/1/2 514/1/2
f 514/1/2 528/1/2 512/1/2
f 512/1/2 528/1/2 515/1/2
f 458/7/11 522/7/11 516/7/11
f 522/7/11 458/7/11 459/7/11
f 533/6/8 535/6/8 530/1/8
f 532/1/8 530/1/8 535/6/8
f 536/6/50 535/6/50 534/6/49
f 533/6/49 534/6/49 535/6/50
f 536/6/50 531/1/48 535/6/50
f 532/1/48 535/6/50 531/1/48
f 529/1/47 534/6/49 530/1/47
f 533/6/49 530/1/47 534/6/49
f 532/1/48 531/1/48 530/1/47
f 529/1/47 530/1/47 531/1/48
f 541/6/8 543/6/8 538/1/8
f 540/1/8 538/1/8 543/6/8
f 544/6/50 543/6/50 542/6/49
f 541/6/49 542/6/49 543/6/50
f 544/6/50 539/1/48 543/6/50
f 540/1/48 543/6/50 539/1/48
f 537/1/47 542/6/49 538/1/47
f 541/6/49 538/1/47 542/6/49
f 540/1/48 539/1/48 538/1/47
f 537/1/47 538/1/47 539/1/48
f 547/7/52 546/8/51 545/8/51
f 546/8/51 547/7/52 548/7/52
f 547/7/11 549/7/11 548/7/11
f 549/7/11 547/7/11 550/7/11
f 553/7/11 552/7/11 551/7/11
f 552/7/11 553/7/11 554/7/11
f 557/1/2 556/1/2 555/1/2
f 556/1/2 557/1/2 558/1/2
f 559/1/2 556/1/2 558/1/2
f 558/1/2 557/1/2 560/1/2
f 560/1/2 557/1/2 561/1/2
f 561/1/2 557/1/2 562/1/2
f 565/9/53 564/9/54 563/9/53
f 564/9/54 565/9/53 566/9/54
f 568/8/55 554/7/56 567/8/55
f 554/7/56 568/8/55 552/7/56
f 546/8/51 566/9/54 545/8/51
f 566/9/54 546/8/51 564/9/54
f 563/9/53 567/8/55 565/9/53
f 567/8/55 563/9/53 568/8/55
f 550/7/57 561/1/57 562/1/57
f 561/1/57 550/7/57 547/7/57
f 561/1/57 547/7/57 569/10/57
f 569/10/57 547/7/57 545/8/57
f 569/10/57 545/8/57 570/10/57
f 567/8/57 570/10/57 545/8/57
f 567/8/57 545/8/57 566/9/57
f 567/8/57 566/9/57 565/9/57
f 554/7/57 570/10/57 567/8/57
f 570/10/57 554/7/57 559/1/57
f 553/7/57 559/1/57 554/7/57
f 559/1/57 553/7/57 556/1/57
f 572/10/2 570/10/2 571/10/2
f 570/10/2 572/10/2 569/10/2
f 558/1/52 570/10/52 559/1/52
f 570/10/52 558/1/52 571/10/52
f 572/10/56 561/1/56 569/10/56
f 561/1/56 572/10/56 560/1/56
f 575/1/59 574/1/58 573/1/58
f 574/1/58 575/1/59 576/1/59
f 578/6/60 574/1/58 577/6/60
f 574/1/58 578/6/60 573/1/58
f 575/1/59 579/6/61 576/1/59
f 579/6/61 575/1/59 580/6/61
f 579/6/61 578/6/60 577/6/60
f 578/6/60 579/6/61 580/6/61
f 579/6/57 574/1/57 576/1/57
f 574/1/57 579/6/57 577/6/57
f 583/11/62 582/9/62 581/11/62
f 582/9/62 583/11/62 584/9/62
f 587/9/63 586/11/64 585/11/63
f 586/11/64 587/9/63 588/9/64
f 581/11/52 587/9/63 585/11/63
f 587/9/63 581/11/52 582/9/52
f 587/9/11 584/9/11 588/9/11
f 584/9/11 587/9/11 582/9/11
f 581/11/2 586/11/2 583/11/2
f 586/11/2 581/11/2 585/11/2
f 584/9/56 586/11/64 588/9/64
f 586/11/64 584/9/56 583/11/56
f 591/12/18 590/1/18 589/1/18
f 590/1/18 591/12/18 592/13/65
f 592/13/65 591/12/18 593/13/65
f 590/1/2 594/1/2 589/1/2
f 594/1/2 590/1/2 595/1/2
f 591/12/3 594/1/3 596/12/3
f 594/1/3 591/12/3 589/1/3
f 599/6/66 598/6/67 597/6/66
f 598/6/67 599/6/66 600/6/67
f 598/6/67 592/13/65 593/13/65
f 592/13/65 598/6/67 600/6/67
f 599/6/66 602/13/68 601/13/68
f 602/13/68 599/6/66 597/6/66
f 600/6/1 590/1/1 592/13/1
f 603/14/1 590/1/1 600/6/1
f 600/6/1 604/14/1 603/14/1
f 605/15/1 590/1/1 603/14/1
f 599/6/1 604/14/1 600/6/1
f 606/15/1 590/1/1 605/15/1
f 604/14/1 599/6/1 606/15/1
f 606/15/1 595/1/1 590/1/1
f 601/13/1 606/15/1 599/6/1
f 595/1/1 606/15/1 601/13/1
f 601/13/68 594/1/8 595/1/8
f 594/1/8 601/13/68 596/12/8
f 596/12/8 601/13/68 602/13/68
f 603/14/69 608/14/70 607/14/69
f 608/14/70 603/14/69 604/14/70
f 608/14/70 606/15/71 609/15/71
f 606/15/71 608/14/70 604/14/70
f 606/15/71 610/15/72 609/15/71
f 610/15/72 606/15/71 605/15/72
f 603/14/69 610/15/72 605/15/72
f 610/15/72 603/14/69 607/14/69
f 613/6/18 612/1/31 611/1/18
f 612/1/31 613/6/18 614/6/31
f 617/1/32 616/6/28 615/1/28
f 616/6/28 617/1/32 618/6/32
f 621/6/27 620/1/8 619/1/27
f 620/1/8 621/6/27 622/6/8
f 614/6/31 617/1/32 612/1/31
f 617/1/32 614/6/31 618/6/32
f 616/6/28 619/1/27 615/1/28
f 619/1/27 616/6/28 621/6/27
f 621/6/11 613/6/11 622/6/11
f 613/6/11 621/6/11 614/6/11
f 614/6/11 621/6/11 616/6/11
f 614/6/11 616/6/11 618/6/11
f 612/1/2 620/1/2 611/1/2
f 620/1/2 612/1/2 619/1/2
f 619/1/2 612/1/2 617/1/2
f 619/1/2 617/1/2 615/1/2
f 15/17/8 13/16/8 18/16/8
f 13/16/8 15/17/8 14/17/8
f 9/17/8 7/16/8 24/16/8
f 7/16/8 9/17/8 8/17/8
f 19/17/8 3/16/8 22/16/8
f 3/16/8 19/17/8 4/17/8
f 380/17/46 378/16/46 383/16/46
f 378/16/46 380/17/46 379/17/46
f 374/17/46 372/16/46 389/16/46
f 372/16/46 374/17/46 373/17/46
f 384/17/46 368/16/46 387/16/46
f 368/16/46 384/17/46 369/17/46
f 626/19/8 625/19/8 624/18/8
f 623/18/8 624/18/8 625/19/8
f 629/19/8 628/18/8 627/18/8
f 628/18/8 629/19/8 630/19/8
f 633/20/8 632/19/8 631/20/8
f 632/19/8 633/20/8 634/19/8
f 637/20/8 636/19/8 635/20/8
f 636/19/8 637/20/8 638/19/8
usemtl plaster
f 639/43/8 27/44/8 65/45/8
f 27/46/8 639/47/8 28/48/8
f 28/49/8 639/50/8 52/51/8
f 52/52/8 639/53/8 56/54/8
f 56/55/8 639/56/8 50/57/8
f 32/58/8 56/59/8 50/60/8
f 32/61/8 47/62/8 56/63/8
f 31/64/8 47/65/8 32/66/8
f 47/67/8 31/68/8 48/69/8
f 50/70/8 639/71/8 54/72/8
f 54/73/8 639/74/8 36/75/8
f 36/76/8 639/77/8 34/78/8
f 59/79/8 54/80/8 36/81/8
f 59/82/8 43/83/8 54/84/8
f 60/85/8 43/86/8 59/87/8
f 43/88/8 60/89/8 44/90/8
f 640/91/8 34/92/8 639/93/8
f 640/94/8 39/95/8 34/96/8
f 640/97/8 40/98/8 39/99/8
f 40/100/8 640/101/8 62/102/8
f 268/103/40 272/104/40 269/105/40
f 272/106/40 268/107/40 273/108/40
f 271/109/41 267/110/41 270/111/41
f 267/112/41 271/113/41 266/114/41
f 276/115/1 280/116/1 277/117/1
f 280/118/1 276/119/1 281/120/1
f 279/121/3 275/122/3 278/123/3
f 275/124/3 279/125/3 274/126/3
f 284/127/1 288/128/1 285/129/1
f 288/130/1 284/131/1 289/132/1
f 287/133/3 283/134/3 286/135/3
f 283/136/3 287/137/3 282/138/3
f 292/139/1 296/140/1 293/141/1
f 296/142/1 292/143/1 297/144/1
f 295/145/3 291/146/3 294/147/3
f 291/148/3 295/149/3 290/150/3
f 300/151/1 304/152/1 301/153/1
f 304/154/1 300/155/1 305/156/1
f 303/157/3 299/158/3 302/159/3
f 299/160/3 303/161/3 298/162/3
f 308/163/1 312/164/1 309/165/1
f 312/166/1 308/167/1 313/168/1
f 311/169/3 307/170/3 310/171/3
f 307/172/3 311/173/3 306/174/3
f 316/175/1 320/176/1 317/177/1
f 320/178/1 316/179/1 321/180/1
f 319/181/3 315/182/3 318/183/3
f 315/184/3 319/185/3 314/186/3
f 324/187/1 328/188/1 325/189/1
f 328/190/1 324/191/1 329/192/1
f 327/193/3 323/194/3 326/195/3
f 323/196/3 327/197/3 322/198/3
f 643/199/11 642/200/11 641/201/11
f 642/202/11 643/203/11 644/204/11
f 160/205/3 645/206/3 116/207/3
f 645/208/3 160/209/3 646/210/3
f 649/211/1 648/212/1 647/213/1
f 648/214/1 649/215/1 650/216/1
f 336/217/40 340/218/40 337/219/40
f 340/220/40 336/221/40 341/222/40
f 339/223/41 335/224/41 338/225/41
f 335/226/41 339/227/41 334/228/41
f 344/229/40 348/230/40 345/231/40
f 348/232/40 344/233/40 349/234/40
f 347/235/41 343/236/41 346/237/41
f 343/238/41 347/239/41 342/240/41
f 352/241/40 356/242/40 353/243/40
f 356/244/40 352/245/40 357/246/40
f 355/247/41 351/248/41 354/249/41
f 351/250/41 355/251/41 350/252/41
f 360/253/40 364/254/40 361/255/40
f 364/256/40 360/257/40 365/258/40
f 363/259/41 359/260/41 362/261/41
f 359/262/41 363/263/41 358/264/41
f 651/265/46 392/266/46 430/267/46
f 392/268/46 651/269/46 393/270/46
f 393/271/46 651/272/46 417/273/46
f 417/274/46 651/275/46 421/276/46
f 421/277/46 651/278/46 415/279/46
f 397/280/46 421/281/46 415/282/46
f 397/283/46 412/284/46 421/285/46
f 396/286/46 412/287/46 397/288/46
f 412/289/46 396/290/46 413/291/46
f 415/292/46 651/293/46 419/294/46
f 419/295/46 651/296/46 401/297/46
f 401/298/46 651/299/46 399/300/46
f 424/301/46 419/302/46 401/303/46
f 424/304/46 408/305/46 419/306/46
f 425/307/46 408/308/46 424/309/46
f 408/310/46 425/311/46 409/312/46
f 652/313/46 399/314/46 651/315/46
f 652/316/46 404/317/46 399/318/46
f 652/319/46 405/320/46 404/321/46
f 405/322/46 652/323/46 427/324/46
f 433/325/40 437/326/40 434/327/40
f 437/328/40 433/329/40 438/330/40
f 436/331/41 432/332/41 435/333/41
f 432/334/41 436/335/41 431/336/41
f 441/337/40 445/338/40 442/339/40
f 445/340/40 441/341/40 446/342/40
f 444/343/41 440/344/41 443/345/41
f 440/346/41 444/347/41 439/348/41
f 655/349/3 654/350/3 653/351/3
f 658/352/1 657/353/1 656/354/1
f 661/355/3 660/356/3 659/357/3
f 664/358/1 663/359/1 662/360/1
f 667/361/3 666/362/3 665/363/3
f 670/364/1 669/365/1 668/366/1
f 673/367/1 672/368/1 671/369/1
f 676/370/3 675/371/3 674/372/3
f 679/373/3 678/374/3 677/375/3
f 682/376/1 681/377/1 680/378/1
f 685/379/3 684/380/3 683/381/3
f 688/382/1 687/383/1 686/384/1
f 646/385/3 689/386/3 645/387/3
f 689/388/3 646/389/3 690/390/3
f 655/391/73 656/392/73 654/393/73
f 656/394/73 655/395/73 658/396/73
f 661/397/73 662/398/73 660/399/73
f 662/400/73 661/401/73 664/402/73
f 667/403/73 668/404/73 666/405/73
f 668/406/73 667/407/73 670/408/73
f 681/409/74 685/410/74 680/411/74
f 685/412/74 681/413/74 684/414/74
f 680/415/18 646/416/18 682/417/18
f 680/418/18 690/419/18 646/420/18
f 690/421/18 680/422/18 691/423/18
f 679/424/18 691/425/18 680/426/18
f 691/427/18 679/428/18 649/429/18
f 649/430/18 679/431/18 677/432/18
f 679/433/18 680/434/18 685/435/18
f 679/436/18 685/437/18 671/438/18
f 683/439/18 671/440/18 685/441/18
f 671/442/18 683/443/18 673/444/18
f 679/445/18 671/446/18 676/447/18
f 679/448/18 676/449/18 686/450/18
f 674/451/18 686/452/18 676/453/18
f 686/454/18 674/455/18 688/456/18
f 687/457/74 679/458/74 686/459/74
f 679/460/74 687/461/74 678/462/74
f 672/463/74 676/464/74 671/465/74
f 676/466/74 672/467/74 675/468/74
f 666/469/8 647/470/8 665/471/8
f 666/472/8 692/473/8 647/474/8
f 692/475/8 666/476/8 689/477/8
f 656/478/8 689/479/8 666/480/8
f 689/481/8 656/482/8 645/483/8
f 645/484/8 656/485/8 657/486/8
f 656/487/8 666/488/8 668/489/8
f 656/490/8 668/491/8 660/492/8
f 669/493/8 660/494/8 668/495/8
f 660/496/8 669/497/8 659/498/8
f 656/499/8 660/500/8 662/501/8
f 656/502/8 662/503/8 654/504/8
f 663/505/8 654/506/8 662/507/8
f 654/508/8 663/509/8 653/510/8
f 691/511/1 647/512/1 692/513/1
f 647/514/1 691/515/1 649/516/1
f 695/517/11 694/518/11 693/519/11
f 691/520/11 694/521/11 695/522/11
f 696/523/11 691/524/11 695/525/11
f 692/526/11 694/527/11 691/528/11
f 692/529/11 697/530/11 694/531/11
f 696/532/11 690/533/11 691/534/11
f 689/535/11 697/536/11 692/537/11
f 696/538/11 689/539/11 690/540/11
f 697/541/11 689/542/11 698/543/11
f 696/544/11 698/545/11 689/546/11
f 699/547/11 698/548/11 696/549/11
f 698/550/11 699/551/11 700/552/11
f 703/553/2 702/554/2 701/555/2
f 702/556/2 703/557/2 704/558/2
f 704/559/2 703/560/2 705/561/2
f 704/562/2 705/563/2 706/564/2
f 706/565/2 705/566/2 707/567/2
f 706/568/2 707/569/2 708/570/2
f 694/571/28 707/572/32 693/573/32
f 707/574/32 695/575/31 693/576/32
f 707/577/32 694/578/28 708/579/28
f 695/580/31 707/581/32 705/582/31
f 694/583/28 706/584/27 708/585/28
f 705/586/31 696/587/30 695/588/31
f 706/589/27 694/590/28 697/591/27
f 696/592/30 705/593/31 703/594/30
f 697/595/27 704/596/19 706/597/27
f 703/598/30 699/599/29 696/600/30
f 704/601/19 697/602/27 698/603/19
f 699/604/29 703/605/30 701/606/29
f 698/607/19 702/608/20 704/609/19
f 701/610/29 700/611/20 699/612/29
f 700/613/20 701/614/29 702/615/20
f 702/616/20 698/617/19 700/618/20
usemtl palette
f 73/29/11 710/29/11 709/29/11
f 710/29/11 73/29/11 75/29/11
f 712/29/11 87/29/11 711/29/11
f 87/29/11 712/29/11 85/29/11
f 105/29/11 713/29/11 103/29/11
f 713/29/11 105/29/11 90/29/11
f 110/29/11 125/29/11 714/29/11
f 123/29/11 714/29/11 125/29/11
f 716/29/11 139/29/11 715/29/11
f 139/29/11 716/29/11 137/29/11
f 149/29/11 718/29/11 717/29/11
f 718/29/11 149/29/11 151/29/11
f 154/29/11 169/29/11 711/29/11
f 167/29/11 711/29/11 169/29/11
f 189/29/11 719/29/11 187/29/11
f 719/29/11 189/29/11 174/29/11
f 721/30/3 230/31/3 720/30/3
f 230/31/3 721/30/3 231/31/3
f 724/30/34 245/31/34 722/30/34
f 244/31/34 722/30/34 245/31/34
f 723/30/33 722/30/33 243/31/33
f 244/31/33 243/31/33 722/30/33
f 726/30/35 250/31/35 725/30/35
f 250/31/35 726/30/35 251/31/35
f 729/30/22 265/31/22 727/30/22
f 264/31/22 727/30/22 265/31/22
f 728/30/24 727/30/24 263/31/24
f 264/31/24 263/31/24 727/30/24
f 734/34/48 451/29/3 476/34/48
f 452/29/3 476/34/48 451/29/3
f 475/34/47 733/34/47 476/34/48
f 734/34/48 476/34/48 733/34/47
f 453/29/1 733/34/47 454/29/1
f 475/34/47 454/29/1 733/34/47
f 466/31/1 732/30/1 464/31/1
f 731/30/1 464/31/1 732/30/1
f 464/31/8 731/30/8 462/31/8
f 470/32/8 462/31/8 731/30/8
f 472/33/8 470/32/8 731/30/8
f 730/30/8 472/33/8 731/30/8
f 472/33/8 730/30/8 474/33/8
f 474/33/8 730/30/8 461/32/8
f 461/32/8 730/30/8 457/31/8
f 459/31/8 457/31/8 730/30/8
f 737/35/8 744/29/8 735/35/8
f 743/38/8 735/35/8 744/29/8
f 739/36/8 735/35/8 743/38/8
f 744/29/8 737/35/8 742/29/8
f 741/38/8 739/36/8 743/38/8
f 741/38/8 742/29/8 737/35/8
f 739/36/8 741/38/8 740/36/8
f 740/36/8 741/38/8 737/35/8
f 624/37/3 736/35/50 626/36/48
f 626/36/48 736/35/50 739/36/48
f 735/35/50 739/36/48 736/35/50
f 623/37/1 625/36/47 738/35/49
f 738/35/49 625/36/47 737/35/49
f 740/36/47 737/35/49 625/36/47
f 740/36/47 625/36/47 739/36/48
f 626/36/48 739/36/48 625/36/47
f 738/35/49 737/35/49 736/35/50
f 735/35/50 736/35/50 737/35/49
f 745/30/8 487/31/8 489/31/8
f 487/31/8 745/30/8 491/32/8
f 491/32/8 745/30/8 504/33/8
f 504/33/8 745/30/8 502/33/8
f 746/30/8 502/33/8 745/30/8
f 746/30/8 500/32/8 502/33/8
f 746/30/8 492/31/8 500/32/8
f 492/31/8 746/30/8 494/31/8
f 747/30/3 494/31/3 746/30/3
f 494/31/3 747/30/3 496/31/3
f 748/34/48 484/29/3 505/34/48
f 484/29/3 748/34/48 483/29/3
f 748/34/48 506/34/47 749/34/47
f 506/34/47 748/34/48 505/34/48
f 481/29/1 506/34/47 482/29/1
f 506/34/47 481/29/1 749/34/47
f 752/35/50 751/35/49 750/35/49
f 751/35/49 752/35/50 753/35/50
f 751/35/49 754/36/47 750/35/49
f 754/36/47 751/35/49 630/36/47
f 630/36/47 751/35/49 628/37/1
f 629/36/48 754/36/47 630/36/47
f 754/36/47 629/36/48 755/36/48
f 629/36/48 752/35/50 755/36/48
f 752/35/50 629/36/48 753/35/50
f 753/35/50 629/36/48 627/37/3
f 752/35/8 756/38/8 755/36/8
f 755/36/8 756/38/8 754/36/8
f 752/35/8 757/29/8 756/38/8
f 758/38/8 754/36/8 756/38/8
f 757/29/8 752/35/8 759/29/8
f 758/38/8 750/35/8 754/36/8
f 759/29/8 750/35/8 758/38/8
f 750/35/8 759/29/8 752/35/8
f 730/30/8 522/31/8 459/31/8
f 522/31/8 730/30/8 523/32/8
f 523/32/8 730/30/8 760/33/8
f 527/33/8 523/32/8 760/33/8
f 760/33/8 730/30/8 527/33/8
f 527/33/8 730/30/8 526/33/8
f 526/33/8 730/30/8 761/33/8
f 761/33/8 525/32/8 526/33/8
f 745/30/8 761/33/8 730/30/8
f 745/30/8 525/32/8 761/33/8
f 745/30/8 524/31/8 525/32/8
f 524/31/8 745/30/8 489/31/8
f 634/36/48 763/35/50 762/36/48
f 763/35/50 634/36/48 633/35/50
f 765/35/50 635/35/11 764/35/11
f 635/35/11 765/35/50 637/35/50
f 635/35/1 766/36/47 764/35/1
f 766/36/47 635/35/1 636/36/47
f 638/36/48 765/35/50 767/36/48
f 765/35/50 638/36/48 637/35/50
f 631/35/49 769/36/47 768/35/49
f 769/36/47 631/35/49 632/36/47
f 763/35/50 631/35/49 768/35/49
f 631/35/49 763/35/50 633/35/50
f 634/36/48 769/36/47 632/36/47
f 769/36/47 634/36/48 762/36/48
f 638/36/48 766/36/47 636/36/47
f 766/36/47 638/36/48 767/36/48
f 763/35/8 770/38/8 762/36/8
f 762/36/8 770/38/8 769/36/8
f 763/35/8 771/29/8 770/38/8
f 771/29/8 763/35/8 772/29/8
f 772/29/8 763/35/8 768/35/8
f 772/29/8 768/35/8 764/35/8
f 764/35/8 773/38/8 772/29/8
f 768/35/8 765/35/8 764/35/8
f 765/35/8 768/35/8 769/36/8
f 773/38/8 764/35/8 766/36/8
f 773/38/8 766/36/8 770/38/8
f 765/35/8 769/36/8 767/36/8
f 769/36/8 770/38/8 767/36/8
f 767/36/8 770/38/8 766/36/8
f 774/30/57 548/31/57 549/31/57
f 548/31/57 774/30/57 546/32/57
f 546/32/57 774/30/57 775/33/57
f 564/33/57 546/32/57 775/33/57
f 775/33/57 774/30/57 564/33/57
f 564/33/57 774/30/57 563/33/57
f 563/33/57 774/30/57 776/33/57
f 777/30/57 776/33/57 774/30/57
f 776/33/57 568/32/57 563/33/57
f 777/30/57 568/32/57 776/33/57
f 551/31/57 568/32/57 777/30/57
f 568/32/57 551/31/57 552/31/57
f 572/34/57 558/29/57 560/29/57
f 558/29/57 572/34/57 571/34/57
f 779/40/75 778/40/75 736/39/75
f 738/39/75 736/39/75 778/40/75
f 780/40/75 751/39/75 753/39/75
f 751/39/75 780/40/75 781/40/75
f 610/41/1 608/42/1 609/41/1
f 608/42/1 610/41/1 607/42/1
f 3/1/1 2/2/1 1/1/1
f 2/2/1 3/1/1 4/2/1
f 7/1/1 6/2/1 5/1/1
f 6/2/1 7/1/1 8/2/1
f 9/2/2 6/2/2 8/2/2
f 6/2/2 9/2/2 10/2/2
f 13/1/1 12/2/1 11/1/1
f 12/2/1 13/1/1 14/2/1
f 15/2/2 12/2/2 14/2/2
f 12/2/2 15/2/2 16/2/2
f 15/2/3 17/1/3 16/2/3
f 17/1/3 15/2/3 18/1/3
f 19/2/2 2/2/2 4/2/2
f 2/2/2 19/2/2 20/2/2
f 19/2/3 21/1/3 20/2/3
f 21/1/3 19/2/3 22/1/3
f 9/2/3 23/1/3 10/2/3
f 23/1/3 9/2/3 24/1/3
f 27/1/1 26/3/4 25/1/1
f 26/3/4 27/1/1 28/3/4
f 31/1/1 30/3/4 29/1/1
f 30/3/4 31/1/1 32/3/4
f 35/4/6 34/4/5 33/4/5
f 34/4/5 35/4/6 36/4/6
f 39/3/7 38/1/3 37/3/7
f 38/1/3 39/3/7 40/1/3
f 43/3/7 42/1/3 41/3/7
f 42/1/3 43/3/7 44/1/3
f 47/3/7 46/1/3 45/3/7
f 46/1/3 47/3/7 48/1/3
f 30/3/4 50/4/6 49/4/6
f 50/4/6 30/3/4 32/3/4
f 26/3/4 52/4/6 51/4/6
f 52/4/6 26/3/4 28/3/4
f 49/4/6 54/4/5 53/4/5
f 54/4/5 49/4/6 50/4/6
f 53/4/5 43/3/7 41/3/7
f 43/3/7 53/4/5 54/4/5
f 55/4/5 47/3/7 45/3/7
f 47/3/7 55/4/5 56/4/5
f 51/4/6 56/4/5 55/4/5
f 56/4/5 51/4/6 52/4/6
f 30/3/8 17/1/8 29/1/8
f 17/1/8 30/3/8 16/2/8
f 16/2/8 30/3/8 12/2/8
f 41/3/8 12/2/8 30/3/8
f 41/3/8 30/3/8 49/4/8
f 41/3/8 49/4/8 53/4/8
f 41/3/8 11/1/8 12/2/8
f 11/1/8 41/3/8 42/1/8
f 26/3/8 21/1/8 25/1/8
f 21/1/8 26/3/8 20/2/8
f 20/2/8 26/3/8 2/2/8
f 45/3/8 2/2/8 26/3/8
f 45/3/8 26/3/8 51/4/8
f 45/3/8 51/4/8 55/4/8
f 45/3/8 1/1/8 2/2/8
f 1/1/8 45/3/8 46/1/8
f 33/4/5 39/3/7 37/3/7
f 39/3/7 33/4/5 34/4/5
f 58/3/8 23/1/8 57/1/8
f 23/1/8 58/3/8 10/2/8
f 10/2/8 58/3/8 6/2/8
f 37/3/8 6/2/8 58/3/8
f 37/3/8 58/3/8 35/4/8
f 37/3/8 35/4/8 33/4/8
f 37/3/8 5/1/8 6/2/8
f 5/1/8 37/3/8 38/1/8
f 58/3/4 36/4/6 35/4/6
f 36/4/6 58/3/4 59/3/4
f 60/1/1 58/3/4 57/1/1
f 58/3/4 60/1/1 59/3/4
f 63/1/2 62/1/2 61/1/2
f 62/1/2 63/1/2 40/1/2
f 40/1/2 63/1/2 38/1/2
f 38/1/2 63/1/2 7/1/2
f 7/1/2 63/1/2 24/1/2
f 5/1/2 38/1/2 7/1/2
f 24/1/2 63/1/2 23/1/2
f 23/1/2 63/1/2 60/1/2
f 57/1/2 23/1/2 60/1/2
f 60/1/2 63/1/2 44/1/2
f 44/1/2 63/1/2 42/1/2
f 42/1/2 63/1/2 13/1/2
f 11/1/2 42/1/2 13/1/2
f 13/1/2 63/1/2 18/1/2
f 18/1/2 63/1/2 64/1/2
f 18/1/2 64/1/2 17/1/2
f 17/1/2 64/1/2 31/1/2
f 29/1/2 17/1/2 31/1/2
f 31/1/2 64/1/2 48/1/2
f 48/1/2 64/1/2 46/1/2
f 46/1/2 64/1/2 3/1/2
f 1/1/2 46/1/2 3/1/2
f 3/1/2 64/1/2 22/1/2
f 22/1/2 64/1/2 21/1/2
f 21/1/2 64/1/2 27/1/2
f 27/1/2 64/1/2 65/1/2
f 25/1/2 21/1/2 27/1/2
f 68/5/2 67/5/2 66/5/2
f 67/5/2 68/5/2 69/5/2
f 71/1/9 67/5/9 70/1/9
f 67/5/9 71/1/9 66/5/9
f 74/6/10 73/1/10 72/6/10
f 73/1/10 74/6/10 75/1/10
f 72/6/11 76/6/11 74/6/11
f 76/6/11 72/6/11 77/6/11
f 68/5/9 77/6/9 69/5/9
f 77/6/9 68/5/9 76/6/9
f 80/5/2 79/5/2 78/5/2
f 79/5/2 80/5/2 81/5/2
f 83/1/12 79/5/12 82/1/12
f 79/5/12 83/1/12 78/5/12
f 86/6/13 85/1/13 84/6/13
f 85/1/13 86/6/13 87/1/13
f 84/6/11 88/6/11 86/6/11
f 88/6/11 84/6/11 89/6/11
f 80/5/12 89/6/12 81/5/12
f 89/6/12 80/5/12 88/6/12
f 92/6/14 91/1/14 90/1/14
f 91/1/14 92/6/14 93/5/14
f 93/5/14 92/6/14 94/5/14
f 94/5/14 92/6/14 95/6/14
f 91/1/12 97/5/12 96/1/12
f 97/5/12 91/1/12 93/5/12
f 97/5/15 98/1/15 96/1/15
f 98/1/15 97/5/15 99/5/15
f 102/6/13 101/5/13 100/6/13
f 101/5/13 102/6/13 99/5/13
f 99/5/13 102/6/13 98/1/13
f 98/1/13 102/6/13 103/1/13
f 92/6/13 105/1/13 104/6/13
f 105/1/13 92/6/13 90/1/13
f 107/6/16 101/5/15 106/5/16
f 101/5/15 107/6/16 100/6/15
f 94/5/2 97/5/2 93/5/2
f 97/5/2 94/5/2 106/5/2
f 106/5/2 94/5/2 108/5/2
f 101/5/2 97/5/2 106/5/2
f 97/5/2 101/5/2 99/5/2
f 107/6/11 102/6/11 100/6/11
f 102/6/11 107/6/11 104/6/11
f 104/6/11 107/6/11 92/6/11
f 92/6/11 107/6/11 95/6/11
f 95/6/11 107/6/11 109/6/11
f 94/5/12 109/6/17 108/5/17
f 109/6/17 94/5/12 95/6/12
f 108/5/17 107/6/16 106/5/16
f 107/6/16 108/5/17 109/6/17
f 102/6/14 105/1/14 103/1/14
f 105/1/14 102/6/14 104/6/14
f 124/6/18 122/6/18 125/1/18
f 123/1/18 125/1/18 122/6/18
f 129/6/20 128/5/20 127/6/19
f 126/5/19 127/6/19 128/5/20
f 115/6/3 114/5/3 129/6/20
f 128/5/20 129/6/20 114/5/3
f 129/6/11 127/6/11 115/6/11
f 115/6/11 127/6/11 112/6/11
f 112/6/11 127/6/11 124/6/11
f 124/6/11 127/6/11 122/6/11
f 120/6/11 122/6/11 127/6/11
f 119/5/2 121/5/2 117/5/2
f 126/5/2 117/5/2 121/5/2
f 128/5/2 114/5/2 126/5/2
f 126/5/2 114/5/2 117/5/2
f 113/5/2 117/5/2 114/5/2
f 120/6/8 127/6/19 121/5/8
f 126/5/19 121/5/8 127/6/19
f 110/1/1 112/6/1 125/1/1
f 124/6/1 125/1/1 112/6/1
f 123/1/1 122/6/1 118/1/1
f 118/1/1 122/6/1 119/5/1
f 119/5/1 122/6/1 121/5/1
f 120/6/1 121/5/1 122/6/1
f 119/5/8 117/5/8 118/1/8
f 116/1/8 118/1/8 117/5/8
f 113/5/3 111/1/3 117/5/3
f 116/1/3 117/5/3 111/1/3
f 115/6/18 112/6/18 114/5/18
f 114/5/18 112/6/18 113/5/18
f 113/5/18 112/6/18 111/1/18
f 110/1/18 111/1/18 112/6/18
f 132/5/2 131/5/2 130/5/2
f 131/5/2 132/5/2 133/5/2
f 135/1/21 131/5/21 134/1/21
f 131/5/21 135/1/21 130/5/21
f 138/6/22 137/1/22 136/6/22
f 137/1/22 138/6/22 139/1/22
f 136/6/11 140/6/11 138/6/11
f 140/6/11 136/6/11 141/6/11
f 132/5/21 141/6/21 133/5/21
f 141/6/21 132/5/21 140/6/21
f 144/5/2 143/5/2 142/5/2
f 143/5/2 144/5/2 145/5/2
f 147/1/1 143/5/1 146/1/1
f 143/5/1 147/1/1 142/5/1
f 150/6/3 149/1/3 148/6/3
f 149/1/3 150/6/3 151/1/3
f 148/6/11 152/6/11 150/6/11
f 152/6/11 148/6/11 153/6/11
f 144/5/1 153/6/1 145/5/1
f 153/6/1 144/5/1 152/6/1
f 168/6/23 166/6/23 169/1/23
f 167/1/23 169/1/23 166/6/23
f 173/6/26 172/5/26 171/6/25
f 170/5/25 171/6/25 172/5/26
f 159/6/22 158/5/22 173/6/26
f 172/5/26 173/6/26 158/5/22
f 173/6/11 171/6/11 159/6/11
f 159/6/11 171/6/11 156/6/11
f 156/6/11 171/6/11 168/6/11
f 168/6/11 171/6/11 166/6/11
f 164/6/11 166/6/11 171/6/11
f 163/5/2 165/5/2 161/5/2
f 170/5/2 161/5/2 165/5/2
f 172/5/2 158/5/2 170/5/2
f 170/5/2 158/5/2 161/5/2
f 157/5/2 161/5/2 158/5/2
f 164/6/24 171/6/25 165/5/24
f 170/5/25 165/5/24 171/6/25
f 154/1/21 156/6/21 169/1/21
f 168/6/21 169/1/21 156/6/21
f 167/1/21 166/6/21 162/1/21
f 162/1/21 166/6/21 163/5/21
f 163/5/21 166/6/21 165/5/21
f 164/6/21 165/5/21 166/6/21
f 163/5/24 161/5/24 162/1/24
f 160/1/24 162/1/24 161/5/24
f 157/5/22 155/1/22 161/5/22
f 160/1/22 161/5/22 155/1/22
f 159/6/23 156/6/23 158/5/23
f 158/5/23 156/6/23 157/5/23
f 157/5/23 156/6/23 155/1/23
f 154/1/23 155/1/23 156/6/23
f 176/6/18 175/1/18 174/1/18
f 175/1/18 176/6/18 177/5/18
f 177/5/18 176/6/18 178/5/18
f 178/5/18 176/6/18 179/6/18
f 175/1/1 181/5/1 180/1/1
f 181/5/1 175/1/1 177/5/1
f 181/5/8 182/1/8 180/1/8
f 182/1/8 181/5/8 183/5/8
f 186/6/3 185/5/3 184/6/3
f 185/5/3 186/6/3 183/5/3
f 183/5/3 186/6/3 182/1/3
f 182/1/3 186/6/3 187/1/3
f 176/6/3 189/1/3 188/6/3
f 189/1/3 176/6/3 174/1/3
f 191/6/27 185/5/8 190/5/27
f 185/5/8 191/6/27 184/6/8
f 178/5/2 181/5/2 177/5/2
f 181/5/2 178/5/2 190/5/2
f 190/5/2 178/5/2 192/5/2
f 185/5/2 181/5/2 190/5/2
f 181/5/2 185/5/2 183/5/2
f 191/6/11 186/6/11 184/6/11
f 186/6/11 191/6/11 188/6/11
f 188/6/11 191/6/11 176/6/11
f 176/6/11 191/6/11 179/6/11
f 179/6/11 191/6/11 193/6/11
f 178/5/1 193/6/28 192/5/28
f 193/6/28 178/5/1 179/6/1
f 192/5/28 191/6/27 190/5/27
f 191/6/27 192/5/28 193/6/28
f 186/6/18 189/1/18 187/1/18
f 189/1/18 186/6/18 188/6/18
f 196/6/30 195/1/29 194/6/29
f 195/1/29 196/6/30 197/1/30
f 200/6/31 199/1/32 198/1/31
f 199/1/32 200/6/31 201/6/32
f 196/6/30 198/1/31 197/1/30
f 198/1/31 196/6/30 200/6/31
f 194/6/29 203/1/20 202/6/20
f 203/1/20 194/6/29 195/1/29
f 205/6/19 203/1/20 204/1/19
f 203/1/20 205/6/19 202/6/20
f 199/1/32 207/6/28 206/1/28
f 207/6/28 199/1/32 201/6/32
f 205/6/11 194/6/11 202/6/11
f 194/6/11 205/6/11 196/6/11
f 196/6/11 205/6/11 208/6/11
f 196/6/11 208/6/11 200/6/11
f 200/6/11 208/6/11 207/6/11
f 200/6/11 207/6/11 201/6/11
f 207/6/28 209/1/27 206/1/28
f 209/1/27 207/6/28 208/6/27
f 208/6/27 204/1/19 209/1/27
f 204/1/19 208/6/27 205/6/19
f 212/6/30 211/1/29 210/6/29
f 211/1/29 212/6/30 213/1/30
f 216/6/31 215/1/32 214/1/31
f 215/1/32 216/6/31 217/6/32
f 212/6/30 214/1/31 213/1/30
f 214/1/31 212/6/30 216/6/31
f 210/6/29 219/1/20 218/6/20
f 219/1/20 210/6/29 211/1/29
f 221/6/19 219/1/20 220/1/19
f 219/1/20 221/6/19 218/6/20
f 215/1/32 223/6/28 222/1/28
f 223/6/28 215/1/32 217/6/32
f 221/6/11 210/6/11 218/6/11
f 210/6/11 221/6/11 212/6/11
f 212/6/11 221/6/11 224/6/11
f 212/6/11 224/6/11 216/6/11
f 216/6/11 224/6/11 223/6/11
f 216/6/11 223/6/11 217/6/11
f 223/6/28 225/1/27 222/1/28
f 225/1/27 223/6/28 224/6/27
f 224/6/27 220/1/19 225/1/27
f 220/1/19 224/6/27 221/6/19
f 228/7/3 227/1/3 226/7/3
f 227/1/3 228/7/3 229/1/3
f 230/7/11 228/7/11 226/7/11
f 228/7/11 230/7/11 231/7/11
f 232/1/2 227/1/2 229/1/2
f 227/1/2 232/1/2 233/1/2
f 241/7/11 239/7/11 245/7/11
f 245/7/11 239/7/11 244/7/11
f 239/7/11 236/7/11 244/7/11
f 236/7/11 237/7/11 244/7/11
f 243/7/11 244/7/11 237/7/11
f 238/1/2 240/1/2 234/1/2
f 234/1/2 240/1/2 235/1/2
f 242/1/2 235/1/2 240/1/2
f 236/7/31 239/7/32 234/1/31
f 238/1/32 234/1/31 239/7/32
f 241/7/34 240/1/34 239/7/32
f 238/1/32 239/7/32 240/1/34
f 237/7/33 236/7/31 235/1/33
f 234/1/31 235/1/33 236/7/31
f 248/7/35 247/1/35 246/7/35
f 247/1/35 248/7/35 249/1/35
f 250/7/11 248/7/11 246/7/11
f 248/7/11 250/7/11 251/7/11
f 252/1/2 247/1/2 249/1/2
f 247/1/2 252/1/2 253/1/2
f 261/7/11 259/7/11 265/7/11
f 265/7/11 259/7/11 264/7/11
f 259/7/11 256/7/11 264/7/11
f 256/7/11 257/7/11 264/7/11
f 263/7/11 264/7/11 257/7/11
f 258/1/2 260/1/2 254/1/2
f 254/1/2 260/1/2 255/1/2
f 262/1/2 255/1/2 260/1/2
f 256/7/25 259/7/26 254/1/25
f 258/1/26 254/1/25 259/7/26
f 261/7/22 260/1/22 259/7/26
f 258/1/26 259/7/26 260/1/22
f 257/7/24 256/7/25 255/1/24
f 254/1/25 255/1/24 256/7/25
f 268/1/2 267/1/36 266/1/2
f 267/1/36 268/1/2 269/1/36
f 272/6/37 271/6/11 270/6/37
f 271/6/11 272/6/37 273/6/11
f 272/6/37 267/1/36 269/1/36
f 267/1/36 272/6/37 270/6/37
f 276/1/2 275/1/38 274/1/2
f 275/1/38 276/1/2 277/1/38
f 280/6/39 279/6/11 278/6/39
f 279/6/11 280/6/39 281/6/11
f 280/6/39 275/1/38 277/1/38
f 275/1/38 280/6/39 278/6/39
f 284/1/2 283/1/38 282/1/2
f 283/1/38 284/1/2 285/1/38
f 288/6/39 287/6/11 286/6/39
f 287/6/11 288/6/39 289/6/11
f 288/6/39 283/1/38 285/1/38
f 283/1/38 288/6/39 286/6/39
f 292/1/2 291/1/38 290/1/2
f 291/1/38 292/1/2 293/1/38
f 296/6/39 295/6/11 294/6/39
f 295/6/11 296/6/39 297/6/11
f 296/6/39 291/1/38 293/1/38
f 291/1/38 296/6/39 294/6/39
f 300/1/2 299/1/38 298/1/2
f 299/1/38 300/1/2 301/1/38
f 304/6/39 303/6/11 302/6/39
f 303/6/11 304/6/39 305/6/11
f 304/6/39 299/1/38 301/1/38
f 299/1/38 304/6/39 302/6/39
f 308/1/2 307/1/38 306/1/2
f 307/1/38 308/1/2 309/1/38
f 312/6/39 311/6/11 310/6/39
f 311/6/11 312/6/39 313/6/11
f 312/6/39 307/1/38 309/1/38
f 307/1/38 312/6/39 310/6/39
f 316/1/2 315/1/38 314/1/2
f 315/1/38 316/1/2 317/1/38
f 320/6/39 319/6/11 318/6/39
f 319/6/11 320/6/39 321/6/11
f 320/6/39 315/1/38 317/1/38
f 315/1/38 320/6/39 318/6/39
f 324/1/2 323/1/38 322/1/2
f 323/1/38 324/1/2 325/1/38
f 328/6/39 327/6/11 326/6/39
f 327/6/11 328/6/39 329/6/11
f 328/6/39 323/1/38 325/1/38
f 323/1/38 328/6/39 326/6/39
f 332/1/2 331/1/2 330/1/2
f 331/1/2 332/1/2 333/1/2
f 336/1/2 335/1/36 334/1/2
f 335/1/36 336/1/2 337/1/36
f 340/6/37 339/6/11 338/6/37
f 339/6/11 340/6/37 341/6/11
f 340/6/37 335/1/36 337/1/36
f 335/1/36 340/6/37 338/6/37
f 344/1/2 343/1/36 342/1/2
f 343/1/36 344/1/2 345/1/36
f 348/6/37 347/6/11 346/6/37
f 347/6/11 348/6/37 349/6/11
f 348/6/37 343/1/36 345/1/36
f 343/1/36 348/6/37 346/6/37
f 352/1/2 351/1/36 350/1/2
f 351/1/36 352/1/2 353/1/36
f 356/6/37 355/6/11 354/6/37
f 355/6/11 356/6/37 357/6/11
f 356/6/37 351/1/36 353/1/36
f 351/1/36 356/6/37 354/6/37
f 360/1/2 359/1/36 358/1/2
f 359/1/36 360/1/2 361/1/36
f 364/6/37 363/6/11 362/6/37
f 363/6/11 364/6/37 365/6/11
f 364/6/37 359/1/36 361/1/36
f 359/1/36 364/6/37 362/6/37
f 368/1/40 367/2/40 366/1/40
f 367/2/40 368/1/40 369/2/40
f 372/1/40 371/2/40 370/1/40
f 371/2/40 372/1/40 373/2/40
f 374/2/2 371/2/2 373/2/2
f 371/2/2 374/2/2 375/2/2
f 378/1/40 377/2/40 376/1/40
f 377/2/40 378/1/40 379/2/40
f 380/2/2 377/2/2 379/2/2
f 377/2/2 380/2/2 381/2/2
f 380/2/41 382/1/41 381/2/41
f 382/1/41 380/2/41 383/1/41
f 384/2/2 367/2/2 369/2/2
f 367/2/2 384/2/2 385/2/2
f 384/2/41 386/1/41 385/2/41
f 386/1/41 384/2/41 387/1/41
f 374/2/41 388/1/41 375/2/41
f 388/1/41 374/2/41 389/1/41
f 392/1/40 391/3/42 390/1/40
f 391/3/42 392/1/40 393/3/42
f 396/1/40 395/3/42 394/1/40
f 395/3/42 396/1/40 397/3/42
f 400/4/44 399/4/43 398/4/43
f 399/4/43 400/4/44 401/4/44
f 404/3/45 403/1/41 402/3/45
f 403/1/41 404/3/45 405/1/41
f 408/3/45 407/1/41 406/3/45
f 407/1/41 408/3/45 409/1/41
f 412/3/45 411/1/41 410/3/45
f 411/1/41 412/3/45 413/1/41
f 395/3/42 415/4/44 414/4/44
f 415/4/44 395/3/42 397/3/42
f 391/3/42 417/4/44 416/4/44
f 417/4/44 391/3/42 393/3/42
f 414/4/44 419/4/43 418/4/43
f 419/4/43 414/4/44 415/4/44
f 418/4/43 408/3/45 406/3/45
f 408/3/45 418/4/43 419/4/43
f 420/4/43 412/3/45 410/3/45
f 412/3/45 420/4/43 421/4/43
f 416/4/44 421/4/43 420/4/43
f 421/4/43 416/4/44 417/4/44
f 395/3/46 382/1/46 394/1/46
f 382/1/46 395/3/46 381/2/46
f 381/2/46 395/3/46 377/2/46
f 406/3/46 377/2/46 395/3/46
f 406/3/46 395/3/46 414/4/46
f 406/3/46 414/4/46 418/4/46
f 406/3/46 376/1/46 377/2/46
f 376/1/46 406/3/46 407/1/46
f 391/3/46 386/1/46 390/1/46
f 386/1/46 391/3/46 385/2/46
f 385/2/46 391/3/46 367/2/46
f 410/3/46 367/2/46 391/3/46
f 410/3/46 391/3/46 416/4/46
f 410/3/46 416/4/46 420/4/46
f 410/3/46 366/1/46 367/2/46
f 366/1/46 410/3/46 411/1/46
f 398/4/43 404/3/45 402/3/45
f 404/3/45 398/4/43 399/4/43
f 423/3/46 388/1/46 422/1/46
f 388/1/46 423/3/46 375/2/46
f 375/2/46 423/3/46 371/2/46
f 402/3/46 371/2/46 423/3/46
f 402/3/46 423/3/46 400/4/46
f 402/3/46 400/4/46 398/4/46
f 402/3/46 370/1/46 371/2/46
f 370/1/46 402/3/46 403/1/46
f 423/3/42 401/4/44 400/4/44
f 401/4/44 423/3/42 424/3/42
f 425/1/40 423/3/42 422/1/40
f 423/3/42 425/1/40 424/3/42
f 428/1/2 427/1/2 426/1/2
f 427/1/2 428/1/2 405/1/2
f 405/1/2 428/1/2 403/1/2
f 403/1/2 428/1/2 372/1/2
f 372/1/2 428/1/2 389/1/2
f 370/1/2 403/1/2 372/1/2
f 389/1/2 428/1/2 388/1/2
f 388/1/2 428/1/2 425/1/2
f 422/1/2 388/1/2 425/1/2
f 425/1/2 428/1/2 409/1/2
f 409/1/2 428/1/2 407/1/2
f 407/1/2 428/1/2 378/1/2
f 376/1/2 407/1/2 378/1/2
f 378/1/2 428/1/2 383/1/2
f 383/1/2 428/1/2 429/1/2
f 383/1/2 429/1/2 382/1/2
f 382/1/2 429/1/2 396/1/2
f 394/1/2 382/1/2 396/1/2
f 396/1/2 429/1/2 413/1/2
f 413/1/2 429/1/2 411/1/2
f 411/1/2 429/1/2 368/1/2
f 366/1/2 411/1/2 368/1/2
f 368/1/2 429/1/2 387/1/2
f 387/1/2 429/1/2 386/1/2
f 386/1/2 429/1/2 392/1/2
f 392/1/2 429/1/2 430/1/2
f 390/1/2 386/1/2 392/1/2
f 433/1/2 432/1/36 431/1/2
f 432/1/36 433/1/2 434/1/36
f 437/6/37 436/6/11 435/6/37
f 436/6/11 437/6/37 438/6/11
f 437/6/37 432/1/36 434/1/36
f 432/1/36 437/6/37 435/6/37
f 441/1/2 440/1/36 439/1/2
f 440/1/36 441/1/2 442/1/36
f 445/6/37 444/6/11 443/6/37
f 444/6/11 445/6/37 446/6/11
f 445/6/37 440/1/36 442/1/36
f 440/1/36 445/6/37 443/6/37
f 448/1/28 468/7/28 450/1/27
f 465/7/27 450/1/27 468/7/28
f 465/7/27 463/7/8 450/1/27
f 450/1/27 463/7/8 452/1/8
f 476/10/8 452/1/8 463/7/8
f 469/8/8 476/10/8 463/7/8
f 471/9/8 473/9/8 469/8/8
f 473/9/8 460/8/8 469/8/8
f 460/8/8 476/10/8 469/8/8
f 476/10/8 460/8/8 475/10/8
f 460/8/8 456/7/8 475/10/8
f 475/10/8 456/7/8 454/1/8
f 456/7/8 458/7/8 454/1/8
f 455/1/8 454/1/8 458/7/8
f 447/1/1 467/7/1 448/1/28
f 468/7/28 448/1/28 467/7/1
f 470/8/4 472/9/6 469/8/4
f 471/9/6 469/8/4 472/9/6
f 474/9/5 461/8/7 473/9/5
f 460/8/7 473/9/5 461/8/7
f 474/9/5 473/9/5 472/9/6
f 471/9/6 472/9/6 473/9/5
f 462/7/1 470/8/4 463/7/1
f 469/8/4 463/7/1 470/8/4
f 468/7/11 467/7/11 465/7/11
f 466/7/11 465/7/11 467/7/11
f 464/7/11 465/7/11 466/7/11
f 465/7/11 464/7/11 463/7/11
f 462/7/11 463/7/11 464/7/11
f 461/8/7 457/7/3 460/8/7
f 456/7/3 460/8/7 457/7/3
f 459/7/11 458/7/11 457/7/11
f 456/7/11 457/7/11 458/7/11
f 455/1/2 449/1/2 454/1/2
f 454/1/2 449/1/2 453/1/2
f 453/1/2 449/1/2 451/1/2
f 451/1/2 450/1/2 452/1/2
f 451/1/2 449/1/2 450/1/2
f 450/1/2 449/1/2 448/1/2
f 447/1/2 448/1/2 449/1/2
f 479/1/2 478/1/2 477/1/2
f 478/1/2 479/1/2 480/1/2
f 480/1/2 479/1/2 481/1/2
f 482/1/2 480/1/2 481/1/2
f 481/1/2 479/1/2 483/1/2
f 483/1/2 479/1/2 484/1/2
f 484/1/2 479/1/2 485/1/2
f 488/7/11 487/7/11 486/7/11
f 487/7/11 488/7/11 489/7/11
f 487/7/1 490/8/4 486/7/1
f 490/8/4 487/7/1 491/8/4
f 494/7/11 493/7/11 492/7/11
f 493/7/11 494/7/11 495/7/11
f 496/7/11 495/7/11 494/7/11
f 497/7/11 495/7/11 496/7/11
f 495/7/11 497/7/11 498/7/11
f 500/8/7 493/7/3 499/8/7
f 493/7/3 500/8/7 492/7/3
f 503/9/6 502/9/5 501/9/5
f 502/9/5 503/9/6 504/9/6
f 491/8/4 503/9/6 490/8/4
f 503/9/6 491/8/4 504/9/6
f 502/9/5 499/8/7 501/9/5
f 499/8/7 502/9/5 500/8/7
f 497/7/3 478/1/20 498/7/20
f 478/1/20 497/7/3 477/1/3
f 488/7/8 484/1/8 485/1/8
f 484/1/8 488/7/8 486/7/8
f 484/1/8 486/7/8 505/10/8
f 505/10/8 486/7/8 490/8/8
f 505/10/8 490/8/8 506/10/8
f 499/8/8 506/10/8 490/8/8
f 499/8/8 490/8/8 503/9/8
f 499/8/8 503/9/8 501/9/8
f 493/7/8 506/10/8 499/8/8
f 493/7/8 482/1/8 506/10/8
f 482/1/8 493/7/8 480/1/19
f 480/1/19 493/7/8 495/7/19
f 498/7/20 480/1/19 495/7/19
f 480/1/19 498/7/20 478/1/20
f 509/1/1 508/10/1 507/1/1
f 508/10/1 509/1/1 510/10/1
f 513/10/3 512/1/3 511/10/3
f 512/1/3 513/10/3 514/1/3
f 513/10/2 508/10/2 510/10/2
f 508/10/2 513/10/2 511/10/2
f 458/7/8 512/1/8 515/1/8
f 512/1/8 458/7/8 516/7/8
f 512/1/8 516/7/8 511/10/8
f 511/10/8 516/7/8 517/8/8
f 511/10/8 517/8/8 508/10/8
f 518/8/8 508/10/8 517/8/8
f 518/8/8 517/8/8 519/9/8
f 518/8/8 519/9/8 520/9/8
f 521/7/8 508/10/8 518/8/8
f 521/7/8 507/1/8 508/10/8
f 507/1/8 521/7/8 485/1/8
f 485/1/8 521/7/8 488/7/8
f 522/7/1 517/8/4 516/7/1
f 517/8/4 522/7/1 523/8/4
f 521/7/11 489/7/11 488/7/11
f 489/7/11 521/7/11 524/7/11
f 525/8/7 521/7/3 518/8/7
f 521/7/3 525/8/7 524/7/3
f 519/9/6 526/9/5 520/9/5
f 526/9/5 519/9/6 527/9/6
f 526/9/5 518/8/7 520/9/5
f 518/8/7 526/9/5 525/8/7
f 523/8/4 519/9/6 517/8/4
f 519/9/6 523/8/4 527/9/6
f 528/1/2 485/1/2 479/1/2
f 485/1/2 528/1/2 509/1/2
f 507/1/2 485/1/2 509/1/2
f 509/1/2 528/1/2 514/1/2
f 514/1/2 528/1/2 512/1/2
f 512/1/2 528/1/2 515/1/2
f 458/7/11 522/7/11 516/7/11
f 522/7/11 458/7/11 459/7/11
f 533/6/8 535/6/8 530/1/8
f 532/1/8 530/1/8 535/6/8
f 536/6/50 535/6/50 534/6/49
f 533/6/49 534/6/49 535/6/50
f 536/6/50 531/1/48 535/6/50
f 532/1/48 535/6/50 531/1/48
f 529/1/47 534/6/49 530/1/47
f 533/6/49 530/1/47 534/6/49
f 532/1/48 531/1/48 530/1/47
f 529/1/47 530/1/47 531/1/48
f 541/6/8 543/6/8 538/1/8
f 540/1/8 538/1/8 543/6/8
f 544/6/50 543/6/50 542/6/49
f 541/6/49 542/6/49 543/6/50
f 544/6/50 539/1/48 543/6/50
f 540/1/48 543/6/50 539/1/48
f 537/1/47 542/6/49 538/1/47
f 541/6/49 538/1/47 542/6/49
f 540/1/48 539/1/48 538/1/47
f 537/1/47 538/1/47 539/1/48
f 547/7/52 546/8/51 545/8/51
f 546/8/51 547/7/52 548/7/52
f 547/7/11 549/7/11 548/7/11
f 549/7/11 547/7/11 550/7/11
f 553/7/11 552/7/11 551/7/11
f 552/7/11 553/7/11 554/7/11
f 557/1/2 556/1/2 555/1/2
f 556/1/2 557/1/2 558/1/2
f 559/1/2 556/1/2 558/1/2
f 558/1/2 557/1/2 560/1/2
f 560/1/2 557/1/2 561/1/2
f 561/1/2 557/1/2 562/1/2
f 565/9/53 564/9/54 563/9/53
f 564/9/54 565/9/53 566/9/54
f 568/8/55 554/7/56 567/8/55
f 554/7/56 568/8/55 552/7/56
f 546/8/51 566/9/54 545/8/51
f 566/9/54 546/8/51 564/9/54
f 563/9/53 567/8/55 565/9/53
f 567/8/55 563/9/53 568/8/55
f 550/7/57 561/1/57 562/1/57
f 561/1/57 550/7/57 547/7/57
f 561/1/57 547/7/57 569/10/57
f 569/10/57 547/7/57 545/8/57
f 569/10/57 545/8/57 570/10/57
f 567/8/57 570/10/57 545/8/57
f 567/8/57 545/8/57 566/9/57
f 567/8/57 566/9/57 565/9/57
f 554/7/57 570/10/57 567/8/57
f 570/10/57 554/7/57 559/1/57
f 553/7/57 559/1/57 554/7/57
f 559/1/57 553/7/57 556/1/57
f 572/10/2 570/10/2 571/10/2
f 570/10/2 572/10/2 569/10/2
f 558/1/52 570/10/52 559/1/52
f 570/10/52 558/1/52 571/10/52
f 572/10/56 561/1/56 569/10/56
f 561/1/56 572/10/56 560/1/56
f 575/1/59 574/1/58 573/1/58
f 574/1/58 575/1/59 576/1/59
f 578/6/60 574/1/58 577/6/60
f 574/1/58 578/6/60 573/1/58
f 575/1/59 579/6/61 576/1/59
f 579/6/61 575/1/59 580/6/61
f 579/6/61 578/6/60 577/6/60
f 578/6/60 579/6/61 580/6/61
f 579/6/57 574/1/57 576/1/57
f 574/1/57 579/6/57 577/6/57
f 583/11/62 582/9/62 581/11/62
f 582/9/62 583/11/62 584/9/62
f 587/9/63 586/11/64 585/11/63
f 586/11/64 587/9/63 588/9/64
f 581/11/52 587/9/63 585/11/63
f 587/9/63 581/11/52 582/9/52
f 587/9/11 584/9/11 588/9/11
f 584/9/11 587/9/11 582/9/11
f 581/11/2 586/11/2 583/11/2
f 586/11/2 581/11/2 585/11/2
f 584/9/56 586/11/64 588/9/64
f 586/11/64 584/9/56 583/11/56
f 591/12/18 590/1/18 589/1/18
f 590/1/18 591/12/18 592/13/65
f 592/13/65 591/12/18 593/13/65
f 590/1/2 594/1/2 589/1/2
f 594/1/2 590/1/2 595/1/2
f 591/12/3 594/1/3 596/12/3
f 594/1/3 591/12/3 589/1/3
f 599/6/66 598/6/67 597/6/66
f 598/6/67 599/6/66 600/6/67
f 598/6/67 592/13/65 593/13/65
f 592/13/65 598/6/67 600/6/67
f 599/6/66 602/13/68 601/13/68
f 602/13/68 599/6/66 597/6/66
f 600/6/1 590/1/1 592/13/1
f 603/14/1 590/1/1 600/6/1
f 600/6/1 604/14/1 603/14/1
f 605/15/1 590/1/1 603/14/1
f 599/6/1 604/14/1 600/6/1
f 606/15/1 590/1/1 605/15/1
f 604/14/1 599/6/1 606/15/1
f 606/15/1 595/1/1 590/1/1
f 601/13/1 606/15/1 599/6/1
f 595/1/1 606/15/1 601/13/1
f 601/13/68 594/1/8 595/1/8
f 594/1/8 601/13/68 596/12/8
f 596/12/8 601/13/68 602/13/68
f 603/14/69 608/14/70 607/14/69
f 608/14/70 603/14/69 604/14/70
f 608/14/70 606/15/71 609/15/71
f 606/15/71 608/14/70 604/14/70
f 606/15/71 610/15/72 609/15/71
f 610/15/72 606/15/71 605/15/72
f 603/14/69 610/15/72 605/15/72
f 610/15/72 603/14/69 607/14/69
f 613/6/18 612/1/31 611/1/18
f 612/1/31 613/6/18 614/6/31
f 617/1/32 616/6/28 615/1/28
f 616/6/28 617/1/32 618/6/32
f 621/6/27 620/1/8 619/1/27
f 620/1/8 621/6/27 622/6/8
f 614/6/31 617/1/32 612/1/31
f 617/1/32 614/6/31 618/6/32
f 616/6/28 619/1/27 615/1/28
f 619/1/27 616/6/28 621/6/27
f 621/6/11 613/6/11 622/6/11
f 613/6/11 621/6/11 614/6/11
f 614/6/11 621/6/11 616/6/11
f 614/6/11 616/6/11 618/6/11
f 612/1/2 620/1/2 611/1/2
f 620/1/2 612/1/2 619/1/2
f 619/1/2 612/1/2 617/1/2
f 619/1/2 617/1/2 615/1/2
f 15/17/8 13/16/8 18/16/8
f 13/16/8 15/17/8 14/17/8
f 9/17/8 7/16/8 24/16/8
f 7/16/8 9/17/8 8/17/8
f 19/17/8 3/16/8 22/16/8
f 3/16/8 19/17/8 4/17/8
f 380/17/46 378/16/46 383/16/46
f 378/16/46 380/17/46 379/17/46
f 374/17/46 372/16/46 389/16/46
f 372/16/46 374/17/46 373/17/46
f 384/17/46 368/16/46 387/16/46
f 368/16/46 384/17/46 369/17/46
f 626/19/8 625/19/8 624/18/8
f 623/18/8 624/18/8 625/19/8
f 629/19/8 628/18/8 627/18/8
f 628/18/8 629/19/8 630/19/8
f 633/20/8 632/19/8 631/20/8
f 632/19/8 633/20/8 634/19/8
f 637/20/8 636/19/8 635/20/8
f 636/19/8 637/20/8 638/19/8
usemtl plaster
f 639/619/8 27/620/8 65/621/8
f 27/622/8 639/623/8 28/624/8
f 28/625/8 639/626/8 52/627/8
f 52/628/8 639/629/8 56/630/8
f 56/631/8 639/632/8 50/633/8
f 32/634/8 56/635/8 50/636/8
f 32/637/8 47/638/8 56/639/8
f 31/640/8 47/641/8 32/642/8
f 47/643/8 31/644/8 48/645/8
f 50/646/8 639/647/8 54/648/8
f 54/649/8 639/650/8 36/651/8
f 36/652/8 639/653/8 34/654/8
f 59/655/8 54/656/8 36/657/8
f 59/658/8 43/659/8 54/660/8
f 60/661/8 43/662/8 59/663/8
f 43/664/8 60/665/8 44/666/8
f 640/667/8 34/668/8 639/669/8
f 640/670/8 39/671/8 34/672/8
f 640/673/8 40/674/8 39/675/8
f 40/676/8 640/677/8 62/678/8
f 268/679/40 272/680/40 269/681/40
f 272/682/40 268/683/40 273/684/40
f 271/685/41 267/686/41 270/687/41
f 267/688/41 271/689/41 266/690/41
f 276/691/1 280/692/1 277/693/1
f 280/694/1 276/695/1 281/696/1
f 279/697/3 275/698/3 278/699/3
f 275/700/3 279/701/3 274/702/3
f 284/703/1 288/704/1 285/705/1
f 288/706/1 284/707/1 289/708/1
f 287/709/3 283/710/3 286/711/3
f 283/712/3 287/713/3 282/714/3
f 292/715/1 296/716/1 293/717/1
f 296/718/1 292/719/1 297/720/1
f 295/721/3 291/722/3 294/723/3
f 291/724/3 295/725/3 290/726/3
f 300/727/1 304/728/1 301/729/1
f 304/730/1 300/731/1 305/732/1
f 303/733/3 299/734/3 302/735/3
f 299/736/3 303/737/3 298/738/3
f 308/739/1 312/740/1 309/741/1
f 312/742/1 308/743/1 313/744/1
f 311/745/3 307/746/3 310/747/3
f 307/748/3 311/749/3 306/750/3
f 316/751/1 320/752/1 317/753/1
f 320/754/1 316/755/1 321/756/1
f 319/757/3 315/758/3 318/759/3
f 315/760/3 319/761/3 314/762/3
f 324/763/1 328/764/1 325/765/1
f 328/766/1 324/767/1 329/768/1
f 327/769/3 323/770/3 326/771/3
f 323/772/3 327/773/3 322/774/3
f 643/775/11 642/776/11 641/777/11
f 642/778/11 643/779/11 644/780/11
f 160/781/3 645/782/3 116/783/3
f 645/784/3 160/785/3 646/786/3
f 649/787/1 648/788/1 647/789/1
f 648/790/1 649/791/1 650/792/1
f 336/793/40 340/794/40 337/795/40
f 340/796/40 336/797/40 341/798/40
f 339/799/41 335/800/41 338/801/41
f 335/802/41 339/803/41 334/804/41
f 344/805/40 348/806/40 345/807/40
f 348/808/40 344/809/40 349/810/40
f 347/811/41 343/812/41 346/813/41
f 343/814/41 347/815/41 342/816/41
f 352/817/40 356/818/40 353/819/40
f 356/820/40 352/821/40 357/822/40
f 355/823/41 351/824/41 354/825/41
f 351/826/41 355/827/41 350/828/41
f 360/829/40 364/830/40 361/831/40
f 364/832/40 360/833/40 365/834/40
f 363/835/41 359/836/41 362/837/41
f 359/838/41 363/839/41 358/840/41
f 651/841/46 392/842/46 430/843/46
f 392/844/46 651/845/46 393/846/46
f 393/847/46 651/848/46 417/849/46
f 417/850/46 651/851/46 421/852/46
f 421/853/46 651/854/46 415/855/46
f 397/856/46 421/857/46 415/858/46
f 397/859/46 412/860/46 421/861/46
f 396/862/46 412/863/46 397/864/46
f 412/865/46 396/866/46 413/867/46
f 415/868/46 651/869/46 419/870/46
f 419/871/46 651/872/46 401/873/46
f 401/874/46 651/875/46 399/876/46
f 424/877/46 419/878/46 401/879/46
f 424/880/46 408/881/46 419/882/46
f 425/883/46 408/884/46 424/885/46
f 408/886/46 425/887/46 409/888/46
f 652/889/46 399/890/46 651/891/46
f 652/892/46 404/893/46 399/894/46
f 652/895/46 405/896/46 404/897/46
f 405/898/46 652/899/46 427/900/46
f 433/901/40 437/902/40 434/903/40
f 437/904/40 433/905/40 438/906/40
f 436/907/41 432/908/41 435/909/41
f 432/910/41 436/911/41 431/912/41
f 441/913/40 445/914/40 442/915/40
f 445/916/40 441/917/40 446/918/40
f 444/919/41 440/920/41 443/921/41
f 440/922/41 444/923/41 439/924/41
f 655/925/3 654/926/3 653/927/3
f 658/928/1 657/929/1 656/930/1
f 661/931/3 660/932/3 659/933/3
f 664/934/1 663/935/1 662/936/1
f 667/937/3 666/938/3 665/939/3
f 670/940/1 669/941/1 668/942/1
f 673/943/1 672/944/1 671/945/1
f 676/946/3 675/947/3 674/948/3
f 679/949/3 678/950/3 677/951/3
f 682/952/1 681/953/1 680/954/1
f 685/955/3 684/956/3 683/957/3
f 688/958/1 687/959/1 686/960/1
f 646/961/3 689/962/3 645/963/3
f 689/964/3 646/965/3 690/966/3
f 655/967/73 656/968/73 654/969/73
f 656/970/73 655/971/73 658/972/73
f 661/973/73 662/974/73 660/975/73
f 662/976/73 661/977/73 664/978/73
f 667/979/73 668/980/73 666/981/73
f 668/982/73 667/983/73 670/984/73
f 681/985/74 685/986/74 680/987/74
f 685/988/74 681/989/74 684/990/74
f 680/991/18 646/992/18 682/993/18
f 680/994/18 690/995/18 646/996/18
f 690/997/18 680/998/18 691/999/18
f 679/1000/18 691/1001/18 680/1002/18
f 691/1003/18 679/1004/18 649/1005/18
f 649/1006/18 679/1007/18 677/1008/18
f 679/1009/18 680/1010/18 685/1011/18
f 679/1012/18 685/1013/18 671/1014/18
f 683/1015/18 671/1016/18 685/1017/18
f 671/1018/18 683/1019/18 673/1020/18
f 679/1021/18 671/1022/18 676/1023/18
f 679/1024/18 676/1025/18 686/1026/18
f 674/1027/18 686/1028/18 676/1029/18
f 686/1030/18 674/1031/18 688/1032/18
f 687/1033/74 679/1034/74 686/1035/74
f 679/1036/74 687/1037/74 678/1038/74
f 672/1039/74 676/1040/74 671/1041/74
f 676/1042/74 672/1043/74 675/1044/74
f 666/1045/8 647/1046/8 665/1047/8
f 666/1048/8 692/1049/8 647/1050/8
f 692/1051/8 666/1052/8 689/1053/8
f 656/1054/8 689/1055/8 666/1056/8
f 689/1057/8 656/1058/8 645/1059/8
f 645/1060/8 656/1061/8 657/1062/8
f 656/1063/8 666/1064/8 668/1065/8
f 656/1066/8 668/1067/8 660/1068/8
f 669/1069/8 660/1070/8 668/1071/8
f 660/1072/8 669/1073/8 659/1074/8
f 656/1075/8 660/1076/8 662/1077/8
f 656/1078/8 662/1079/8 654/1080/8
f 663/1081/8 654/1082/8 662/1083/8
f 654/1084/8 663/1085/8 653/1086/8
f 691/1087/1 647/1088/1 692/1089/1
f 647/1090/1 691/1091/1 649/1092/1
f 695/1093/11 694/1094/11 693/1095/11
f 691/1096/11 694/1097/11 695/1098/11
f 696/1099/11 691/1100/11 695/1101/11
f 692/1102/11 694/1103/11 691/1104/11
f 692/1105/11 697/1106/11 694/1107/11
f 696/1108/11 690/1109/11 691/1110/11
f 689/1111/11 697/1112/11 692/1113/11
f 696/1114/11 689/1115/11 690/1116/11
f 697/1117/11 689/1118/11 698/1119/11
f 696/1120/11 698/1121/11 689/1122/11
f 699/1123/11 698/1124/11 696/1125/11
f 698/1126/11 699/1127/11 700/1128/11
f 703/1129/2 702/1130/2 701/1131/2
f 702/1132/2 703/1133/2 704/1134/2
f 704/1135/2 703/1136/2 705/1137/2
f 704/1138/2 705/1139/2 706/1140/2
f 706/1141/2 705/1142/2 707/1143/2
f 706/1144/2 707/1145/2 708/1146/2
f 694/1147/28 707/1148/32 693/1149/32
f 707/1150/32 695/1151/31 693/1152/32
f 707/1153/32 694/1154/28 708/1155/28
f 695/1156/31 707/1157/32 705/1158/31
f 694/1159/28 706/1160/27 708/1161/28
f 705/1162/31 696/1163/30 695/1164/31
f 706/1165/27 694/1166/28 697/1167/27
f 696/1168/30 705/1169/31 703/1170/30
f 697/1171/27 704/1172/19 706/1173/27
f 703/1174/30 699/1175/29 696/1176/30
f 704/1177/19 697/1178/27 698/1179/19
f 699/1180/29 703/1181/30 701/1182/29
f 698/1183/19 702/1184/20 704/1185/19
f 701/1186/29 700/1187/20 699/1188/29
f 700/1189/20 701/1190/29 702/1191/20
f 702/1192/20 698/1193/19 700/1194/20
usemtl palette
f 73/29/11 710/29/11 709/29/11
f 710/29/11 73/29/11 75/29/11
f 712/29/11 87/29/11 711/29/11
f 87/29/11 712/29/11 85/29/11
f 105/29/11 713/29/11 103/29/11
f 713/29/11 105/29/11 90/29/11
f 110/29/11 125/29/11 714/29/11
f 123/29/11 714/29/11 125/29/11
f 716/29/11 139/29/11 715/29/11
f 139/29/11 716/29/11 137/29/11
f 149/29/11 718/29/11 717/29/11
f 718/29/11 149/29/11 151/29/11
f 154/29/11 169/29/11 711/29/11
f 167/29/11 711/29/11 169/29/11
f 189/29/11 719/29/11 187/29/11
f 719/29/11 189/29/11 174/29/11
f 721/30/3 230/31/3 720/30/3
f 230/31/3 721/30/3 231/31/3
f 724/30/34 245/31/34 722/30/34
f 244/31/34 722/30/34 245/31/34
f 723/30/33 722/30/33 243/31/33
f 244/31/33 243/31/33 722/30/33
f 726/30/35 250/31/35 725/30/35
f 250/31/35 726/30/35 251/31/35
f 729/30/22 265/31/22 727/30/22
f 264/31/22 727/30/22 265/31/22
f 728/30/24 727/30/24 263/31/24
f 264/31/24 263/31/24 727/30/24
f 734/34/48 451/29/3 476/34/48
f 452/29/3 476/34/48 451/29/3
f 475/34/47 733/34/47 476/34/48
f 734/34/48 476/34/48 733/34/47
f 453/29/1 733/34/47 454/29/1
f 475/34/47 454/29/1 733/34/47
f 466/31/1 732/30/1 464/31/1
f 731/30/1 464/31/1 732/30/1
f 464/31/8 731/30/8 462/31/8
f 470/32/8 462/31/8 731/30/8
f 472/33/8 470/32/8 731/30/8
f 730/30/8 472/33/8 731/30/8
f 472/33/8 730/30/8 474/33/8
f 474/33/8 730/30/8 461/32/8
f 461/32/8 730/30/8 457/31/8
f 459/31/8 457/31/8 730/30/8
f 737/35/8 744/29/8 735/35/8
f 743/38/8 735/35/8 744/29/8
f 739/36/8 735/35/8 743/38/8
f 744/29/8 737/35/8 742/29/8
f 741/38/8 739/36/8 743/38/8
f 741/38/8 742/29/8 737/35/8
f 739/36/8 741/38/8 740/36/8
f 740/36/8 741/38/8 737/35/8
f 624/37/3 736/35/50 626/36/48
f 626/36/48 736/35/50 739/36/48
f 735/35/50 739/36/48 736/35/50
f 623/37/1 625/36/47 738/35/49
f 738/35/49 625/36/47 737/35/49
f 740/36/47 737/35/49 625/36/47
f 740/36/47 625/36/47 739/36/48
f 626/36/48 739/36/48 625/36/47
f 738/35/49 737/35/49 736/35/50
f 735/35/50 736/35/50 737/35/49
f 745/30/8 487/31/8 489/31/8
f 487/31/8 745/30/8 491/32/8
f 491/32/8 745/30/8 504/33/8
f 504/33/8 745/30/8 502/33/8
f 746/30/8 502/33/8 745/30/8
f 746/30/8 500/32/8 502/33/8
f 746/30/8 492/31/8 500/32/8
f 492/31/8 746/30/8 494/31/8
f 747/30/3 494/31/3 746/30/3
f 494/31/3 747/30/3 496/31/3
f 748/34/48 484/29/3 505/34/48
f 484/29/3 748/34/48 483/29/3
f 748/34/48 506/34/47 749/34/47
f 506/34/47 748/34/48 505/34/48
f 481/29/1 506/34/47 482/29/1
f 506/34/47 481/29/1 749/34/47
f 752/35/50 751/35/49 750/35/49
f 751/35/49 752/35/50 753/35/50
f 751/35/49 754/36/47 750/35/49
f 754/36/47 751/35/49 630/36/47
f 630/36/47 751/35/49 628/37/1
f 629/36/48 754/36/47 630/36/47
f 754/36/47 629/36/48 755/36/48
f 629/36/48 752/35/50 755/36/48
f 752/35/50 629/36/48 753/35/50
f 753/35/50 629/36/48 627/37/3
f 752/35/8 756/38/8 755/36/8
f 755/36/8 756/38/8 754/36/8
f 752/35/8 757/29/8 756/38/8
f 758/38/8 754/36/8 756/38/8
f 757/29/8 752/35/8 759/29/8
f 758/38/8 750/35/8 754/36/8
f 759/29/8 750/35/8 758/38/8
f 750/35/8 759/29/8 752/35/8
f 730/30/8 522/31/8 459/31/8
f 522/31/8 730/30/8 523/32/8
f 523/32/8 730/30/8 760/33/8
f 527/33/8 523/32/8 760/33/8
f 760/33/8 730/30/8 527/33/8
f 527/33/8 730/30/8 526/33/8
f 526/33/8 730/30/8 761/33/8
f 761/33/8 525/32/8 526/33/8
f 745/30/8 761/33/8 730/30/8
f 745/30/8 525/32/8 761/33/8
f 745/30/8 524/31/8 525/32/8
f 524/31/8 745/30/8 489/31/8
f 634/36/48 763/35/50 762/36/48
f 763/35/50 634/36/48 633/35/50
f 765/35/50 635/35/11 764/35/11
f 635/35/11 765/35/50 637/35/50
f 635/35/1 766/36/47 764/35/1
f 766/36/47 635/35/1 636/36/47
f 638/36/48 765/35/50 767/36/48
f 765/35/50 638/36/48 637/35/50
f 631/35/49 769/36/47 768/35/49
f 769/36/47 631/35/49 632/36/47
f 763/35/50 631/35/49 768/35/49
f 631/35/49 763/35/50 633/35/50
f 634/36/48 769/36/47 632/36/47
f 769/36/47 634/36/48 762/36/48
f 638/36/48 766/36/47 636/36/47
f 766/36/47 638/36/48 767/36/48
f 763/35/8 770/38/8 762/36/8
f 762/36/8 770/38/8 769/36/8
f 763/35/8 771/29/8 770/38/8
f 771/29/8 763/35/8 772/29/8
f 772/29/8 763/35/8 768/35/8
f 772/29/8 768/35/8 764/35/8
f 764/35/8 773/38/8 772/29/8
f 768/35/8 765/35/8 764/35/8
f 765/35/8 768/35/8 769/36/8
f 773/38/8 764/35/8 766/36/8
f 773/38/8 766/36/8 770/38/8
f 765/35/8 769/36/8 767/36/8
f 769/36/8 770/38/8 767/36/8
f 767/36/8 770/38/8 766/36/8
f 774/30/57 548/31/57 549/31/57
f 548/31/57 774/30/57 546/32/57
f 546/32/57 774/30/57 775/33/57
f 564/33/57 546/32/57 775/33/57
f 775/33/57 774/30/57 564/33/57
f 564/33/57 774/30/57 563/33/57
f 563/33/57 774/30/57 776/33/57
f 777/30/57 776/33/57 774/30/57
f 776/33/57 568/32/57 563/33/57
f 777/30/57 568/32/57 776/33/57
f 551/31/57 568/32/57 777/30/57
f 568/32/57 551/31/57 552/31/57
f 572/34/57 558/29/57 560/29/57
f 558/29/57 572/34/57 571/34/57
f 779/40/75 778/40/75 736/39/75
f 738/39/75 736/39/75 778/40/75
f 780/40/75 751/39/75 753/39/75
f 751/39/75 780/40/75 781/40/75
f 610/41/1 608/42/1 609/41/1
f 608/42/1 610/41/1 607/42/1
