# Derived from Kenney CC0. Generated by scripts/GenerateTitleMaterials.py.
mtllib building-k.mtl
v -0.788206 0.9499999 -0.369 1 1 1
v -0.878206 0.9499999 -0.369 1 1 1
v -0.788206 1.01 -0.369 1 1 1
v -0.878206 1.01 -0.369 1 1 1
v 0.751794 0.89 0.411 1 1 1
v 0.891794 0.89 0.411 1 1 1
v 0.7217939 0.89 0.411 1 1 1
v 0.9217939 0.89 0.411 1 1 1
v 0.621794 0.85 0.411 1 1 1
v 1.021794 0.85 0.411 1 1 1
v 0.621794 1.2 0.411 1 1 1
v 1.021794 1.2 0.411 1 1 1
v 0.7217939 1.08 0.411 1 1 1
v 0.9217939 1.08 0.411 1 1 1
v 0.7217939 1.1 0.411 1 1 1
v 0.741794 1.1 0.411 1 1 1
v 0.901794 1.1 0.411 1 1 1
v 0.9217939 1.1 0.411 1 1 1
v 1.021794 0.85 0.01099999 1 1 1
v 1.021794 1.2 0.01099999 1 1 1
v 0.941794 0.53 -0.389 1 1 1
v 0.701794 0.53 -0.389 1 1 1
v 0.9717939 0.53 -0.389 1 1 1
v 0.6717939 0.53 -0.389 1 1 1
v 1.021794 0.45 -0.389 1 1 1
v 0.621794 0.45 -0.389 1 1 1
v 1.021794 0.8 -0.389 1 1 1
v 0.9717939 0.7 -0.389 1 1 1
v 0.621794 0.8 -0.389 1 1 1
v 0.6717939 0.7 -0.389 1 1 1
v 1.021794 0.8 0.01099998 1 1 1
v 1.021794 0.45 0.01099998 1 1 1
v 0.141794 0.93 -0.389 1 1 1
v -0.09820604 0.93 -0.389 1 1 1
v 0.171794 0.93 -0.389 1 1 1
v -0.128206 0.93 -0.389 1 1 1
v 0.2217939 0.85 -0.389 1 1 1
v -0.1782061 0.85 -0.389 1 1 1
v 0.2217939 1.2 -0.389 1 1 1
v 0.171794 1.1 -0.389 1 1 1
v -0.1782061 1.2 -0.389 1 1 1
v -0.128206 1.1 -0.389 1 1 1
v 0.141794 0.53 -0.389 1 1 1
v -0.09820604 0.53 -0.389 1 1 1
v 0.171794 0.53 -0.389 1 1 1
v -0.128206 0.53 -0.389 1 1 1
v 0.2217939 0.45 -0.389 1 1 1
v -0.1782061 0.45 -0.389 1 1 1
v 0.2217939 0.8 -0.389 1 1 1
v 0.171794 0.7 -0.389 1 1 1
v -0.1782061 0.8 -0.389 1 1 1
v -0.128206 0.7 -0.389 1 1 1
v -0.04820605 0.89 0.411 1 1 1
v 0.09179395 0.89 0.411 1 1 1
v -0.07820604 0.89 0.411 1 1 1
v 0.1217939 0.89 0.411 1 1 1
v -0.178206 0.85 0.411 1 1 1
v 0.2217939 0.85 0.411 1 1 1
v -0.178206 1.2 0.411 1 1 1
v 0.2217939 1.2 0.411 1 1 1
v -0.07820604 1.08 0.411 1 1 1
v 0.1217939 1.08 0.411 1 1 1
v -0.07820604 1.1 0.411 1 1 1
v -0.05820604 1.1 0.411 1 1 1
v 0.101794 1.1 0.411 1 1 1
v 0.1217939 1.1 0.411 1 1 1
v -0.2582061 0.53 -0.389 1 1 1
v -0.498206 0.53 -0.389 1 1 1
v -0.2282061 0.53 -0.389 1 1 1
v -0.5282061 0.53 -0.389 1 1 1
v -0.5782061 0.45 -0.389 1 1 1
v -0.2282061 0.7 -0.389 1 1 1
v -0.5782061 0.8 -0.389 1 1 1
v -0.5282061 0.7 -0.389 1 1 1
v -0.2582061 0.93 -0.389 1 1 1
v -0.498206 0.93 -0.389 1 1 1
v -0.2282061 0.93 -0.389 1 1 1
v -0.5282061 0.93 -0.389 1 1 1
v -0.5782061 0.85 -0.389 1 1 1
v -0.2282061 1.1 -0.389 1 1 1
v -0.5782061 1.2 -0.389 1 1 1
v -0.5282061 1.1 -0.389 1 1 1
v 0.751794 0.49 0.411 1 1 1
v 0.891794 0.49 0.411 1 1 1
v 0.7217939 0.49 0.411 1 1 1
v 0.9217939 0.49 0.411 1 1 1
v 0.621794 0.45 0.411 1 1 1
v 1.021794 0.45 0.411 1 1 1
v 0.621794 0.8 0.411 1 1 1
v 1.021794 0.8 0.411 1 1 1
v 0.7217939 0.68 0.411 1 1 1
v 0.9217939 0.68 0.411 1 1 1
v 0.7217939 0.7 0.411 1 1 1
v 0.741794 0.7 0.411 1 1 1
v 0.901794 0.7 0.411 1 1 1
v 0.9217939 0.7 0.411 1 1 1
v 1.021794 0.45 0.01099999 1 1 1
v 1.021794 0.8 0.01099999 1 1 1
v 0.3517939 0.89 0.411 1 1 1
v 0.4917939 0.89 0.411 1 1 1
v 0.3217939 0.89 0.411 1 1 1
v 0.5217939 0.89 0.411 1 1 1
v 0.2217939 0.85 0.411 1 1 1
v 0.6217939 0.85 0.411 1 1 1
v 0.2217939 1.2 0.411 1 1 1
v 0.6217939 1.2 0.411 1 1 1
v 0.3217939 1.08 0.411 1 1 1
v 0.5217939 1.08 0.411 1 1 1
v 0.3217939 1.1 0.411 1 1 1
v 0.3417939 1.1 0.411 1 1 1
v 0.5017939 1.1 0.411 1 1 1
v 0.5217939 1.1 0.411 1 1 1
v -0.7082061 0.49 0.411 1 1 1
v -0.848206 0.49 0.411 1 1 1
v -0.678206 0.49 0.411 1 1 1
v -0.878206 0.49 0.411 1 1 1
v -0.5782061 0.45 0.411 1 1 1
v -0.978206 0.45 0.411 1 1 1
v -0.5782061 0.8 0.411 1 1 1
v -0.978206 0.8 0.411 1 1 1
v -0.678206 0.68 0.411 1 1 1
v -0.878206 0.68 0.411 1 1 1
v -0.678206 0.7 0.411 1 1 1
v -0.6982061 0.7 0.411 1 1 1
v -0.858206 0.7 0.411 1 1 1
v -0.878206 0.7 0.411 1 1 1
v -0.978206 0.45 0.01099999 1 1 1
v -0.978206 0.8 0.01099999 1 1 1
v -0.448206 0.89 0.411 1 1 1
v -0.308206 0.89 0.411 1 1 1
v -0.478206 0.89 0.411 1 1 1
v -0.278206 0.89 0.411 1 1 1
v -0.578206 0.85 0.411 1 1 1
v -0.178206 0.85 0.411 1 1 1
v -0.578206 1.2 0.411 1 1 1
v -0.178206 1.2 0.411 1 1 1
v -0.478206 1.08 0.411 1 1 1
v -0.278206 1.08 0.411 1 1 1
v -0.478206 1.1 0.411 1 1 1
v -0.458206 1.1 0.411 1 1 1
v -0.298206 1.1 0.411 1 1 1
v -0.278206 1.1 0.411 1 1 1
v -0.7082061 0.89 0.411 1 1 1
v -0.848206 0.89 0.411 1 1 1
v -0.678206 0.89 0.411 1 1 1
v -0.878206 0.89 0.411 1 1 1
v -0.5782061 0.85 0.411 1 1 1
v -0.978206 0.85 0.411 1 1 1
v -0.5782061 1.2 0.411 1 1 1
v -0.978206 1.2 0.411 1 1 1
v -0.678206 1.08 0.411 1 1 1
v -0.878206 1.08 0.411 1 1 1
v -0.678206 1.1 0.411 1 1 1
v -0.6982061 1.1 0.411 1 1 1
v -0.858206 1.1 0.411 1 1 1
v -0.878206 1.1 0.411 1 1 1
v -0.978206 0.85 0.01099999 1 1 1
v -0.978206 1.2 0.01099999 1 1 1
v 0.03179418 0.02 -0.3689998 1 1 1
v 0.01179418 0.02 -0.3689998 1 1 1
v 0.03179418 0.25 -0.3689998 1 1 1
v 0.01179418 0.25 -0.3689998 1 1 1
v -0.04820605 0.49 0.411 1 1 1
v 0.09179395 0.49 0.411 1 1 1
v -0.07820604 0.49 0.411 1 1 1
v 0.1217939 0.49 0.411 1 1 1
v -0.178206 0.45 0.411 1 1 1
v 0.2217939 0.45 0.411 1 1 1
v -0.178206 0.8 0.411 1 1 1
v 0.2217939 0.8 0.411 1 1 1
v -0.07820604 0.68 0.411 1 1 1
v 0.1217939 0.68 0.411 1 1 1
v -0.07820604 0.7 0.411 1 1 1
v -0.05820604 0.7 0.411 1 1 1
v 0.101794 0.7 0.411 1 1 1
v 0.1217939 0.7 0.411 1 1 1
v 0.3517939 0.49 0.411 1 1 1
v 0.4917939 0.49 0.411 1 1 1
v 0.3217939 0.49 0.411 1 1 1
v 0.5217939 0.49 0.411 1 1 1
v 0.2217939 0.45 0.411 1 1 1
v 0.6217939 0.45 0.411 1 1 1
v 0.2217939 0.8 0.411 1 1 1
v 0.6217939 0.8 0.411 1 1 1
v 0.3217939 0.68 0.411 1 1 1
v 0.5217939 0.68 0.411 1 1 1
v 0.3217939 0.7 0.411 1 1 1
v 0.3417939 0.7 0.411 1 1 1
v 0.5017939 0.7 0.411 1 1 1
v 0.5217939 0.7 0.411 1 1 1
v -0.448206 0.49 0.411 1 1 1
v -0.308206 0.49 0.411 1 1 1
v -0.478206 0.49 0.411 1 1 1
v -0.278206 0.49 0.411 1 1 1
v -0.578206 0.45 0.411 1 1 1
v -0.178206 0.45 0.411 1 1 1
v -0.578206 0.8 0.411 1 1 1
v -0.178206 0.8 0.411 1 1 1
v -0.478206 0.68 0.411 1 1 1
v -0.278206 0.68 0.411 1 1 1
v -0.478206 0.7 0.411 1 1 1
v -0.458206 0.7 0.411 1 1 1
v -0.298206 0.7 0.411 1 1 1
v -0.278206 0.7 0.411 1 1 1
v 0.941794 0.93 -0.389 1 1 1
v 0.701794 0.93 -0.389 1 1 1
v 0.9717939 0.93 -0.389 1 1 1
v 0.6717939 0.93 -0.389 1 1 1
v 1.021794 0.85 -0.389 1 1 1
v 0.621794 0.85 -0.389 1 1 1
v 1.021794 1.2 -0.389 1 1 1
v 0.9717939 1.1 -0.389 1 1 1
v 0.621794 1.2 -0.389 1 1 1
v 0.6717939 1.1 -0.389 1 1 1
v 1.021794 1.2 0.01099998 1 1 1
v 1.021794 0.85 0.01099998 1 1 1
v -0.8982061 0.93 -0.389 1 1 1
v -0.6582061 0.93 -0.389 1 1 1
v -0.9282061 0.93 -0.389 1 1 1
v -0.6282061 0.93 -0.389 1 1 1
v -0.9782061 0.85 -0.389 1 1 1
v -0.9782061 1.2 -0.389 1 1 1
v -0.9282061 1.1 -0.389 1 1 1
v -0.6282061 1.1 -0.389 1 1 1
v -0.9782061 1.2 0.01099998 1 1 1
v -0.9782061 0.85 0.01099998 1 1 1
v 0.5417939 0.53 -0.389 1 1 1
v 0.3017939 0.53 -0.389 1 1 1
v 0.5717939 0.53 -0.389 1 1 1
v 0.2717939 0.53 -0.389 1 1 1
v 0.6217939 0.45 -0.389 1 1 1
v 0.2217939 0.45 -0.389 1 1 1
v 0.6217939 0.8 -0.389 1 1 1
v 0.5717939 0.7 -0.389 1 1 1
v 0.2217939 0.8 -0.389 1 1 1
v 0.2717939 0.7 -0.389 1 1 1
v 0.5417939 0.93 -0.389 1 1 1
v 0.3017939 0.93 -0.389 1 1 1
v 0.5717939 0.93 -0.389 1 1 1
v 0.2717939 0.93 -0.389 1 1 1
v 0.6217939 0.85 -0.389 1 1 1
v 0.2217939 0.85 -0.389 1 1 1
v 0.6217939 1.2 -0.389 1 1 1
v 0.5717939 1.1 -0.389 1 1 1
v 0.2217939 1.2 -0.389 1 1 1
v 0.2717939 1.1 -0.389 1 1 1
v -0.8982061 0.53 -0.389 1 1 1
v -0.6582061 0.53 -0.389 1 1 1
v -0.9282061 0.53 -0.389 1 1 1
v -0.6282061 0.53 -0.389 1 1 1
v -0.9782061 0.45 -0.389 1 1 1
v -0.9782061 0.8 -0.389 1 1 1
v -0.9282061 0.7 -0.389 1 1 1
v -0.6282061 0.7 -0.389 1 1 1
v -0.9782061 0.8 0.01099998 1 1 1
v -0.9782061 0.45 0.01099998 1 1 1
v -0.878206 0.9499999 -0.409 1 1 1
v -0.788206 0.9499999 -0.409 1 1 1
v -0.878206 1.01 -0.409 1 1 1
v -0.788206 1.01 -0.409 1 1 1
v -0.9282061 1.2 0.01099999 1 1 1
v -0.5782061 1.2 0.01099995 1 1 1
v -0.928206 1.2 0.361 1 1 1
v -0.578206 1.2 0.361 1 1 1
v -0.178206 1.2 0.01099995 1 1 1
v -0.178206 1.2 0.361 1 1 1
v -0.5782061 1.2 0.01100001 1 1 1
v -0.5782061 1.2 0.3610001 1 1 1
v 0.2217939 1.2 0.01099995 1 1 1
v 0.221794 1.2 0.361 1 1 1
v -0.1782061 1.2 0.01100001 1 1 1
v -0.1782061 1.2 0.3610001 1 1 1
v 0.6217939 1.2 0.01099995 1 1 1
v 0.621794 1.2 0.361 1 1 1
v 0.2217938 1.2 0.01100001 1 1 1
v 0.2217939 1.2 0.3610001 1 1 1
v 0.621794 1.2 0.01100001 1 1 1
v 0.9717939 1.2 0.361 1 1 1
v 0.9717939 1.2 0.01100001 1 1 1
v -0.5782061 1.2 0.01099999 1 1 1
v -0.5782061 1.2 -0.339 1 1 1
v -0.178206 1.2 0.01100005 1 1 1
v -0.178206 1.2 -0.339 1 1 1
v -0.5782061 1.2 -0.339 1 1 1
v -0.5782061 1.2 0.01099999 1 1 1
v -0.928206 1.2 -0.339 1 1 1
v -0.928206 1.2 0.01099999 1 1 1
v 0.2217938 1.2 0.01099999 1 1 1
v 0.2217939 1.2 -0.339 1 1 1
v 0.6217939 1.2 0.01100005 1 1 1
v 0.621794 1.2 -0.339 1 1 1
v -0.1782061 1.2 0.01099999 1 1 1
v -0.1782061 1.2 -0.339 1 1 1
v 0.2217939 1.2 0.01100005 1 1 1
v 0.221794 1.2 -0.339 1 1 1
v 0.9717939 1.2 0.01100005 1 1 1
v 0.6217939 1.2 0.01100001 1 1 1
v 0.971794 1.2 -0.339 1 1 1
v 0.621794 1.2 -0.339 1 1 1
v -0.978206 0.05 0.411 1 1 1
v -0.5782061 0.05 0.411 1 1 1
v -0.978206 0.4 0.411 1 1 1
v -0.5782061 0.4 0.411 1 1 1
v -0.978206 0.05 0.01099998 1 1 1
v -0.978206 0.4 0.01099998 1 1 1
v -0.178206 0.4 0.411 1 1 1
v -0.178206 0.05 0.411 1 1 1
v -0.5782061 0.4 0.411 1 1 1
v -0.5782061 0.05 0.411 1 1 1
v 0.2217939 0.4 0.411 1 1 1
v 0.2217939 0.05 0.411 1 1 1
v -0.1782061 0.4 0.411 1 1 1
v -0.1782061 0.05 0.411 1 1 1
v 0.621794 0.4 0.411 1 1 1
v 0.621794 0.05 0.411 1 1 1
v 0.2217939 0.4 0.411 1 1 1
v 0.2217939 0.05 0.411 1 1 1
v 1.021794 0.05 0.411 1 1 1
v 0.621794 0.05 0.411 1 1 1
v 1.021794 0.4 0.411 1 1 1
v 0.621794 0.4 0.411 1 1 1
v 1.021794 0.05 0.01099998 1 1 1
v 1.021794 0.4 0.01099998 1 1 1
v -0.1782061 0.05 -0.389 1 1 1
v -0.128206 0.05 -0.389 1 1 1
v -0.1782061 0.4 -0.389 1 1 1
v -0.128206 0.28 -0.389 1 1 1
v -0.128206 0.3 -0.389 1 1 1
v -0.1082061 0.3 -0.389 1 1 1
v 0.151794 0.3 -0.389 1 1 1
v 0.1717939 0.3 -0.389 1 1 1
v 0.2217939 0.4 -0.389 1 1 1
v 0.1717939 0.28 -0.389 1 1 1
v 0.2217939 0.05 -0.389 1 1 1
v 0.1717939 0.05 -0.389 1 1 1
v -0.07820582 0.25 -0.3889998 1 1 1
v -0.07820582 0.02 -0.3889998 1 1 1
v -0.07820582 0.25 -0.3689998 1 1 1
v -0.07820582 0.02 -0.3689998 1 1 1
v 0.1217942 0.02 -0.3889998 1 1 1
v 0.1217942 0.02 -0.3689998 1 1 1
v 0.03179418 0.02 -0.3889998 1 1 1
v 0.1217942 0.25 -0.3889998 1 1 1
v 0.1217942 0.25 -0.3689998 1 1 1
v 0.03179418 0.25 -0.3889998 1 1 1
v 0.01179418 0.02 -0.3889998 1 1 1
v 0.01179418 0.25 -0.3889998 1 1 1
v -0.09820583 0.27 -0.3889998 1 1 1
v -0.09820583 0 -0.3889998 1 1 1
v 0.1417942 0 -0.3889998 1 1 1
v 0.1417942 0.27 -0.3889998 1 1 1
v -0.978206 0.4 -0.389 1 1 1
v -0.978206 0.05 -0.389 1 1 1
v -0.8982061 0.27 -0.389 1 1 1
v -0.8982061 0.27 -0.409 1 1 1
v -0.5782061 0.27 -0.389 1 1 1
v -0.5782061 0.27 -0.409 1 1 1
v -0.8982061 0 -0.409 1 1 1
v -0.8982061 0 -0.389 1 1 1
v -0.5782061 0.3 -0.389 1 1 1
v -0.908206 0.3 -0.389 1 1 1
v -0.5782061 0.4 -0.389 1 1 1
v -0.928206 0.28 -0.389 1 1 1
v -0.928206 0.05 -0.389 1 1 1
v -0.8782058 0.02 -0.3889998 1 1 1
v -0.8782058 0.02 -0.3689998 1 1 1
v -0.5782058 0.02 -0.3889998 1 1 1
v -0.5782058 0.02 -0.3689998 1 1 1
v -0.5782058 0.25 -0.3889998 1 1 1
v -0.8782058 0.25 -0.3889998 1 1 1
v -0.5782058 0.27 -0.3889998 1 1 1
v -0.8982058 0.27 -0.3889998 1 1 1
v -0.8982058 0 -0.3889998 1 1 1
v -0.5782058 0 -0.3889998 1 1 1
v -0.8782058 0.25 -0.3689998 1 1 1
v -0.8782058 0.06 -0.3689998 1 1 1
v -0.5782058 0.25 -0.3689998 1 1 1
v -0.2582061 0.27 -0.389 1 1 1
v -0.2582061 0.27 -0.409 1 1 1
v -0.2582061 0 -0.409 1 1 1
v -0.2582061 0 -0.389 1 1 1
v -0.248206 0.3 -0.389 1 1 1
v -0.2282061 0.28 -0.389 1 1 1
v -0.2282061 0.05 -0.389 1 1 1
v -0.2782063 0.02 -0.3889998 1 1 1
v -0.2782063 0.02 -0.3689998 1 1 1
v -0.5782063 0.02 -0.3889998 1 1 1
v -0.5782063 0.02 -0.3689998 1 1 1
v -0.5782063 0.25 -0.3889998 1 1 1
v -0.2782063 0.25 -0.3889998 1 1 1
v -0.5782063 0.27 -0.3889998 1 1 1
v -0.2582063 0.27 -0.3889998 1 1 1
v -0.2582063 0 -0.3889998 1 1 1
v -0.5782063 0 -0.3889998 1 1 1
v -0.2782063 0.25 -0.3689998 1 1 1
v -0.2782063 0.06 -0.3689998 1 1 1
v -0.5782063 0.25 -0.3689998 1 1 1
v 0.301794 0.27 -0.389 1 1 1
v 0.301794 0.27 -0.409 1 1 1
v 0.6217939 0.27 -0.389 1 1 1
v 0.6217939 0.27 -0.409 1 1 1
v 0.301794 0 -0.409 1 1 1
v 0.301794 0 -0.389 1 1 1
v 0.6217939 0.3 -0.389 1 1 1
v 0.2917939 0.3 -0.389 1 1 1
v 0.6217939 0.4 -0.389 1 1 1
v 0.271794 0.28 -0.389 1 1 1
v 0.271794 0.05 -0.389 1 1 1
v 0.3217942 0.02 -0.3889998 1 1 1
v 0.3217942 0.02 -0.3689998 1 1 1
v 0.6217942 0.02 -0.3889998 1 1 1
v 0.6217942 0.02 -0.3689998 1 1 1
v 0.6217942 0.25 -0.3889998 1 1 1
v 0.3217942 0.25 -0.3889998 1 1 1
v 0.6217942 0.27 -0.3889998 1 1 1
v 0.3017942 0.27 -0.3889998 1 1 1
v 0.3017942 0 -0.3889998 1 1 1
v 0.6217942 0 -0.3889998 1 1 1
v 0.3217942 0.25 -0.3689998 1 1 1
v 0.3217942 0.06 -0.3689998 1 1 1
v 0.6217942 0.25 -0.3689998 1 1 1
v 1.021794 0.4 -0.389 1 1 1
v 1.021794 0.05 -0.389 1 1 1
v 0.941794 0.27 -0.389 1 1 1
v 0.941794 0.27 -0.409 1 1 1
v 0.621794 0.27 -0.389 1 1 1
v 0.621794 0.27 -0.409 1 1 1
v 0.941794 0 -0.409 1 1 1
v 0.941794 0 -0.389 1 1 1
v 0.621794 0.3 -0.389 1 1 1
v 0.951794 0.3 -0.389 1 1 1
v 0.621794 0.4 -0.389 1 1 1
v 0.9717939 0.28 -0.389 1 1 1
v 0.9717939 0.05 -0.389 1 1 1
v 0.9217938 0.02 -0.3889998 1 1 1
v 0.9217938 0.02 -0.3689998 1 1 1
v 0.6217937 0.02 -0.3889998 1 1 1
v 0.6217937 0.02 -0.3689998 1 1 1
v 0.6217937 0.25 -0.3889998 1 1 1
v 0.9217938 0.25 -0.3889998 1 1 1
v 0.6217937 0.27 -0.3889998 1 1 1
v 0.9417937 0.27 -0.3889998 1 1 1
v 0.9417937 0 -0.3889998 1 1 1
v 0.6217937 0 -0.3889998 1 1 1
v 0.9217938 0.25 -0.3689998 1 1 1
v 0.9217938 0.06 -0.3689998 1 1 1
v 0.6217937 0.25 -0.3689998 1 1 1
v -0.578206 1.28 0.361 1 1 1
v -0.578206 1.23 0.411 1 1 1
v -0.578206 1.23 0.431 1 1 1
v -0.578206 1.28 0.431 1 1 1
v -0.978206 1.2 0.4110001 1 1 1
v -0.978206 1.23 0.4110001 1 1 1
v -0.9782061 1.2 0.01100001 1 1 1
v -0.9782061 1.23 0.01100001 1 1 1
v -0.9982061 1.28 0.01100001 1 1 1
v -0.9982061 1.23 0.01100001 1 1 1
v -0.9282061 1.28 0.01099999 1 1 1
v -0.928206 1.28 0.361 1 1 1
v -0.998206 1.23 0.4110001 1 1 1
v -0.998206 1.28 0.4110001 1 1 1
v -0.978206 1.23 0.4310001 1 1 1
v -0.978206 1.28 0.4310001 1 1 1
v -0.178206 1.23 0.411 1 1 1
v -0.5782061 1.23 0.4110001 1 1 1
v -0.178206 1.23 0.431 1 1 1
v -0.5782061 1.23 0.4310001 1 1 1
v -0.5782061 1.2 0.4110001 1 1 1
v -0.178206 1.2 0.411 1 1 1
v -0.5782061 1.28 0.3610001 1 1 1
v -0.178206 1.28 0.361 1 1 1
v -0.178206 1.28 0.431 1 1 1
v -0.5782061 1.28 0.4310001 1 1 1
v 0.221794 1.23 0.411 1 1 1
v -0.1782061 1.23 0.4110001 1 1 1
v 0.221794 1.23 0.431 1 1 1
v -0.1782061 1.23 0.4310001 1 1 1
v -0.1782061 1.2 0.4110001 1 1 1
v 0.221794 1.2 0.411 1 1 1
v -0.1782061 1.28 0.3610001 1 1 1
v 0.221794 1.28 0.361 1 1 1
v 0.221794 1.28 0.431 1 1 1
v -0.1782061 1.28 0.4310001 1 1 1
v 0.621794 1.23 0.411 1 1 1
v 0.2217939 1.23 0.4110001 1 1 1
v 0.621794 1.23 0.431 1 1 1
v 0.2217939 1.23 0.4310001 1 1 1
v 0.2217939 1.2 0.4110001 1 1 1
v 0.2217939 1.28 0.3610001 1 1 1
v 0.621794 1.28 0.361 1 1 1
v 0.621794 1.28 0.431 1 1 1
v 0.2217939 1.28 0.4310001 1 1 1
v 1.021794 1.2 0.01100001 1 1 1
v 0.9717939 1.28 0.01100001 1 1 1
v 1.021794 1.23 0.01100001 1 1 1
v 1.041794 1.23 0.01100001 1 1 1
v 1.041794 1.28 0.01100001 1 1 1
v 1.021794 1.23 0.411 1 1 1
v 0.9717939 1.28 0.361 1 1 1
v 1.021794 1.23 0.431 1 1 1
v 1.021794 1.28 0.431 1 1 1
v 1.041794 1.23 0.411 1 1 1
v 1.041794 1.28 0.411 1 1 1
v -0.5782061 1.23 -0.3890001 1 1 1
v -0.178206 1.23 -0.389 1 1 1
v -0.5782061 1.23 -0.409 1 1 1
v -0.178206 1.23 -0.409 1 1 1
v -0.178206 1.2 -0.389 1 1 1
v -0.5782061 1.2 -0.3890001 1 1 1
v -0.178206 1.28 -0.339 1 1 1
v -0.5782061 1.28 -0.339 1 1 1
v -0.5782061 1.28 -0.409 1 1 1
v -0.178206 1.28 -0.409 1 1 1
v -0.928206 1.28 0.01099999 1 1 1
v -0.978206 1.23 0.01099999 1 1 1
v -0.998206 1.23 0.01099999 1 1 1
v -0.998206 1.28 0.01099999 1 1 1
v -0.978206 1.2 -0.389 1 1 1
v -0.978206 1.23 -0.389 1 1 1
v -0.5782061 1.2 -0.389 1 1 1
v -0.5782061 1.23 -0.389 1 1 1
v -0.5782061 1.28 -0.409 1 1 1
v -0.5782061 1.23 -0.409 1 1 1
v -0.5782061 1.28 -0.339 1 1 1
v -0.928206 1.28 -0.339 1 1 1
v -0.978206 1.23 -0.409 1 1 1
v -0.978206 1.28 -0.409 1 1 1
v -0.998206 1.23 -0.389 1 1 1
v -0.998206 1.28 -0.389 1 1 1
v 0.2217939 1.23 -0.3890001 1 1 1
v 0.621794 1.23 -0.389 1 1 1
v 0.2217939 1.23 -0.409 1 1 1
v 0.621794 1.23 -0.409 1 1 1
v 0.621794 1.2 -0.389 1 1 1
v 0.2217939 1.2 -0.3890001 1 1 1
v 0.621794 1.28 -0.339 1 1 1
v 0.2217939 1.28 -0.339 1 1 1
v 0.2217939 1.28 -0.409 1 1 1
v 0.621794 1.28 -0.409 1 1 1
v -0.1782061 1.23 -0.3890001 1 1 1
v 0.221794 1.23 -0.389 1 1 1
v -0.1782061 1.23 -0.409 1 1 1
v 0.221794 1.23 -0.409 1 1 1
v 0.221794 1.2 -0.389 1 1 1
v -0.1782061 1.2 -0.3890001 1 1 1
v 0.221794 1.28 -0.339 1 1 1
v -0.1782061 1.28 -0.339 1 1 1
v -0.1782061 1.28 -0.409 1 1 1
v 0.221794 1.28 -0.409 1 1 1
v 0.621794 1.2 -0.3890001 1 1 1
v 0.621794 1.28 -0.339 1 1 1
v 0.621794 1.23 -0.3890001 1 1 1
v 0.621794 1.23 -0.409 1 1 1
v 0.621794 1.28 -0.409 1 1 1
v 1.021794 1.2 -0.389 1 1 1
v 1.021794 1.23 -0.389 1 1 1
v 1.021794 1.2 0.01100007 1 1 1
v 1.021794 1.23 0.01100007 1 1 1
v 1.041794 1.28 0.01100007 1 1 1
v 1.041794 1.23 0.01100007 1 1 1
v 0.9717939 1.28 0.01100005 1 1 1
v 0.971794 1.28 -0.339 1 1 1
v 1.041794 1.23 -0.389 1 1 1
v 1.041794 1.28 -0.389 1 1 1
v 1.021794 1.23 -0.409 1 1 1
v 1.021794 1.28 -0.409 1 1 1
v 0.6217939 1.2 0.03100001 1 1 1
v 0.6217939 1.24 0.03100001 1 1 1
v 0.6217939 1.2 0.191 1 1 1
v 0.6217939 1.24 0.191 1 1 1
v 0.6417939 1.2 0.01100001 1 1 1
v 0.8017939 1.2 0.01100001 1 1 1
v 0.6417939 1.24 0.01100001 1 1 1
v 0.8017939 1.24 0.01100001 1 1 1
v 0.8017939 1.2 0.211 1 1 1
v 0.6417939 1.2 0.211 1 1 1
v 0.8017939 1.24 0.211 1 1 1
v 0.6417939 1.24 0.211 1 1 1
v 0.8217939 1.24 0.03100001 1 1 1
v 0.8217939 1.2 0.03100001 1 1 1
v 0.8217939 1.24 0.191 1 1 1
v 0.8217939 1.2 0.191 1 1 1
v 0.321794 1.2 0.03100001 1 1 1
v 0.321794 1.24 0.03100001 1 1 1
v 0.321794 1.2 0.191 1 1 1
v 0.321794 1.24 0.191 1 1 1
v 0.341794 1.2 0.01100001 1 1 1
v 0.501794 1.2 0.01100001 1 1 1
v 0.341794 1.24 0.01100001 1 1 1
v 0.501794 1.24 0.01100001 1 1 1
v 0.501794 1.2 0.211 1 1 1
v 0.341794 1.2 0.211 1 1 1
v 0.501794 1.24 0.211 1 1 1
v 0.341794 1.24 0.211 1 1 1
v 0.521794 1.24 0.03100001 1 1 1
v 0.521794 1.2 0.03100001 1 1 1
v 0.521794 1.24 0.191 1 1 1
v 0.521794 1.2 0.191 1 1 1
v -0.978206 0 0.431 1 1 1
v -0.5782061 0 0.431 1 1 1
v -0.978206 0.05 0.431 1 1 1
v -0.5782061 0.05 0.431 1 1 1
v -0.998206 0 0.411 1 1 1
v -0.998206 0.05 0.411 1 1 1
v -0.998206 0 0.01099998 1 1 1
v -0.998206 0.05 0.01099998 1 1 1
v -0.5782061 0 0.01099998 1 1 1
v -0.178206 0.05 0.431 1 1 1
v -0.178206 0 0.431 1 1 1
v -0.5782061 0.05 0.431 1 1 1
v -0.5782061 0 0.431 1 1 1
v -0.5782061 0 0.01099992 1 1 1
v -0.178206 0 0.01099998 1 1 1
v 0.2217939 0.05 0.431 1 1 1
v 0.2217939 0 0.431 1 1 1
v -0.1782061 0.05 0.431 1 1 1
v -0.1782061 0 0.431 1 1 1
v -0.1782061 0 0.01099992 1 1 1
v 0.221794 0 0.01099998 1 1 1
v 0.621794 0.05 0.431 1 1 1
v 0.621794 0 0.431 1 1 1
v 0.2217939 0.05 0.431 1 1 1
v 0.2217939 0 0.431 1 1 1
v 0.221794 0 0.01099992 1 1 1
v 0.621794 0 0.01099998 1 1 1
v 1.021794 0 0.431 1 1 1
v 0.621794 0 0.431 1 1 1
v 1.021794 0.05 0.431 1 1 1
v 0.621794 0.05 0.431 1 1 1
v 1.041794 0 0.411 1 1 1
v 1.041794 0.05 0.411 1 1 1
v 1.041794 0 0.01099998 1 1 1
v 1.041794 0.05 0.01099998 1 1 1
v 0.621794 0 0.01099998 1 1 1
v -0.192956 1.234 -0.1935469 1 1 1
v -0.2015964 1.234 -0.1726873 1 1 1
v -0.178206 1.2635 -0.1935469 1 1 1
v -0.1911666 1.2635 -0.1622575 1 1 1
v -0.251956 1.234 -0.1935469 1 1 1
v -0.266706 1.2635 -0.1935469 1 1 1
v -0.2433157 1.234 -0.1726873 1 1 1
v -0.2537455 1.2635 -0.1622575 1 1 1
v -0.2015964 1.2 -0.1726873 1 1 1
v -0.222456 1.2 -0.1640469 1 1 1
v -0.222456 1.234 -0.1640469 1 1 1
v -0.1911666 1.2635 -0.2248364 1 1 1
v -0.2015964 1.234 -0.2144066 1 1 1
v -0.222456 1.2635 -0.1492969 1 1 1
v -0.222456 1.234 -0.2230469 1 1 1
v -0.222456 1.2635 -0.2377969 1 1 1
v -0.2433157 1.234 -0.2144066 1 1 1
v -0.2537455 1.2635 -0.2248364 1 1 1
v -0.192956 1.293 -0.1935469 1 1 1
v -0.2015964 1.293 -0.1726873 1 1 1
v -0.2433157 1.2 -0.1726873 1 1 1
v -0.2433157 1.2 -0.2144066 1 1 1
v -0.222456 1.2 -0.2230469 1 1 1
v -0.251956 1.2 -0.1935469 1 1 1
v -0.2433157 1.293 -0.2144066 1 1 1
v -0.222456 1.293 -0.2230469 1 1 1
v -0.2015964 1.293 -0.2144066 1 1 1
v -0.222456 1.293 -0.1640469 1 1 1
v -0.2433157 1.293 -0.1726873 1 1 1
v -0.251956 1.293 -0.1935469 1 1 1
v -0.2015964 1.2 -0.2144066 1 1 1
v -0.192956 1.2 -0.1935469 1 1 1
v -0.292956 1.234 -0.1935469 1 1 1
v -0.3015964 1.234 -0.1726873 1 1 1
v -0.278206 1.2635 -0.1935469 1 1 1
v -0.2911665 1.2635 -0.1622575 1 1 1
v -0.351956 1.234 -0.1935469 1 1 1
v -0.366706 1.2635 -0.1935469 1 1 1
v -0.3433157 1.234 -0.1726873 1 1 1
v -0.3537455 1.2635 -0.1622575 1 1 1
v -0.3015964 1.2 -0.1726873 1 1 1
v -0.322456 1.2 -0.1640469 1 1 1
v -0.322456 1.234 -0.1640469 1 1 1
v -0.2911665 1.2635 -0.2248364 1 1 1
v -0.3015964 1.234 -0.2144066 1 1 1
v -0.322456 1.2635 -0.1492969 1 1 1
v -0.322456 1.234 -0.2230469 1 1 1
v -0.322456 1.2635 -0.2377969 1 1 1
v -0.3433157 1.234 -0.2144066 1 1 1
v -0.3537455 1.2635 -0.2248364 1 1 1
v -0.292956 1.293 -0.1935469 1 1 1
v -0.3015964 1.293 -0.1726873 1 1 1
v -0.3433157 1.2 -0.1726873 1 1 1
v -0.3433157 1.2 -0.2144066 1 1 1
v -0.322456 1.2 -0.2230469 1 1 1
v -0.351956 1.2 -0.1935469 1 1 1
v -0.3433157 1.293 -0.2144066 1 1 1
v -0.322456 1.293 -0.2230469 1 1 1
v -0.3015964 1.293 -0.2144066 1 1 1
v -0.322456 1.293 -0.1640469 1 1 1
v -0.3433157 1.293 -0.1726873 1 1 1
v -0.351956 1.293 -0.1935469 1 1 1
v -0.3015964 1.2 -0.2144066 1 1 1
v -0.292956 1.2 -0.1935469 1 1 1
v 0.02179395 0.3 -0.431 1 1 1
v -0.04891673 0.3292893 -0.431 1 1 1
v 0.09250463 0.3292893 -0.431 1 1 1
v 0.1217939 0.4 -0.431 1 1 1
v -0.07820605 0.4 -0.431 1 1 1
v 0.09250463 0.4707107 -0.431 1 1 1
v -0.04891673 0.4707107 -0.431 1 1 1
v 0.02179395 0.5 -0.431 1 1 1
v -0.04891673 0.3292893 -0.471 1 1 1
v -0.07820605 0.4 -0.471 1 1 1
v 0.02179395 0.3 -0.471 1 1 1
v 0.09250463 0.3292893 -0.471 1 1 1
v 0.1217939 0.4 -0.471 1 1 1
v 0.09250463 0.4707107 -0.471 1 1 1
v 0.02179395 0.5 -0.471 1 1 1
v -0.04891673 0.4707107 -0.471 1 1 1
v -0.7782061 1.2 0.111 1 1 1
v -0.7782061 1.375 0.111 1 1 1
v -0.7489167 1.2 0.1817107 1 1 1
v -0.7489167 1.375 0.1817107 1 1 1
v -0.7489167 1.2 0.04028931 1 1 1
v -0.7489167 1.375 0.04028931 1 1 1
v -0.678206 1.2 0.01099999 1 1 1
v -0.678206 1.375 0.01099999 1 1 1
v -0.6074954 1.2 0.04028931 1 1 1
v -0.6074954 1.375 0.04028931 1 1 1
v -0.578206 1.375 0.111 1 1 1
v -0.578206 1.2 0.111 1 1 1
v -0.6074954 1.375 0.1817107 1 1 1
v -0.6074954 1.2 0.1817107 1 1 1
v -0.678206 1.2 0.211 1 1 1
v -0.678206 1.375 0.211 1 1 1
v -0.5565582 1.375 0.111 1 1 1
v -0.592188 1.375 0.02498198 1 1 1
v -0.592188 1.375 0.197018 1 1 1
v -0.678206 1.375 0.2326478 1 1 1
v -0.678206 1.375 -0.01064785 1 1 1
v -0.7642241 1.375 0.197018 1 1 1
v -0.7642241 1.375 0.02498198 1 1 1
v -0.7998539 1.375 0.111 1 1 1
v -0.6477941 1.47 0.111 1 1 1
v -0.6567015 1.47 0.1325045 1 1 1
v -0.6567015 1.47 0.08949549 1 1 1
v -0.678206 1.47 0.08058804 1 1 1
v -0.678206 1.47 0.141412 1 1 1
v -0.6997105 1.47 0.08949549 1 1 1
v -0.6997105 1.47 0.1325045 1 1 1
v -0.708618 1.47 0.111 1 1 1
v -0.678206 1.395 0.2326478 1 1 1
v -0.7642241 1.395 0.197018 1 1 1
v -0.592188 1.395 0.02498198 1 1 1
v -0.678206 1.395 -0.01064785 1 1 1
v -0.5565582 1.395 0.111 1 1 1
v -0.592188 1.395 0.197018 1 1 1
v -0.7998539 1.395 0.111 1 1 1
v -0.7642241 1.395 0.02498198 1 1 1
v 0.721794 0.89 0.431 1 1 1
v 0.751794 0.89 0.431 1 1 1
v 0.891794 1.07 0.431 1 1 1
v 0.891794 0.89 0.431 1 1 1
v 0.891794 1.07 0.411 1 1 1
v 0.751794 1.07 0.411 1 1 1
v 0.751794 1.07 0.431 1 1 1
v 0.9217939 0.89 0.431 1 1 1
v 0.9217939 1.08 0.431 1 1 1
v 0.721794 1.08 0.431 1 1 1
v 0.901794 1.1 0.431 1 1 1
v 0.741794 1.1 0.431 1 1 1
v 1.021794 0.8 0.431 1 1 1
v 0.621794 0.8 0.431 1 1 1
v 1.021794 0.85 0.431 1 1 1
v 0.621794 0.85 0.431 1 1 1
v 1.041794 0.8 0.411 1 1 1
v 1.041794 0.85 0.411 1 1 1
v 1.041794 0.8 0.01099999 1 1 1
v 1.041794 0.85 0.01099999 1 1 1
v 0.621794 0.8 0.01099999 1 1 1
v 0.9017937 0.87 0.4709998 1 1 1
v 0.7417938 0.87 0.4709998 1 1 1
v 0.9017937 0.89 0.4709998 1 1 1
v 0.7417938 0.89 0.4709998 1 1 1
v 0.9217938 0.87 0.4509998 1 1 1
v 0.9217938 0.89 0.4509998 1 1 1
v 0.9217938 0.87 0.4109998 1 1 1
v 0.9217938 0.89 0.4109998 1 1 1
v 0.7217937 0.89 0.4509998 1 1 1
v 0.7217937 0.87 0.4509998 1 1 1
v 0.7217937 0.89 0.4109998 1 1 1
v 0.7217937 0.87 0.4109998 1 1 1
v 0.7717937 1.05 0.3909999 1 1 1
v 0.7717937 1.05 0.4109998 1 1 1
v 0.8717937 1.05 0.3909999 1 1 1
v 0.8717937 1.05 0.4109998 1 1 1
v 0.7717937 0.91 0.4109998 1 1 1
v 0.7717937 0.97 0.4109998 1 1 1
v 0.7717937 0.91 0.3909999 1 1 1
v 0.7717937 0.99 0.4109998 1 1 1
v 0.8717937 0.99 0.4109998 1 1 1
v 0.8717937 0.97 0.4109998 1 1 1
v 0.8717937 0.91 0.4109998 1 1 1
v 0.8717937 0.91 0.3909999 1 1 1
v 0.8917937 1.07 0.4109998 1 1 1
v 0.7517937 1.07 0.4109998 1 1 1
v 0.7517937 0.89 0.4109998 1 1 1
v 0.8917937 0.89 0.4109998 1 1 1
v 0.941794 0.67 -0.409 1 1 1
v 0.701794 0.67 -0.409 1 1 1
v 0.941794 0.67 -0.389 1 1 1
v 0.701794 0.67 -0.389 1 1 1
v 1.041794 0.4 0.01099998 1 1 1
v 1.041794 0.4 -0.389 1 1 1
v 0.621794 0.4 0.01099998 1 1 1
v 1.021794 0.4 -0.409 1 1 1
v 0.621794 0.4 -0.409 1 1 1
v 0.941794 0.53 -0.409 1 1 1
v 0.701794 0.53 -0.409 1 1 1
v 0.621794 0.45 -0.409 1 1 1
v 1.021794 0.45 -0.409 1 1 1
v 1.041794 0.45 0.01099998 1 1 1
v 1.041794 0.45 -0.389 1 1 1
v 0.6717939 0.53 -0.409 1 1 1
v 0.6717939 0.7 -0.409 1 1 1
v 0.9717939 0.7 -0.409 1 1 1
v 0.9717939 0.53 -0.409 1 1 1
v 0.9717941 0.53 -0.4290002 1 1 1
v 0.9717941 0.53 -0.4090002 1 1 1
v 0.9517941 0.53 -0.4490002 1 1 1
v 0.9417942 0.53 -0.4090002 1 1 1
v 0.6917942 0.53 -0.4490002 1 1 1
v 0.9417942 0.53 -0.3890002 1 1 1
v 0.7017941 0.53 -0.4090002 1 1 1
v 0.7017941 0.53 -0.3890002 1 1 1
v 0.6717942 0.53 -0.4090002 1 1 1
v 0.6717942 0.53 -0.4290002 1 1 1
v 0.6917942 0.51 -0.4490002 1 1 1
v 0.9517941 0.51 -0.4490002 1 1 1
v 0.9717941 0.51 -0.3890002 1 1 1
v 0.9717941 0.51 -0.4290002 1 1 1
v 0.6717942 0.51 -0.3890002 1 1 1
v 0.6717942 0.51 -0.4290002 1 1 1
v 0.6717942 0.53 -0.3890002 1 1 1
v 0.9717941 0.53 -0.3890002 1 1 1
v 0.9217942 0.65 -0.3889998 1 1 1
v 0.8317941 0.65 -0.3889998 1 1 1
v 0.9217942 0.65 -0.3689998 1 1 1
v 0.7217941 0.65 -0.3689998 1 1 1
v 0.8117942 0.65 -0.3889998 1 1 1
v 0.7217941 0.65 -0.3889998 1 1 1
v 0.7217941 0.55 -0.3889998 1 1 1
v 0.7217941 0.55 -0.3689998 1 1 1
v 0.9217942 0.55 -0.3889998 1 1 1
v 0.9217942 0.55 -0.3689998 1 1 1
v 0.8317941 0.55 -0.3889998 1 1 1
v 0.8117942 0.55 -0.3889998 1 1 1
v 0.7017941 0.67 -0.3889998 1 1 1
v 0.7017941 0.53 -0.3889998 1 1 1
v 0.9417942 0.53 -0.3889998 1 1 1
v 0.9417942 0.67 -0.3889998 1 1 1
v 0.141794 1.07 -0.389 1 1 1
v 0.141794 1.07 -0.409 1 1 1
v -0.09820604 1.07 -0.389 1 1 1
v -0.09820604 1.07 -0.409 1 1 1
v 0.141794 0.93 -0.409 1 1 1
v -0.09820604 0.93 -0.409 1 1 1
v 0.2217939 0.85 -0.409 1 1 1
v -0.1782061 0.85 -0.409 1 1 1
v -0.1782061 0.8 -0.409 1 1 1
v 0.2217939 0.8 -0.409 1 1 1
v -0.128206 0.93 -0.409 1 1 1
v -0.128206 1.1 -0.409 1 1 1
v 0.171794 1.1 -0.409 1 1 1
v 0.171794 0.93 -0.409 1 1 1
v 0.2217939 0.8 0.01099998 1 1 1
v -0.1782061 0.8 0.01099998 1 1 1
v 0.1717941 0.93 -0.4290002 1 1 1
v 0.1717941 0.93 -0.4090002 1 1 1
v 0.1517941 0.93 -0.4490002 1 1 1
v 0.1417941 0.93 -0.4090002 1 1 1
v -0.1082059 0.93 -0.4490002 1 1 1
v 0.1417941 0.93 -0.3890002 1 1 1
v -0.09820586 0.93 -0.4090002 1 1 1
v -0.09820586 0.93 -0.3890002 1 1 1
v -0.1282059 0.93 -0.4090002 1 1 1
v -0.1282059 0.93 -0.4290002 1 1 1
v -0.1082059 0.91 -0.4490002 1 1 1
v 0.1517941 0.91 -0.4490002 1 1 1
v 0.1717941 0.91 -0.3890002 1 1 1
v 0.1717941 0.91 -0.4290002 1 1 1
v -0.1282059 0.91 -0.3890002 1 1 1
v -0.1282059 0.91 -0.4290002 1 1 1
v -0.1282059 0.93 -0.3890002 1 1 1
v 0.1717941 0.93 -0.3890002 1 1 1
v 0.1217941 1.05 -0.3889998 1 1 1
v 0.03179415 1.05 -0.3889998 1 1 1
v 0.1217941 1.05 -0.3689998 1 1 1
v -0.07820585 1.05 -0.3689998 1 1 1
v 0.01179413 1.05 -0.3889998 1 1 1
v -0.07820585 1.05 -0.3889998 1 1 1
v -0.07820585 0.95 -0.3889998 1 1 1
v -0.07820585 0.95 -0.3689998 1 1 1
v 0.1217941 0.95 -0.3889998 1 1 1
v 0.1217941 0.95 -0.3689998 1 1 1
v 0.03179415 0.95 -0.3889998 1 1 1
v 0.01179413 0.95 -0.3889998 1 1 1
v -0.09820586 1.07 -0.3889998 1 1 1
v -0.09820586 0.93 -0.3889998 1 1 1
v 0.1417941 0.93 -0.3889998 1 1 1
v 0.1417941 1.07 -0.3889998 1 1 1
v 0.141794 0.67 -0.389 1 1 1
v 0.141794 0.67 -0.409 1 1 1
v -0.09820604 0.67 -0.389 1 1 1
v -0.09820604 0.67 -0.409 1 1 1
v 0.141794 0.53 -0.409 1 1 1
v -0.09820604 0.53 -0.409 1 1 1
v 0.2217939 0.45 -0.409 1 1 1
v -0.1782061 0.45 -0.409 1 1 1
v -0.1782061 0.4 -0.409 1 1 1
v 0.2217939 0.4 -0.409 1 1 1
v -0.128206 0.53 -0.409 1 1 1
v -0.128206 0.7 -0.409 1 1 1
v 0.171794 0.7 -0.409 1 1 1
v 0.171794 0.53 -0.409 1 1 1
v 0.2217939 0.4 0.01099998 1 1 1
v -0.1782061 0.4 0.01099998 1 1 1
v 0.1717941 0.53 -0.4290002 1 1 1
v 0.1717941 0.53 -0.4090002 1 1 1
v 0.1517941 0.53 -0.4490002 1 1 1
v 0.1417941 0.53 -0.4090002 1 1 1
v -0.1082059 0.53 -0.4490002 1 1 1
v 0.1417941 0.53 -0.3890002 1 1 1
v -0.09820586 0.53 -0.4090002 1 1 1
v -0.09820586 0.53 -0.3890002 1 1 1
v -0.1282059 0.53 -0.4090002 1 1 1
v -0.1282059 0.53 -0.4290002 1 1 1
v -0.1082059 0.51 -0.4490002 1 1 1
v 0.1517941 0.51 -0.4490002 1 1 1
v 0.1717941 0.51 -0.3890002 1 1 1
v 0.1717941 0.51 -0.4290002 1 1 1
v -0.1282059 0.51 -0.3890002 1 1 1
v -0.1282059 0.51 -0.4290002 1 1 1
v -0.1282059 0.53 -0.3890002 1 1 1
v 0.1717941 0.53 -0.3890002 1 1 1
v 0.1217941 0.65 -0.3889998 1 1 1
v 0.03179415 0.65 -0.3889998 1 1 1
v 0.1217941 0.65 -0.3689998 1 1 1
v -0.07820585 0.65 -0.3689998 1 1 1
v 0.01179413 0.65 -0.3889998 1 1 1
v -0.07820585 0.65 -0.3889998 1 1 1
v -0.07820585 0.55 -0.3889998 1 1 1
v -0.07820585 0.55 -0.3689998 1 1 1
v 0.1217941 0.55 -0.3889998 1 1 1
v 0.1217941 0.55 -0.3689998 1 1 1
v 0.03179415 0.55 -0.3889998 1 1 1
v 0.01179413 0.55 -0.3889998 1 1 1
v -0.09820586 0.67 -0.3889998 1 1 1
v -0.09820586 0.53 -0.3889998 1 1 1
v 0.1417941 0.53 -0.3889998 1 1 1
v 0.1417941 0.67 -0.3889998 1 1 1
v -0.07820603 0.89 0.431 1 1 1
v -0.04820604 0.89 0.431 1 1 1
v 0.09179395 1.07 0.431 1 1 1
v 0.09179395 0.89 0.431 1 1 1
v 0.09179395 1.07 0.411 1 1 1
v -0.04820605 1.07 0.411 1 1 1
v -0.04820604 1.07 0.431 1 1 1
v 0.121794 0.89 0.431 1 1 1
v 0.121794 1.08 0.431 1 1 1
v -0.07820603 1.08 0.431 1 1 1
v 0.101794 1.1 0.431 1 1 1
v -0.05820604 1.1 0.431 1 1 1
v 0.2217939 0.8 0.431 1 1 1
v -0.178206 0.8 0.431 1 1 1
v 0.2217939 0.85 0.431 1 1 1
v -0.178206 0.85 0.431 1 1 1
v -0.178206 0.8 0.01099999 1 1 1
v 0.2217939 0.8 0.01099999 1 1 1
v 0.1017937 0.87 0.4709998 1 1 1
v -0.05820628 0.87 0.4709998 1 1 1
v 0.1017937 0.89 0.4709998 1 1 1
v -0.05820628 0.89 0.4709998 1 1 1
v 0.1217937 0.87 0.4509998 1 1 1
v 0.1217937 0.89 0.4509998 1 1 1
v 0.1217937 0.87 0.4109998 1 1 1
v 0.1217937 0.89 0.4109998 1 1 1
v -0.07820628 0.89 0.4509998 1 1 1
v -0.07820628 0.87 0.4509998 1 1 1
v -0.07820628 0.89 0.4109998 1 1 1
v -0.07820628 0.87 0.4109998 1 1 1
v -0.02820628 1.05 0.3909999 1 1 1
v -0.02820628 1.05 0.4109998 1 1 1
v 0.07179372 1.05 0.3909999 1 1 1
v 0.07179372 1.05 0.4109998 1 1 1
v -0.02820628 0.91 0.4109998 1 1 1
v -0.02820628 0.97 0.4109998 1 1 1
v -0.02820628 0.91 0.3909999 1 1 1
v -0.02820628 0.99 0.4109998 1 1 1
v 0.07179372 0.99 0.4109998 1 1 1
v 0.07179372 0.97 0.4109998 1 1 1
v 0.07179372 0.91 0.4109998 1 1 1
v 0.07179372 0.91 0.3909999 1 1 1
v 0.09179372 1.07 0.4109998 1 1 1
v -0.04820628 1.07 0.4109998 1 1 1
v -0.04820628 0.89 0.4109998 1 1 1
v 0.09179372 0.89 0.4109998 1 1 1
v -0.2582061 0.67 -0.389 1 1 1
v -0.2582061 0.67 -0.409 1 1 1
v -0.498206 0.67 -0.389 1 1 1
v -0.498206 0.67 -0.409 1 1 1
v -0.2582061 0.53 -0.409 1 1 1
v -0.498206 0.53 -0.409 1 1 1
v -0.5782061 0.45 -0.409 1 1 1
v -0.5782061 0.4 -0.409 1 1 1
v -0.5282061 0.53 -0.409 1 1 1
v -0.5282061 0.7 -0.409 1 1 1
v -0.2282061 0.7 -0.409 1 1 1
v -0.2282061 0.53 -0.409 1 1 1
v -0.5782061 0.4 0.01099998 1 1 1
v -0.2282059 0.53 -0.4290002 1 1 1
v -0.2282059 0.53 -0.4090002 1 1 1
v -0.2482059 0.53 -0.4490002 1 1 1
v -0.2582059 0.53 -0.4090002 1 1 1
v -0.5082059 0.53 -0.4490002 1 1 1
v -0.2582059 0.53 -0.3890002 1 1 1
v -0.4982059 0.53 -0.4090002 1 1 1
v -0.4982059 0.53 -0.3890002 1 1 1
v -0.5282059 0.53 -0.4090002 1 1 1
v -0.5282059 0.53 -0.4290002 1 1 1
v -0.5082059 0.51 -0.4490002 1 1 1
v -0.2482059 0.51 -0.4490002 1 1 1
v -0.2282059 0.51 -0.3890002 1 1 1
v -0.2282059 0.51 -0.4290002 1 1 1
v -0.5282059 0.51 -0.3890002 1 1 1
v -0.5282059 0.51 -0.4290002 1 1 1
v -0.5282059 0.53 -0.3890002 1 1 1
v -0.2282059 0.53 -0.3890002 1 1 1
v -0.2782059 0.65 -0.3889998 1 1 1
v -0.3682058 0.65 -0.3889998 1 1 1
v -0.2782059 0.65 -0.3689998 1 1 1
v -0.4782059 0.65 -0.3689998 1 1 1
v -0.3882059 0.65 -0.3889998 1 1 1
v -0.4782059 0.65 -0.3889998 1 1 1
v -0.4782059 0.55 -0.3889998 1 1 1
v -0.4782059 0.55 -0.3689998 1 1 1
v -0.2782059 0.55 -0.3889998 1 1 1
v -0.2782059 0.55 -0.3689998 1 1 1
v -0.3682058 0.55 -0.3889998 1 1 1
v -0.3882059 0.55 -0.3889998 1 1 1
v -0.4982059 0.67 -0.3889998 1 1 1
v -0.4982059 0.53 -0.3889998 1 1 1
v -0.2582059 0.53 -0.3889998 1 1 1
v -0.2582059 0.67 -0.3889998 1 1 1
v -0.2582061 1.07 -0.389 1 1 1
v -0.2582061 1.07 -0.409 1 1 1
v -0.498206 1.07 -0.389 1 1 1
v -0.498206 1.07 -0.409 1 1 1
v -0.2582061 0.93 -0.409 1 1 1
v -0.498206 0.93 -0.409 1 1 1
v -0.5782061 0.85 -0.409 1 1 1
v -0.5782061 0.8 -0.409 1 1 1
v -0.5282061 0.93 -0.409 1 1 1
v -0.5282061 1.1 -0.409 1 1 1
v -0.2282061 1.1 -0.409 1 1 1
v -0.2282061 0.93 -0.409 1 1 1
v -0.5782061 0.8 0.01099998 1 1 1
v -0.2282059 0.93 -0.4290002 1 1 1
v -0.2282059 0.93 -0.4090002 1 1 1
v -0.2482059 0.93 -0.4490002 1 1 1
v -0.2582059 0.93 -0.4090002 1 1 1
v -0.5082059 0.93 -0.4490002 1 1 1
v -0.2582059 0.93 -0.3890002 1 1 1
v -0.4982059 0.93 -0.4090002 1 1 1
v -0.4982059 0.93 -0.3890002 1 1 1
v -0.5282059 0.93 -0.4090002 1 1 1
v -0.5282059 0.93 -0.4290002 1 1 1
v -0.5082059 0.91 -0.4490002 1 1 1
v -0.2482059 0.91 -0.4490002 1 1 1
v -0.2282059 0.91 -0.3890002 1 1 1
v -0.2282059 0.91 -0.4290002 1 1 1
v -0.5282059 0.91 -0.3890002 1 1 1
v -0.5282059 0.91 -0.4290002 1 1 1
v -0.5282059 0.93 -0.3890002 1 1 1
v -0.2282059 0.93 -0.3890002 1 1 1
v -0.2782059 1.05 -0.3889998 1 1 1
v -0.3682058 1.05 -0.3889998 1 1 1
v -0.2782059 1.05 -0.3689998 1 1 1
v -0.4782059 1.05 -0.3689998 1 1 1
v -0.3882059 1.05 -0.3889998 1 1 1
v -0.4782059 1.05 -0.3889998 1 1 1
v -0.4782059 0.95 -0.3889998 1 1 1
v -0.4782059 0.95 -0.3689998 1 1 1
v -0.2782059 0.95 -0.3889998 1 1 1
v -0.2782059 0.95 -0.3689998 1 1 1
v -0.3682058 0.95 -0.3889998 1 1 1
v -0.3882059 0.95 -0.3889998 1 1 1
v -0.4982059 1.07 -0.3889998 1 1 1
v -0.4982059 0.93 -0.3889998 1 1 1
v -0.2582059 0.93 -0.3889998 1 1 1
v -0.2582059 1.07 -0.3889998 1 1 1
v 0.721794 0.49 0.431 1 1 1
v 0.751794 0.49 0.431 1 1 1
v 0.891794 0.67 0.431 1 1 1
v 0.891794 0.49 0.431 1 1 1
v 0.891794 0.67 0.411 1 1 1
v 0.751794 0.67 0.411 1 1 1
v 0.751794 0.67 0.431 1 1 1
v 0.9217939 0.49 0.431 1 1 1
v 0.9217939 0.68 0.431 1 1 1
v 0.721794 0.68 0.431 1 1 1
v 0.901794 0.7 0.431 1 1 1
v 0.741794 0.7 0.431 1 1 1
v 1.021794 0.4 0.431 1 1 1
v 0.621794 0.4 0.431 1 1 1
v 1.021794 0.45 0.431 1 1 1
v 0.621794 0.45 0.431 1 1 1
v 1.041794 0.4 0.411 1 1 1
v 1.041794 0.45 0.411 1 1 1
v 1.041794 0.4 0.01099999 1 1 1
v 1.041794 0.45 0.01099999 1 1 1
v 0.621794 0.4 0.01099999 1 1 1
v 0.9017937 0.47 0.4709998 1 1 1
v 0.7417938 0.47 0.4709998 1 1 1
v 0.9017937 0.49 0.4709998 1 1 1
v 0.7417938 0.49 0.4709998 1 1 1
v 0.9217938 0.47 0.4509998 1 1 1
v 0.9217938 0.49 0.4509998 1 1 1
v 0.9217938 0.47 0.4109998 1 1 1
v 0.9217938 0.49 0.4109998 1 1 1
v 0.7217937 0.49 0.4509998 1 1 1
v 0.7217937 0.47 0.4509998 1 1 1
v 0.7217937 0.49 0.4109998 1 1 1
v 0.7217937 0.47 0.4109998 1 1 1
v 0.7717937 0.65 0.3909999 1 1 1
v 0.7717937 0.65 0.4109998 1 1 1
v 0.8717937 0.65 0.3909999 1 1 1
v 0.8717937 0.65 0.4109998 1 1 1
v 0.7717937 0.51 0.4109998 1 1 1
v 0.7717937 0.57 0.4109998 1 1 1
v 0.7717937 0.51 0.3909999 1 1 1
v 0.7717937 0.59 0.4109998 1 1 1
v 0.8717937 0.59 0.4109998 1 1 1
v 0.8717937 0.57 0.4109998 1 1 1
v 0.8717937 0.51 0.4109998 1 1 1
v 0.8717937 0.51 0.3909999 1 1 1
v 0.8917937 0.67 0.4109998 1 1 1
v 0.7517937 0.67 0.4109998 1 1 1
v 0.7517937 0.49 0.4109998 1 1 1
v 0.8917937 0.49 0.4109998 1 1 1
v 0.3217939 0.89 0.431 1 1 1
v 0.3517939 0.89 0.431 1 1 1
v 0.4917939 1.07 0.431 1 1 1
v 0.4917939 0.89 0.431 1 1 1
v 0.4917939 1.07 0.411 1 1 1
v 0.3517939 1.07 0.411 1 1 1
v 0.3517939 1.07 0.431 1 1 1
v 0.521794 0.89 0.431 1 1 1
v 0.521794 1.08 0.431 1 1 1
v 0.3217939 1.08 0.431 1 1 1
v 0.5017939 1.1 0.431 1 1 1
v 0.341794 1.1 0.431 1 1 1
v 0.6217939 0.8 0.431 1 1 1
v 0.2217939 0.8 0.431 1 1 1
v 0.6217939 0.85 0.431 1 1 1
v 0.2217939 0.85 0.431 1 1 1
v 0.2217939 0.8 0.01099999 1 1 1
v 0.6217939 0.8 0.01099999 1 1 1
v 0.5017937 0.87 0.4709998 1 1 1
v 0.3417937 0.87 0.4709998 1 1 1
v 0.5017937 0.89 0.4709998 1 1 1
v 0.3417937 0.89 0.4709998 1 1 1
v 0.5217937 0.87 0.4509998 1 1 1
v 0.5217937 0.89 0.4509998 1 1 1
v 0.5217937 0.87 0.4109998 1 1 1
v 0.5217937 0.89 0.4109998 1 1 1
v 0.3217937 0.89 0.4509998 1 1 1
v 0.3217937 0.87 0.4509998 1 1 1
v 0.3217937 0.89 0.4109998 1 1 1
v 0.3217937 0.87 0.4109998 1 1 1
v 0.3717937 1.05 0.3909999 1 1 1
v 0.3717937 1.05 0.4109998 1 1 1
v 0.4717937 1.05 0.3909999 1 1 1
v 0.4717937 1.05 0.4109998 1 1 1
v 0.3717937 0.91 0.4109998 1 1 1
v 0.3717937 0.97 0.4109998 1 1 1
v 0.3717937 0.91 0.3909999 1 1 1
v 0.3717937 0.99 0.4109998 1 1 1
v 0.4717937 0.99 0.4109998 1 1 1
v 0.4717937 0.97 0.4109998 1 1 1
v 0.4717937 0.91 0.4109998 1 1 1
v 0.4717937 0.91 0.3909999 1 1 1
v 0.4917937 1.07 0.4109998 1 1 1
v 0.3517937 1.07 0.4109998 1 1 1
v 0.3517937 0.89 0.4109998 1 1 1
v 0.4917937 0.89 0.4109998 1 1 1
v -0.678206 0.49 0.431 1 1 1
v -0.7082061 0.49 0.431 1 1 1
v -0.848206 0.67 0.431 1 1 1
v -0.848206 0.49 0.431 1 1 1
v -0.848206 0.67 0.411 1 1 1
v -0.7082061 0.67 0.411 1 1 1
v -0.7082061 0.67 0.431 1 1 1
v -0.878206 0.49 0.431 1 1 1
v -0.878206 0.68 0.431 1 1 1
v -0.678206 0.68 0.431 1 1 1
v -0.858206 0.7 0.431 1 1 1
v -0.6982061 0.7 0.431 1 1 1
v -0.978206 0.4 0.431 1 1 1
v -0.5782061 0.4 0.431 1 1 1
v -0.978206 0.45 0.431 1 1 1
v -0.5782061 0.45 0.431 1 1 1
v -0.998206 0.4 0.411 1 1 1
v -0.998206 0.45 0.411 1 1 1
v -0.998206 0.4 0.01099999 1 1 1
v -0.998206 0.45 0.01099999 1 1 1
v -0.5782061 0.4 0.01099999 1 1 1
v -0.8582058 0.47 0.4709998 1 1 1
v -0.6982058 0.47 0.4709998 1 1 1
v -0.8582058 0.49 0.4709998 1 1 1
v -0.6982058 0.49 0.4709998 1 1 1
v -0.8782058 0.47 0.4509998 1 1 1
v -0.8782058 0.49 0.4509998 1 1 1
v -0.8782058 0.47 0.4109998 1 1 1
v -0.8782058 0.49 0.4109998 1 1 1
v -0.6782058 0.49 0.4509998 1 1 1
v -0.6782058 0.47 0.4509998 1 1 1
v -0.6782058 0.49 0.4109998 1 1 1
v -0.6782058 0.47 0.4109998 1 1 1
v -0.7282058 0.65 0.3909999 1 1 1
v -0.7282058 0.65 0.4109998 1 1 1
v -0.8282058 0.65 0.3909999 1 1 1
v -0.8282058 0.65 0.4109998 1 1 1
v -0.7282058 0.51 0.4109998 1 1 1
v -0.7282058 0.57 0.4109998 1 1 1
v -0.7282058 0.51 0.3909999 1 1 1
v -0.7282058 0.59 0.4109998 1 1 1
v -0.8282058 0.59 0.4109998 1 1 1
v -0.8282058 0.57 0.4109998 1 1 1
v -0.8282058 0.51 0.4109998 1 1 1
v -0.8282058 0.51 0.3909999 1 1 1
v -0.8482058 0.67 0.4109998 1 1 1
v -0.7082058 0.67 0.4109998 1 1 1
v -0.7082058 0.49 0.4109998 1 1 1
v -0.8482058 0.49 0.4109998 1 1 1
v -0.478206 0.89 0.431 1 1 1
v -0.448206 0.89 0.431 1 1 1
v -0.308206 1.07 0.431 1 1 1
v -0.308206 0.89 0.431 1 1 1
v -0.308206 1.07 0.411 1 1 1
v -0.448206 1.07 0.411 1 1 1
v -0.448206 1.07 0.431 1 1 1
v -0.278206 0.89 0.431 1 1 1
v -0.278206 1.08 0.431 1 1 1
v -0.478206 1.08 0.431 1 1 1
v -0.298206 1.1 0.431 1 1 1
v -0.458206 1.1 0.431 1 1 1
v -0.178206 0.8 0.431 1 1 1
v -0.578206 0.8 0.431 1 1 1
v -0.178206 0.85 0.431 1 1 1
v -0.578206 0.85 0.431 1 1 1
v -0.578206 0.8 0.01099999 1 1 1
v -0.178206 0.8 0.01099999 1 1 1
v -0.2982063 0.87 0.4709998 1 1 1
v -0.4582062 0.87 0.4709998 1 1 1
v -0.2982063 0.89 0.4709998 1 1 1
v -0.4582062 0.89 0.4709998 1 1 1
v -0.2782063 0.87 0.4509998 1 1 1
v -0.2782063 0.89 0.4509998 1 1 1
v -0.2782063 0.87 0.4109998 1 1 1
v -0.2782063 0.89 0.4109998 1 1 1
v -0.4782062 0.89 0.4509998 1 1 1
v -0.4782062 0.87 0.4509998 1 1 1
v -0.4782062 0.89 0.4109998 1 1 1
v -0.4782062 0.87 0.4109998 1 1 1
v -0.4282063 1.05 0.3909999 1 1 1
v -0.4282063 1.05 0.4109998 1 1 1
v -0.3282062 1.05 0.3909999 1 1 1
v -0.3282062 1.05 0.4109998 1 1 1
v -0.4282063 0.91 0.4109998 1 1 1
v -0.4282063 0.97 0.4109998 1 1 1
v -0.4282063 0.91 0.3909999 1 1 1
v -0.4282063 0.99 0.4109998 1 1 1
v -0.3282062 0.99 0.4109998 1 1 1
v -0.3282062 0.97 0.4109998 1 1 1
v -0.3282062 0.91 0.4109998 1 1 1
v -0.3282062 0.91 0.3909999 1 1 1
v -0.3082063 1.07 0.4109998 1 1 1
v -0.4482062 1.07 0.4109998 1 1 1
v -0.4482062 0.89 0.4109998 1 1 1
v -0.3082063 0.89 0.4109998 1 1 1
v -0.678206 0.89 0.431 1 1 1
v -0.7082061 0.89 0.431 1 1 1
v -0.848206 1.07 0.431 1 1 1
v -0.848206 0.89 0.431 1 1 1
v -0.848206 1.07 0.411 1 1 1
v -0.7082061 1.07 0.411 1 1 1
v -0.7082061 1.07 0.431 1 1 1
v -0.878206 0.89 0.431 1 1 1
v -0.878206 1.08 0.431 1 1 1
v -0.678206 1.08 0.431 1 1 1
v -0.858206 1.1 0.431 1 1 1
v -0.6982061 1.1 0.431 1 1 1
v -0.978206 0.8 0.431 1 1 1
v -0.5782061 0.8 0.431 1 1 1
v -0.978206 0.85 0.431 1 1 1
v -0.5782061 0.85 0.431 1 1 1
v -0.998206 0.8 0.411 1 1 1
v -0.998206 0.85 0.411 1 1 1
v -0.998206 0.8 0.01099999 1 1 1
v -0.998206 0.85 0.01099999 1 1 1
v -0.5782061 0.8 0.01099999 1 1 1
v -0.8582058 0.87 0.4709998 1 1 1
v -0.6982058 0.87 0.4709998 1 1 1
v -0.8582058 0.89 0.4709998 1 1 1
v -0.6982058 0.89 0.4709998 1 1 1
v -0.8782058 0.87 0.4509998 1 1 1
v -0.8782058 0.89 0.4509998 1 1 1
v -0.8782058 0.87 0.4109998 1 1 1
v -0.8782058 0.89 0.4109998 1 1 1
v -0.6782058 0.89 0.4509998 1 1 1
v -0.6782058 0.87 0.4509998 1 1 1
v -0.6782058 0.89 0.4109998 1 1 1
v -0.6782058 0.87 0.4109998 1 1 1
v -0.7282058 1.05 0.3909999 1 1 1
v -0.7282058 1.05 0.4109998 1 1 1
v -0.8282058 1.05 0.3909999 1 1 1
v -0.8282058 1.05 0.4109998 1 1 1
v -0.7282058 0.91 0.4109998 1 1 1
v -0.7282058 0.97 0.4109998 1 1 1
v -0.7282058 0.91 0.3909999 1 1 1
v -0.7282058 0.99 0.4109998 1 1 1
v -0.8282058 0.99 0.4109998 1 1 1
v -0.8282058 0.97 0.4109998 1 1 1
v -0.8282058 0.91 0.4109998 1 1 1
v -0.8282058 0.91 0.3909999 1 1 1
v -0.8482058 1.07 0.4109998 1 1 1
v -0.7082058 1.07 0.4109998 1 1 1
v -0.7082058 0.89 0.4109998 1 1 1
v -0.8482058 0.89 0.4109998 1 1 1
v 0.1417939 0 -0.409 1 1 1
v 0.1417939 0.27 -0.409 1 1 1
v 0.1417939 0 -0.389 1 1 1
v 0.1417939 0.27 -0.389 1 1 1
v -0.09820604 0.27 -0.409 1 1 1
v -0.09820604 0 -0.409 1 1 1
v -0.09820604 0.27 -0.389 1 1 1
v -0.09820604 0 -0.389 1 1 1
v -0.1782061 0 -0.409 1 1 1
v -0.1782061 0.05 -0.409 1 1 1
v -0.128206 0.05 -0.409 1 1 1
v -0.128206 0.28 -0.409 1 1 1
v 0.1717939 0.28 -0.409 1 1 1
v -0.1082061 0.3 -0.409 1 1 1
v 0.151794 0.3 -0.409 1 1 1
v 0.1717939 0.05 -0.409 1 1 1
v 0.2217939 0 -0.409 1 1 1
v 0.2217939 0.05 -0.409 1 1 1
v 0.2217939 0 0.01099998 1 1 1
v -0.1782061 0 0.01099998 1 1 1
v -0.007476045 0.1142649 -0.3690002 1 1 1
v -0.007476045 0.1142649 -0.3890002 1 1 1
v 0.011794 0.1142649 -0.3690002 1 1 1
v 0.011794 0.1142649 -0.3890002 1 1 1
v -0.007476045 0.1557351 -0.3890002 1 1 1
v -0.007476045 0.1557351 -0.3690002 1 1 1
v 0.011794 0.1557351 -0.3890002 1 1 1
v 0.011794 0.1557351 -0.3690002 1 1 1
v 0.03179388 0.1142649 -0.3690002 1 1 1
v 0.03179388 0.1142649 -0.3890002 1 1 1
v 0.05106393 0.1142649 -0.3690002 1 1 1
v 0.05106393 0.1142649 -0.3890002 1 1 1
v 0.03179388 0.1557351 -0.3890002 1 1 1
v 0.03179388 0.1557351 -0.3690002 1 1 1
v 0.05106393 0.1557351 -0.3890002 1 1 1
v 0.05106393 0.1557351 -0.3690002 1 1 1
v -0.07820603 0.49 0.431 1 1 1
v -0.04820604 0.49 0.431 1 1 1
v 0.09179395 0.67 0.431 1 1 1
v 0.09179395 0.49 0.431 1 1 1
v 0.09179395 0.67 0.411 1 1 1
v -0.04820605 0.67 0.411 1 1 1
v -0.04820604 0.67 0.431 1 1 1
v 0.121794 0.49 0.431 1 1 1
v 0.121794 0.68 0.431 1 1 1
v -0.07820603 0.68 0.431 1 1 1
v 0.101794 0.7 0.431 1 1 1
v -0.05820604 0.7 0.431 1 1 1
v 0.2217939 0.4 0.431 1 1 1
v -0.178206 0.4 0.431 1 1 1
v 0.2217939 0.45 0.431 1 1 1
v -0.178206 0.45 0.431 1 1 1
v -0.178206 0.4 0.01099999 1 1 1
v 0.2217939 0.4 0.01099999 1 1 1
v 0.1017937 0.47 0.4709998 1 1 1
v -0.05820628 0.47 0.4709998 1 1 1
v 0.1017937 0.49 0.4709998 1 1 1
v -0.05820628 0.49 0.4709998 1 1 1
v 0.1217937 0.47 0.4509998 1 1 1
v 0.1217937 0.49 0.4509998 1 1 1
v 0.1217937 0.47 0.4109998 1 1 1
v 0.1217937 0.49 0.4109998 1 1 1
v -0.07820628 0.49 0.4509998 1 1 1
v -0.07820628 0.47 0.4509998 1 1 1
v -0.07820628 0.49 0.4109998 1 1 1
v -0.07820628 0.47 0.4109998 1 1 1
v -0.02820628 0.65 0.3909999 1 1 1
v -0.02820628 0.65 0.4109998 1 1 1
v 0.07179372 0.65 0.3909999 1 1 1
v 0.07179372 0.65 0.4109998 1 1 1
v -0.02820628 0.51 0.4109998 1 1 1
v -0.02820628 0.57 0.4109998 1 1 1
v -0.02820628 0.51 0.3909999 1 1 1
v -0.02820628 0.59 0.4109998 1 1 1
v 0.07179372 0.59 0.4109998 1 1 1
v 0.07179372 0.57 0.4109998 1 1 1
v 0.07179372 0.51 0.4109998 1 1 1
v 0.07179372 0.51 0.3909999 1 1 1
v 0.09179372 0.67 0.4109998 1 1 1
v -0.04820628 0.67 0.4109998 1 1 1
v -0.04820628 0.49 0.4109998 1 1 1
v 0.09179372 0.49 0.4109998 1 1 1
v 0.3217939 0.49 0.431 1 1 1
v 0.3517939 0.49 0.431 1 1 1
v 0.4917939 0.67 0.431 1 1 1
v 0.4917939 0.49 0.431 1 1 1
v 0.4917939 0.67 0.411 1 1 1
v 0.3517939 0.67 0.411 1 1 1
v 0.3517939 0.67 0.431 1 1 1
v 0.521794 0.49 0.431 1 1 1
v 0.521794 0.68 0.431 1 1 1
v 0.3217939 0.68 0.431 1 1 1
v 0.5017939 0.7 0.431 1 1 1
v 0.341794 0.7 0.431 1 1 1
v 0.6217939 0.4 0.431 1 1 1
v 0.2217939 0.4 0.431 1 1 1
v 0.6217939 0.45 0.431 1 1 1
v 0.2217939 0.45 0.431 1 1 1
v 0.2217939 0.4 0.01099999 1 1 1
v 0.6217939 0.4 0.01099999 1 1 1
v 0.5017937 0.47 0.4709998 1 1 1
v 0.3417937 0.47 0.4709998 1 1 1
v 0.5017937 0.49 0.4709998 1 1 1
v 0.3417937 0.49 0.4709998 1 1 1
v 0.5217937 0.47 0.4509998 1 1 1
v 0.5217937 0.49 0.4509998 1 1 1
v 0.5217937 0.47 0.4109998 1 1 1
v 0.5217937 0.49 0.4109998 1 1 1
v 0.3217937 0.49 0.4509998 1 1 1
v 0.3217937 0.47 0.4509998 1 1 1
v 0.3217937 0.49 0.4109998 1 1 1
v 0.3217937 0.47 0.4109998 1 1 1
v 0.3717937 0.65 0.3909999 1 1 1
v 0.3717937 0.65 0.4109998 1 1 1
v 0.4717937 0.65 0.3909999 1 1 1
v 0.4717937 0.65 0.4109998 1 1 1
v 0.3717937 0.51 0.4109998 1 1 1
v 0.3717937 0.57 0.4109998 1 1 1
v 0.3717937 0.51 0.3909999 1 1 1
v 0.3717937 0.59 0.4109998 1 1 1
v 0.4717937 0.59 0.4109998 1 1 1
v 0.4717937 0.57 0.4109998 1 1 1
v 0.4717937 0.51 0.4109998 1 1 1
v 0.4717937 0.51 0.3909999 1 1 1
v 0.4917937 0.67 0.4109998 1 1 1
v 0.3517937 0.67 0.4109998 1 1 1
v 0.3517937 0.49 0.4109998 1 1 1
v 0.4917937 0.49 0.4109998 1 1 1
v -0.478206 0.49 0.431 1 1 1
v -0.448206 0.49 0.431 1 1 1
v -0.308206 0.67 0.431 1 1 1
v -0.308206 0.49 0.431 1 1 1
v -0.308206 0.67 0.411 1 1 1
v -0.448206 0.67 0.411 1 1 1
v -0.448206 0.67 0.431 1 1 1
v -0.278206 0.49 0.431 1 1 1
v -0.278206 0.68 0.431 1 1 1
v -0.478206 0.68 0.431 1 1 1
v -0.298206 0.7 0.431 1 1 1
v -0.458206 0.7 0.431 1 1 1
v -0.178206 0.4 0.431 1 1 1
v -0.578206 0.4 0.431 1 1 1
v -0.178206 0.45 0.431 1 1 1
v -0.578206 0.45 0.431 1 1 1
v -0.578206 0.4 0.01099999 1 1 1
v -0.178206 0.4 0.01099999 1 1 1
v -0.2982063 0.47 0.4709998 1 1 1
v -0.4582062 0.47 0.4709998 1 1 1
v -0.2982063 0.49 0.4709998 1 1 1
v -0.4582062 0.49 0.4709998 1 1 1
v -0.2782063 0.47 0.4509998 1 1 1
v -0.2782063 0.49 0.4509998 1 1 1
v -0.2782063 0.47 0.4109998 1 1 1
v -0.2782063 0.49 0.4109998 1 1 1
v -0.4782062 0.49 0.4509998 1 1 1
v -0.4782062 0.47 0.4509998 1 1 1
v -0.4782062 0.49 0.4109998 1 1 1
v -0.4782062 0.47 0.4109998 1 1 1
v -0.4282063 0.65 0.3909999 1 1 1
v -0.4282063 0.65 0.4109998 1 1 1
v -0.3282062 0.65 0.3909999 1 1 1
v -0.3282062 0.65 0.4109998 1 1 1
v -0.4282063 0.51 0.4109998 1 1 1
v -0.4282063 0.57 0.4109998 1 1 1
v -0.4282063 0.51 0.3909999 1 1 1
v -0.4282063 0.59 0.4109998 1 1 1
v -0.3282062 0.59 0.4109998 1 1 1
v -0.3282062 0.57 0.4109998 1 1 1
v -0.3282062 0.51 0.4109998 1 1 1
v -0.3282062 0.51 0.3909999 1 1 1
v -0.3082063 0.67 0.4109998 1 1 1
v -0.4482062 0.67 0.4109998 1 1 1
v -0.4482062 0.49 0.4109998 1 1 1
v -0.3082063 0.49 0.4109998 1 1 1
v 0.941794 1.07 -0.409 1 1 1
v 0.701794 1.07 -0.409 1 1 1
v 0.941794 1.07 -0.389 1 1 1
v 0.701794 1.07 -0.389 1 1 1
v 1.041794 0.8 0.01099998 1 1 1
v 1.041794 0.8 -0.389 1 1 1
v 0.621794 0.8 0.01099998 1 1 1
v 1.021794 0.8 -0.409 1 1 1
v 0.621794 0.8 -0.409 1 1 1
v 0.941794 0.93 -0.409 1 1 1
v 0.701794 0.93 -0.409 1 1 1
v 0.621794 0.85 -0.409 1 1 1
v 1.021794 0.85 -0.409 1 1 1
v 1.041794 0.85 0.01099998 1 1 1
v 1.041794 0.85 -0.389 1 1 1
v 0.6717939 0.93 -0.409 1 1 1
v 0.6717939 1.1 -0.409 1 1 1
v 0.9717939 1.1 -0.409 1 1 1
v 0.9717939 0.93 -0.409 1 1 1
v 0.9717941 0.93 -0.4290002 1 1 1
v 0.9717941 0.93 -0.4090002 1 1 1
v 0.9517941 0.93 -0.4490002 1 1 1
v 0.9417942 0.93 -0.4090002 1 1 1
v 0.6917942 0.93 -0.4490002 1 1 1
v 0.9417942 0.93 -0.3890002 1 1 1
v 0.7017941 0.93 -0.4090002 1 1 1
v 0.7017941 0.93 -0.3890002 1 1 1
v 0.6717942 0.93 -0.4090002 1 1 1
v 0.6717942 0.93 -0.4290002 1 1 1
v 0.6917942 0.91 -0.4490002 1 1 1
v 0.9517941 0.91 -0.4490002 1 1 1
v 0.9717941 0.91 -0.3890002 1 1 1
v 0.9717941 0.91 -0.4290002 1 1 1
v 0.6717942 0.91 -0.3890002 1 1 1
v 0.6717942 0.91 -0.4290002 1 1 1
v 0.6717942 0.93 -0.3890002 1 1 1
v 0.9717941 0.93 -0.3890002 1 1 1
v 0.9217942 1.05 -0.3889998 1 1 1
v 0.8317941 1.05 -0.3889998 1 1 1
v 0.9217942 1.05 -0.3689998 1 1 1
v 0.7217941 1.05 -0.3689998 1 1 1
v 0.8117942 1.05 -0.3889998 1 1 1
v 0.7217941 1.05 -0.3889998 1 1 1
v 0.7217941 0.95 -0.3889998 1 1 1
v 0.7217941 0.95 -0.3689998 1 1 1
v 0.9217942 0.95 -0.3889998 1 1 1
v 0.9217942 0.95 -0.3689998 1 1 1
v 0.8317941 0.95 -0.3889998 1 1 1
v 0.8117942 0.95 -0.3889998 1 1 1
v 0.7017941 1.07 -0.3889998 1 1 1
v 0.7017941 0.93 -0.3889998 1 1 1
v 0.9417942 0.93 -0.3889998 1 1 1
v 0.9417942 1.07 -0.3889998 1 1 1
v -0.8982061 1.07 -0.409 1 1 1
v -0.6582061 1.07 -0.409 1 1 1
v -0.8982061 1.07 -0.389 1 1 1
v -0.6582061 1.07 -0.389 1 1 1
v -0.9982061 0.8 0.01099998 1 1 1
v -0.9982061 0.8 -0.389 1 1 1
v -0.9782061 0.8 -0.409 1 1 1
v -0.8982061 0.93 -0.409 1 1 1
v -0.6582061 0.93 -0.409 1 1 1
v -0.9782061 0.85 -0.409 1 1 1
v -0.9982061 0.85 0.01099998 1 1 1
v -0.9982061 0.85 -0.389 1 1 1
v -0.6282061 0.93 -0.409 1 1 1
v -0.6282061 1.1 -0.409 1 1 1
v -0.9282061 1.1 -0.409 1 1 1
v -0.9282061 0.93 -0.409 1 1 1
v -0.9282063 0.93 -0.4290002 1 1 1
v -0.9282063 0.93 -0.4090002 1 1 1
v -0.9082063 0.93 -0.4490002 1 1 1
v -0.8982063 0.93 -0.4090002 1 1 1
v -0.6482063 0.93 -0.4490002 1 1 1
v -0.8982063 0.93 -0.3890002 1 1 1
v -0.6582063 0.93 -0.4090002 1 1 1
v -0.6582063 0.93 -0.3890002 1 1 1
v -0.6282063 0.93 -0.4090002 1 1 1
v -0.6282063 0.93 -0.4290002 1 1 1
v -0.6482063 0.91 -0.4490002 1 1 1
v -0.9082063 0.91 -0.4490002 1 1 1
v -0.9282063 0.91 -0.3890002 1 1 1
v -0.9282063 0.91 -0.4290002 1 1 1
v -0.6282063 0.91 -0.3890002 1 1 1
v -0.6282063 0.91 -0.4290002 1 1 1
v -0.6282063 0.93 -0.3890002 1 1 1
v -0.9282063 0.93 -0.3890002 1 1 1
v -0.8782063 1.05 -0.3889998 1 1 1
v -0.7882063 1.05 -0.3889998 1 1 1
v -0.8782063 1.05 -0.3689998 1 1 1
v -0.6782063 1.05 -0.3689998 1 1 1
v -0.7682063 1.05 -0.3889998 1 1 1
v -0.6782063 1.05 -0.3889998 1 1 1
v -0.6782063 0.95 -0.3889998 1 1 1
v -0.6782063 0.95 -0.3689998 1 1 1
v -0.8782063 0.95 -0.3889998 1 1 1
v -0.8782063 0.95 -0.3689998 1 1 1
v -0.7882063 0.95 -0.3889998 1 1 1
v -0.7682063 0.95 -0.3889998 1 1 1
v -0.6582063 1.07 -0.3889998 1 1 1
v -0.6582063 0.93 -0.3889998 1 1 1
v -0.8982063 0.93 -0.3889998 1 1 1
v -0.8982063 1.07 -0.3889998 1 1 1
v 0.5417939 0.67 -0.389 1 1 1
v 0.5417939 0.67 -0.409 1 1 1
v 0.3017939 0.67 -0.389 1 1 1
v 0.3017939 0.67 -0.409 1 1 1
v 0.5417939 0.53 -0.409 1 1 1
v 0.3017939 0.53 -0.409 1 1 1
v 0.6217939 0.45 -0.409 1 1 1
v 0.2217939 0.45 -0.409 1 1 1
v 0.2217939 0.4 -0.409 1 1 1
v 0.6217939 0.4 -0.409 1 1 1
v 0.2717939 0.53 -0.409 1 1 1
v 0.2717939 0.7 -0.409 1 1 1
v 0.5717939 0.7 -0.409 1 1 1
v 0.5717939 0.53 -0.409 1 1 1
v 0.6217939 0.4 0.01099998 1 1 1
v 0.2217939 0.4 0.01099998 1 1 1
v 0.5717942 0.53 -0.4290002 1 1 1
v 0.5717942 0.53 -0.4090002 1 1 1
v 0.5517941 0.53 -0.4490002 1 1 1
v 0.5417941 0.53 -0.4090002 1 1 1
v 0.2917941 0.53 -0.4490002 1 1 1
v 0.5417941 0.53 -0.3890002 1 1 1
v 0.3017941 0.53 -0.4090002 1 1 1
v 0.3017941 0.53 -0.3890002 1 1 1
v 0.2717941 0.53 -0.4090002 1 1 1
v 0.2717941 0.53 -0.4290002 1 1 1
v 0.2917941 0.51 -0.4490002 1 1 1
v 0.5517941 0.51 -0.4490002 1 1 1
v 0.5717942 0.51 -0.3890002 1 1 1
v 0.5717942 0.51 -0.4290002 1 1 1
v 0.2717941 0.51 -0.3890002 1 1 1
v 0.2717941 0.51 -0.4290002 1 1 1
v 0.2717941 0.53 -0.3890002 1 1 1
v 0.5717942 0.53 -0.3890002 1 1 1
v 0.5217941 0.65 -0.3889998 1 1 1
v 0.4317941 0.65 -0.3889998 1 1 1
v 0.5217941 0.65 -0.3689998 1 1 1
v 0.3217941 0.65 -0.3689998 1 1 1
v 0.4117941 0.65 -0.3889998 1 1 1
v 0.3217941 0.65 -0.3889998 1 1 1
v 0.3217941 0.55 -0.3889998 1 1 1
v 0.3217941 0.55 -0.3689998 1 1 1
v 0.5217941 0.55 -0.3889998 1 1 1
v 0.5217941 0.55 -0.3689998 1 1 1
v 0.4317941 0.55 -0.3889998 1 1 1
v 0.4117941 0.55 -0.3889998 1 1 1
v 0.3017941 0.67 -0.3889998 1 1 1
v 0.3017941 0.53 -0.3889998 1 1 1
v 0.5417941 0.53 -0.3889998 1 1 1
v 0.5417941 0.67 -0.3889998 1 1 1
v 0.5417939 1.07 -0.389 1 1 1
v 0.5417939 1.07 -0.409 1 1 1
v 0.3017939 1.07 -0.389 1 1 1
v 0.3017939 1.07 -0.409 1 1 1
v 0.5417939 0.93 -0.409 1 1 1
v 0.3017939 0.93 -0.409 1 1 1
v 0.6217939 0.85 -0.409 1 1 1
v 0.2217939 0.85 -0.409 1 1 1
v 0.2217939 0.8 -0.409 1 1 1
v 0.6217939 0.8 -0.409 1 1 1
v 0.2717939 0.93 -0.409 1 1 1
v 0.2717939 1.1 -0.409 1 1 1
v 0.5717939 1.1 -0.409 1 1 1
v 0.5717939 0.93 -0.409 1 1 1
v 0.6217939 0.8 0.01099998 1 1 1
v 0.2217939 0.8 0.01099998 1 1 1
v 0.5717942 0.93 -0.4290002 1 1 1
v 0.5717942 0.93 -0.4090002 1 1 1
v 0.5517941 0.93 -0.4490002 1 1 1
v 0.5417941 0.93 -0.4090002 1 1 1
v 0.2917941 0.93 -0.4490002 1 1 1
v 0.5417941 0.93 -0.3890002 1 1 1
v 0.3017941 0.93 -0.4090002 1 1 1
v 0.3017941 0.93 -0.3890002 1 1 1
v 0.2717941 0.93 -0.4090002 1 1 1
v 0.2717941 0.93 -0.4290002 1 1 1
v 0.2917941 0.91 -0.4490002 1 1 1
v 0.5517941 0.91 -0.4490002 1 1 1
v 0.5717942 0.91 -0.3890002 1 1 1
v 0.5717942 0.91 -0.4290002 1 1 1
v 0.2717941 0.91 -0.3890002 1 1 1
v 0.2717941 0.91 -0.4290002 1 1 1
v 0.2717941 0.93 -0.3890002 1 1 1
v 0.5717942 0.93 -0.3890002 1 1 1
v 0.5217941 1.05 -0.3889998 1 1 1
v 0.4317941 1.05 -0.3889998 1 1 1
v 0.5217941 1.05 -0.3689998 1 1 1
v 0.3217941 1.05 -0.3689998 1 1 1
v 0.4117941 1.05 -0.3889998 1 1 1
v 0.3217941 1.05 -0.3889998 1 1 1
v 0.3217941 0.95 -0.3889998 1 1 1
v 0.3217941 0.95 -0.3689998 1 1 1
v 0.5217941 0.95 -0.3889998 1 1 1
v 0.5217941 0.95 -0.3689998 1 1 1
v 0.4317941 0.95 -0.3889998 1 1 1
v 0.4117941 0.95 -0.3889998 1 1 1
v 0.3017941 1.07 -0.3889998 1 1 1
v 0.3017941 0.93 -0.3889998 1 1 1
v 0.5417941 0.93 -0.3889998 1 1 1
v 0.5417941 1.07 -0.3889998 1 1 1
v -0.8982061 0.67 -0.409 1 1 1
v -0.6582061 0.67 -0.409 1 1 1
v -0.8982061 0.67 -0.389 1 1 1
v -0.6582061 0.67 -0.389 1 1 1
v -0.9982061 0.4 0.01099998 1 1 1
v -0.9982061 0.4 -0.389 1 1 1
v -0.9782061 0.4 -0.409 1 1 1
v -0.8982061 0.53 -0.409 1 1 1
v -0.6582061 0.53 -0.409 1 1 1
v -0.9782061 0.45 -0.409 1 1 1
v -0.9982061 0.45 0.01099998 1 1 1
v -0.9982061 0.45 -0.389 1 1 1
v -0.6282061 0.53 -0.409 1 1 1
v -0.6282061 0.7 -0.409 1 1 1
v -0.9282061 0.7 -0.409 1 1 1
v -0.9282061 0.53 -0.409 1 1 1
v -0.9282063 0.53 -0.4290002 1 1 1
v -0.9282063 0.53 -0.4090002 1 1 1
v -0.9082063 0.53 -0.4490002 1 1 1
v -0.8982063 0.53 -0.4090002 1 1 1
v -0.6482063 0.53 -0.4490002 1 1 1
v -0.8982063 0.53 -0.3890002 1 1 1
v -0.6582063 0.53 -0.4090002 1 1 1
v -0.6582063 0.53 -0.3890002 1 1 1
v -0.6282063 0.53 -0.4090002 1 1 1
v -0.6282063 0.53 -0.4290002 1 1 1
v -0.6482063 0.51 -0.4490002 1 1 1
v -0.9082063 0.51 -0.4490002 1 1 1
v -0.9282063 0.51 -0.3890002 1 1 1
v -0.9282063 0.51 -0.4290002 1 1 1
v -0.6282063 0.51 -0.3890002 1 1 1
v -0.6282063 0.51 -0.4290002 1 1 1
v -0.6282063 0.53 -0.3890002 1 1 1
v -0.9282063 0.53 -0.3890002 1 1 1
v -0.8782063 0.65 -0.3889998 1 1 1
v -0.7882063 0.65 -0.3889998 1 1 1
v -0.8782063 0.65 -0.3689998 1 1 1
v -0.6782063 0.65 -0.3689998 1 1 1
v -0.7682063 0.65 -0.3889998 1 1 1
v -0.6782063 0.65 -0.3889998 1 1 1
v -0.6782063 0.55 -0.3889998 1 1 1
v -0.6782063 0.55 -0.3689998 1 1 1
v -0.8782063 0.55 -0.3889998 1 1 1
v -0.8782063 0.55 -0.3689998 1 1 1
v -0.7882063 0.55 -0.3889998 1 1 1
v -0.7682063 0.55 -0.3889998 1 1 1
v -0.6582063 0.67 -0.3889998 1 1 1
v -0.6582063 0.53 -0.3889998 1 1 1
v -0.8982063 0.53 -0.3889998 1 1 1
v -0.8982063 0.67 -0.3889998 1 1 1
v -0.928206 0.05 -0.409 1 1 1
v -0.978206 0.05 -0.409 1 1 1
v -0.998206 0.05 -0.389 1 1 1
v -0.928206 0.28 -0.409 1 1 1
v -0.908206 0.3 -0.409 1 1 1
v -0.5782061 0.3 -0.409 1 1 1
v -0.998206 0 -0.389 1 1 1
v -0.978206 0 -0.409 1 1 1
v -0.5782061 0 -0.389 1 1 1
v -0.2282061 0.05 -0.409 1 1 1
v -0.2282061 0.28 -0.409 1 1 1
v -0.248206 0.3 -0.409 1 1 1
v -0.1782061 5.639933E-18 0.01099998 1 1 1
v 0.271794 0.05 -0.409 1 1 1
v 0.271794 0.28 -0.409 1 1 1
v 0.2917939 0.3 -0.409 1 1 1
v 0.6217939 0.3 -0.409 1 1 1
v 0.2217939 5.639933E-18 0.01099998 1 1 1
v 0.6217939 0 0.01099998 1 1 1
v 0.6217939 0 -0.389 1 1 1
v 0.9717939 0.05 -0.409 1 1 1
v 1.021794 0.05 -0.409 1 1 1
v 1.041794 0.05 -0.389 1 1 1
v 0.9717939 0.28 -0.409 1 1 1
v 0.951794 0.3 -0.409 1 1 1
v 0.621794 0.3 -0.409 1 1 1
v 1.041794 0 -0.389 1 1 1
v 1.021794 0 -0.409 1 1 1
v 0.621794 0 -0.389 1 1 1
v 1.021794 0.32 -0.429 1 1 1
v 1.001794 0.3 -0.429 1 1 1
v 1.021794 0.32 -0.389 1 1 1
v 1.001794 0.3 -0.389 1 1 1
v 0.6217939 0.3 -0.429 1 1 1
v 1.001794 0.4 -0.429 1 1 1
v 1.001794 0.4 -0.389 1 1 1
v 0.6217939 0.4 -0.429 1 1 1
v 1.021794 0.38 -0.429 1 1 1
v 1.021794 0.38 -0.389 1 1 1
v -0.978206 0.32 -0.429 1 1 1
v -0.9582061 0.3 -0.429 1 1 1
v -0.978206 0.32 -0.389 1 1 1
v -0.9582061 0.3 -0.389 1 1 1
v -0.5782061 0.3 -0.429 1 1 1
v -0.9582061 0.4 -0.429 1 1 1
v -0.9582061 0.4 -0.389 1 1 1
v -0.5782061 0.4 -0.429 1 1 1
v -0.978206 0.38 -0.429 1 1 1
v -0.978206 0.38 -0.389 1 1 1
v -0.5782061 0.3 -0.3889998 1 1 1
v -0.5782061 0.3 -0.4289998 1 1 1
v -0.178206 0.3 -0.3889998 1 1 1
v -0.178206 0.3 -0.4289998 1 1 1
v -0.5782061 0.4 -0.4289998 1 1 1
v -0.5782061 0.4 -0.3889998 1 1 1
v -0.178206 0.4 -0.4289998 1 1 1
v -0.178206 0.4 -0.3889998 1 1 1
v -0.1782061 0.3 -0.3889998 1 1 1
v -0.1782061 0.3 -0.4289998 1 1 1
v 0.2217939 0.3 -0.3889998 1 1 1
v 0.2217939 0.3 -0.4289998 1 1 1
v -0.1782061 0.4 -0.4289998 1 1 1
v -0.1782061 0.4 -0.3889998 1 1 1
v 0.2217939 0.4 -0.4289998 1 1 1
v 0.2217939 0.4 -0.3889998 1 1 1
v 0.221794 0.3 -0.3889998 1 1 1
v 0.221794 0.3 -0.4289998 1 1 1
v 0.621794 0.3 -0.3889998 1 1 1
v 0.621794 0.3 -0.4289998 1 1 1
v 0.221794 0.4 -0.4289998 1 1 1
v 0.221794 0.4 -0.3889998 1 1 1
v 0.621794 0.4 -0.4289998 1 1 1
v 0.621794 0.4 -0.3889998 1 1 1
v -1.028934 0.05000001 0.3442721 1 1 1
v -1.016206 0.05000001 0.339 1 1 1
v -1.028934 1.164 0.3442721 1 1 1
v -1.016206 1.164 0.339 1 1 1
v -0.998206 1.164 0.357 1 1 1
v -0.998206 0.05000001 0.357 1 1 1
v -1.003478 1.164 0.3697279 1 1 1
v -1.003478 0.05000001 0.3697279 1 1 1
v -1.003478 0.05000001 0.3442721 1 1 1
v -1.003478 1.164 0.3442721 1 1 1
v -1.016206 0.05000001 0.375 1 1 1
v -1.016206 1.164 0.375 1 1 1
v -1.028934 0.05000001 0.3697279 1 1 1
v -1.028934 1.164 0.3697279 1 1 1
v -1.034206 0.05000001 0.357 1 1 1
v -1.034206 1.164 0.357 1 1 1
v -0.978206 1.164 0.375 1 1 1
v -0.978206 1.164 0.339 1 1 1
v -1.034206 1.164 0.375 1 1 1
v -1.034206 1.164 0.339 1 1 1
v -0.978206 1.2 0.339 1 1 1
v -0.978206 1.2 0.375 1 1 1
v -1.024206 1.2 0.339 1 1 1
v -1.024206 1.2 0.375 1 1 1
v -1.034206 1.19 0.375 1 1 1
v -1.034206 1.19 0.339 1 1 1
v -1.034299 0.7747845 0.3389066 1 1 1
v -1.034299 0.8032155 0.3389066 1 1 1
v -1.041794 0.7747845 0.357 1 1 1
v -1.041794 0.8032155 0.357 1 1 1
v -1.016206 0.7747845 0.3314121 1 1 1
v -1.016206 0.8032155 0.3314121 1 1 1
v -0.9906181 0.8032155 0.357 1 1 1
v -0.9906181 0.7747845 0.357 1 1 1
v -0.9981127 0.8032155 0.3750934 1 1 1
v -0.9981127 0.7747845 0.3750934 1 1 1
v -0.9981127 0.8032155 0.3389066 1 1 1
v -0.9981127 0.7747845 0.3389066 1 1 1
v -1.034299 0.7747845 0.3750934 1 1 1
v -1.034299 0.8032155 0.3750934 1 1 1
v -1.016206 0.7747845 0.3825879 1 1 1
v -1.016206 0.8032155 0.3825879 1 1 1
v -1.034299 1.078707 0.3389066 1 1 1
v -1.034299 1.107138 0.3389066 1 1 1
v -1.041794 1.078707 0.357 1 1 1
v -1.041794 1.107138 0.357 1 1 1
v -1.016206 1.078707 0.3314121 1 1 1
v -1.016206 1.107138 0.3314121 1 1 1
v -0.9906181 1.107138 0.357 1 1 1
v -0.9906181 1.078707 0.357 1 1 1
v -0.9981127 1.107138 0.3750934 1 1 1
v -0.9981127 1.078707 0.3750934 1 1 1
v -0.9981127 1.107138 0.3389066 1 1 1
v -0.9981127 1.078707 0.3389066 1 1 1
v -1.034299 1.078707 0.3750934 1 1 1
v -1.034299 1.107138 0.3750934 1 1 1
v -1.016206 1.078707 0.3825879 1 1 1
v -1.016206 1.107138 0.3825879 1 1 1
v -1.034299 0.470862 0.3389066 1 1 1
v -1.034299 0.499293 0.3389066 1 1 1
v -1.041794 0.470862 0.357 1 1 1
v -1.041794 0.499293 0.357 1 1 1
v -1.016206 0.470862 0.3314121 1 1 1
v -1.016206 0.499293 0.3314121 1 1 1
v -0.9906181 0.499293 0.357 1 1 1
v -0.9906181 0.470862 0.357 1 1 1
v -0.9981127 0.499293 0.3750934 1 1 1
v -0.9981127 0.470862 0.3750934 1 1 1
v -0.9981127 0.499293 0.3389066 1 1 1
v -0.9981127 0.470862 0.3389066 1 1 1
v -1.034299 0.470862 0.3750934 1 1 1
v -1.034299 0.499293 0.3750934 1 1 1
v -1.016206 0.470862 0.3825879 1 1 1
v -1.016206 0.499293 0.3825879 1 1 1
v -1.034299 0.1669395 0.3389066 1 1 1
v -1.034299 0.1953705 0.3389066 1 1 1
v -1.041794 0.1669395 0.357 1 1 1
v -1.041794 0.1953705 0.357 1 1 1
v -1.016206 0.1669395 0.3314121 1 1 1
v -1.016206 0.1953705 0.3314121 1 1 1
v -0.9906181 0.1953705 0.357 1 1 1
v -0.9906181 0.1669395 0.357 1 1 1
v -0.9981127 0.1953705 0.3750934 1 1 1
v -0.9981127 0.1669395 0.3750934 1 1 1
v -0.9981127 0.1953705 0.3389066 1 1 1
v -0.9981127 0.1669395 0.3389066 1 1 1
v -1.034299 0.1669395 0.3750934 1 1 1
v -1.034299 0.1953705 0.3750934 1 1 1
v -1.016206 0.1669395 0.3825879 1 1 1
v -1.016206 0.1953705 0.3825879 1 1 1
v -0.5782056 0.02 -0.3689996 1 1 1
v -0.8782057 0.02 -0.3689996 1 1 1
v -0.5782056 0.06 -0.3689996 1 1 1
v -0.8782057 0.06 -0.3689996 1 1 1
v -0.5782065 0.02 -0.3689996 1 1 1
v -0.2782065 0.02 -0.3689996 1 1 1
v -0.5782065 0.06 -0.3689996 1 1 1
v -0.2782065 0.06 -0.3689996 1 1 1
v 0.6217943 0.02 -0.3689996 1 1 1
v 0.3217944 0.02 -0.3689996 1 1 1
v 0.6217943 0.06 -0.3689996 1 1 1
v 0.3217944 0.06 -0.3689996 1 1 1
v 0.6217935 0.02 -0.3689996 1 1 1
v 0.9217936 0.02 -0.3689996 1 1 1
v 0.6217935 0.06 -0.3689996 1 1 1
v 0.9217936 0.06 -0.3689996 1 1 1
v 0.6217939 0.3 -0.451 1 1 1
v 1.001794 0.3 -0.451 1 1 1
v 0.6217939 0.4 -0.451 1 1 1
v 1.021794 0.32 -0.451 1 1 1
v 1.021794 0.38 -0.451 1 1 1
v 1.001794 0.4 -0.451 1 1 1
v 1.021794 0.32 -0.429 1 1 1
v 1.001794 0.3 -0.429 1 1 1
v 1.001794 0.4 -0.429 1 1 1
v 1.021794 0.38 -0.429 1 1 1
v 0.6217939 0.4 -0.429 1 1 1
v 0.6217939 0.3 -0.429 1 1 1
v -0.5782061 0.3 -0.451 1 1 1
v -0.9582061 0.3 -0.451 1 1 1
v -0.5782061 0.4 -0.451 1 1 1
v -0.978206 0.32 -0.451 1 1 1
v -0.978206 0.38 -0.451 1 1 1
v -0.9582061 0.4 -0.451 1 1 1
v -0.978206 0.32 -0.429 1 1 1
v -0.9582061 0.3 -0.429 1 1 1
v -0.9582061 0.4 -0.429 1 1 1
v -0.978206 0.38 -0.429 1 1 1
v -0.5782061 0.4 -0.429 1 1 1
v -0.5782061 0.3 -0.429 1 1 1
v -0.178206 0.4 -0.451 1 1 1
v -0.178206 0.4 -0.429 1 1 1
v -0.178206 0.3 -0.429 1 1 1
v -0.178206 0.3 -0.451 1 1 1
v -0.1782061 0.4 -0.451 1 1 1
v -0.1782061 0.4 -0.429 1 1 1
v 0.2217939 0.4 -0.451 1 1 1
v 0.2217939 0.4 -0.429 1 1 1
v -0.1782061 0.3 -0.429 1 1 1
v -0.1782061 0.3 -0.451 1 1 1
v 0.2217939 0.3 -0.429 1 1 1
v 0.2217939 0.3 -0.451 1 1 1
v 0.221794 0.4 -0.451 1 1 1
v 0.221794 0.4 -0.429 1 1 1
v 0.621794 0.4 -0.451 1 1 1
v 0.621794 0.4 -0.429 1 1 1
v 0.221794 0.3 -0.429 1 1 1
v 0.221794 0.3 -0.451 1 1 1
v 0.621794 0.3 -0.429 1 1 1
v 0.621794 0.3 -0.451 1 1 1
v -0.5782058 0.06 -0.3689998 1 1 1
v -0.5782063 0.06 -0.3689998 1 1 1
v 0.6217942 0.06 -0.3689998 1 1 1
v 0.6217937 0.06 -0.3689998 1 1 1
vn 0 0 1
vn 2.107344E-08 0 1
vn 1 0 -2.107344E-08
vn 0 0 -1
vn 1 0 0
vn -1 0 2.107344E-08
vn -1 0 0
vn 0 -1 0
vn 0 1 0
vn 8.537615E-14 0 1
vn -1 0 8.537615E-14
vn -1.192093E-07 0 1
vn 1 0 -8.537615E-14
vn 0.7071068 -0.7071068 0
vn 0.7071068 0.7071068 0
vn -0.7071068 -0.7071068 0
vn -0.7071068 0.7071068 0
vn 1 0 -1.192093E-07
vn 1.192093E-07 0 1
vn -1 0 1.192093E-07
vn -1.192093E-07 0 -1
vn -0.9238796 0 0.3826836
vn -0.3826834 0 0.9238797
vn 1.701972E-13 0 -1
vn 1 0 1.701972E-13
vn -1.701972E-13 0 1
vn -1 0 -1.701972E-13
vn 0.3826834 0 0.9238795
vn 0.9238795 0 0.3826834
vn 1.192093E-07 0 -1
vn -0.3826834 0 -0.9238795
vn -0.9238795 0 -0.3826834
vn -1 0 -1.192093E-07
vn 1 0 1.192093E-07
vn 0.9238797 0 -0.3826834
vn 0.3826836 0 -0.9238796
vn -0.9238795 0 0.3826834
vn 0.3826834 0 -0.9238795
vn -0.3826834 0 0.9238795
vn 0.9238795 0 -0.3826834
vn 0.8944272 -0.4472136 0
vn 0.6324555 -0.4472136 0.6324555
vn 0.7071068 0 0.7071068
vn -0.8944272 -0.4472136 0
vn -0.6324555 -0.4472136 0.6324555
vn -0.7071068 0 0.7071068
vn 0.7071068 0 -0.7071068
vn 0.6324555 -0.4472136 -0.6324555
vn 0 -0.4472136 0.8944272
vn 0 -0.4472136 -0.8944272
vn -0.6324555 -0.4472136 -0.6324555
vn -0.7071068 0 -0.7071068
vn 0.8944272 0.4472136 0
vn 0.6324555 0.4472136 0.6324555
vn -0.6324555 0.4472136 -0.6324555
vn 0 0.4472136 -0.8944272
vn 0.6324555 0.4472136 -0.6324555
vn 0 0.4472136 0.8944272
vn -0.6324555 0.4472136 0.6324555
vn -0.8944272 0.4472136 0
vn 0 0.7724926 0.6350237
vn -0.4490295 0.7724926 0.4490295
vn 0.4490295 0.7724926 -0.4490295
vn 0 0.7724926 -0.6350237
vn 0.6350237 0.7724926 0
vn 0.4490295 0.7724926 0.4490295
vn -0.6350237 0.7724926 0
vn -0.4490295 0.7724926 -0.4490295
vn -0.7071068 -0.7071068 1.490117E-08
vn 0.7071068 -0.7071068 -1.490117E-08
vn 0.9238795 0.3826834 -1.946932E-08
vn 0.3826835 0 0.9238795
vn 0.9238795 0 0.3826834
vn -0.3826834 0.9238795 8.064458E-09
vn 0.3826834 0.9238795 -8.064458E-09
vn -0.9238795 0.3826834 1.946932E-08
vn -0.3826834 0 0.9238795
vn -0.9238795 0 0.3826835
vn 0.7071068 0.7071068 -1.490117E-08
vn -0.7071068 0.7071068 1.490117E-08
vn -0.9238795 0.3826834 0
vn 0.9238795 0.3826834 0
vn 0.3826834 0.9238795 0
vn -0.3826834 0.9238795 0
vn 0.9238795 -0.3826834 0
vn 0.3826834 -0.9238795 0
vn -0.9238795 -0.3826834 0
vn -0.3826834 -0.9238795 0
vn -0.3662924 0.9304998 0
vn -0.9179972 0.3965869 0
vt 0.46875 0.275
vt 0.46875 0.475
vt 0.46875 0.32
vt 0.46875 0.3
vt 0.46875 0.415
vt 0.46875 0.425
vt 0.46875 0.34
vt 0.46875 0.2809259
vt 0.46875 0.3490741
vt 0.21875 0.275
vt 0.21875 0.475
vt 0.21875 0.3
vt 0.21875 0.415
vt 0.21875 0.425
vt 0.21875 0.3490741
vt 0.21875 0.2809259
vt 0.21875 0.355
vt 0.21875 0.41
vt 0.21875 0.2927778
vt 0.09375 0.275
vt 0.09375 0.475
vt 0.09375 0.35
vt 0.09375 0.3
vt 0.09375 0.4242473
vt 0.09375 0.4496236
vt 0.09375 0.395
vt 0.09375 0.4067158
vt 0.09375 0.435
vt 0.09375 0.4632843
vt 0.09375 0.325
vt 0.09375 0.425
vt 0.09375 0.3460526
vt 0.09375 0.32
vt 0.09375 0.41
vt 0.09375 0.415
vt 0.09375 0.3461111
vt 0.09375 0.2838889
vt 0.09375 0.3105555
vt 0.09375 0.3194444
vt 0.09375 0.355
vt 0.09375 0.34
vt 0.09375 0.3435714
vt 0.09375 0.2864286
vt 0.09375 0.315
vt 0.09375 0.3972222
vt 0.21875 0.645
vt 0.21875 0.6567158
vt 0.21875 0.685
vt 0.21875 0.7132843
vt 0.21875 0.725
vt 0.21875 0.525
vt 0.21875 0.661
vt 0.21875 0.709
vt 0.71875 0.5338889
vt 0.71875 0.5961111
vt 0.71875 0.5364286
vt 0.71875 0.5935714
vt 0.71875 0.5309259
vt 0.71875 0.5990741
vt 0.71875 0.5427778
vt -1.57641200 2.02000000
vt -1.75641200 1.89999980
vt -1.57641200 1.89999980
vt -1.75641200 1.89999980
vt -1.57641200 2.02000000
vt -1.75641200 2.02000000
vt 1.44358780 1.78000000
vt 1.78358800 1.78000000
vt 1.50358800 1.78000000
vt 1.44358780 1.78000000
vt 1.84358780 1.78000000
vt 1.78358800 1.78000000
vt 1.44358780 1.78000000
vt 1.24358800 1.70000000
vt 1.84358780 1.78000000
vt 2.04358800 1.70000000
vt 1.84358780 1.78000000
vt 1.24358800 1.70000000
vt 1.24358800 1.70000000
vt 1.44358780 1.78000000
vt 1.24358800 2.40000000
vt 1.84358780 1.78000000
vt 2.04358800 1.70000000
vt 2.04358800 2.40000000
vt 1.24358800 2.40000000
vt 1.44358780 1.78000000
vt 1.44358780 2.16000000
vt 1.84358780 1.78000000
vt 2.04358800 2.40000000
vt 1.84358780 2.16000000
vt 1.24358800 2.40000000
vt 1.44358780 2.16000000
vt 1.44358780 2.20000000
vt 1.24358800 2.40000000
vt 1.44358780 2.20000000
vt 2.04358800 2.40000000
vt 1.44358780 2.20000000
vt 1.44358780 2.16000000
vt 1.48358800 2.20000000
vt 1.48358800 2.20000000
vt 2.04358800 2.40000000
vt 1.44358780 2.20000000
vt 1.80358800 2.20000000
vt 2.04358800 2.40000000
vt 1.48358800 2.20000000
vt 1.84358780 2.16000000
vt 2.04358800 2.40000000
vt 1.84358780 2.20000000
vt 1.84358780 2.20000000
vt 2.04358800 2.40000000
vt 1.80358800 2.20000000
vt 1.80358800 2.20000000
vt 1.84358780 2.16000000
vt 1.84358780 2.20000000
vt 0.02199998 1.70000000
vt 0.82200000 2.40000000
vt 0.82200000 1.70000000
vt 0.82200000 2.40000000
vt 0.02199998 1.70000000
vt 0.02199998 2.40000000
vt 1.94358780 1.06000000
vt 1.40358800 1.06000000
vt 1.88358800 1.06000000
vt 1.94358780 1.06000000
vt 1.34358780 1.06000000
vt 1.40358800 1.06000000
vt 1.94358780 1.06000000
vt 2.04358800 0.90000000
vt 1.34358780 1.06000000
vt 1.24358800 0.90000000
vt 1.34358780 1.06000000
vt 2.04358800 0.90000000
vt 2.04358800 0.90000000
vt 1.94358780 1.06000000
vt 2.04358800 1.60000000
vt 2.04358800 1.60000000
vt 1.94358780 1.06000000
vt 1.94358780 1.40000000
vt 1.34358780 1.06000000
vt 1.24358800 0.90000000
vt 1.24358800 1.60000000
vt 2.04358800 1.60000000
vt 1.94358780 1.40000000
vt 1.24358800 1.60000000
vt 1.34358780 1.06000000
vt 1.24358800 1.60000000
vt 1.34358780 1.40000000
vt 1.34358780 1.40000000
vt 1.24358800 1.60000000
vt 1.94358780 1.40000000
vt 0.02199996 1.60000000
vt -0.77800000 0.90000000
vt -0.77800000 1.60000000
vt -0.77800000 0.90000000
vt 0.02199996 1.60000000
vt 0.02199996 0.90000000
vt 0.34358800 1.86000000
vt -0.19641208 1.86000000
vt 0.28358800 1.86000000
vt 0.34358800 1.86000000
vt -0.25641200 1.86000000
vt -0.19641208 1.86000000
vt 0.34358800 1.86000000
vt 0.44358780 1.70000000
vt -0.25641200 1.86000000
vt -0.35641220 1.70000000
vt -0.25641200 1.86000000
vt 0.44358780 1.70000000
vt 0.44358780 1.70000000
vt 0.34358800 1.86000000
vt 0.44358780 2.40000000
vt 0.44358780 2.40000000
vt 0.34358800 1.86000000
vt 0.34358800 2.20000000
vt -0.25641200 1.86000000
vt -0.35641220 1.70000000
vt -0.35641220 2.40000000
vt 0.44358780 2.40000000
vt 0.34358800 2.20000000
vt -0.35641220 2.40000000
vt -0.25641200 1.86000000
vt -0.35641220 2.40000000
vt -0.25641200 2.20000000
vt -0.25641200 2.20000000
vt -0.35641220 2.40000000
vt 0.34358800 2.20000000
vt 0.34358800 1.06000000
vt -0.19641208 1.06000000
vt 0.28358800 1.06000000
vt 0.34358800 1.06000000
vt -0.25641200 1.06000000
vt -0.19641208 1.06000000
vt 0.34358800 1.06000000
vt 0.44358780 0.90000000
vt -0.25641200 1.06000000
vt -0.35641220 0.90000000
vt -0.25641200 1.06000000
vt 0.44358780 0.90000000
vt 0.44358780 0.90000000
vt 0.34358800 1.06000000
vt 0.44358780 1.60000000
vt 0.44358780 1.60000000
vt 0.34358800 1.06000000
vt 0.34358800 1.40000000
vt -0.25641200 1.06000000
vt -0.35641220 0.90000000
vt -0.35641220 1.60000000
vt 0.44358780 1.60000000
vt 0.34358800 1.40000000
vt -0.35641220 1.60000000
vt -0.25641200 1.06000000
vt -0.35641220 1.60000000
vt -0.25641200 1.40000000
vt -0.25641200 1.40000000
vt -0.35641220 1.60000000
vt 0.34358800 1.40000000
vt -0.15641208 1.78000000
vt 0.18358790 1.78000000
vt -0.09641210 1.78000000
vt -0.15641208 1.78000000
vt 0.24358780 1.78000000
vt 0.18358790 1.78000000
vt -0.15641208 1.78000000
vt -0.35641200 1.70000000
vt 0.24358780 1.78000000
vt 0.44358780 1.70000000
vt 0.24358780 1.78000000
vt -0.35641200 1.70000000
vt -0.35641200 1.70000000
vt -0.15641208 1.78000000
vt -0.35641200 2.40000000
vt 0.24358780 1.78000000
vt 0.44358780 1.70000000
vt 0.44358780 2.40000000
vt -0.35641200 2.40000000
vt -0.15641208 1.78000000
vt -0.15641208 2.16000000
vt 0.24358780 1.78000000
vt 0.44358780 2.40000000
vt 0.24358780 2.16000000
vt -0.35641200 2.40000000
vt -0.15641208 2.16000000
vt -0.15641208 2.20000000
vt -0.35641200 2.40000000
vt -0.15641208 2.20000000
vt 0.44358780 2.40000000
vt -0.15641208 2.20000000
vt -0.15641208 2.16000000
vt -0.11641208 2.20000000
vt -0.11641208 2.20000000
vt 0.44358780 2.40000000
vt -0.15641208 2.20000000
vt 0.20358800 2.20000000
vt 0.44358780 2.40000000
vt -0.11641208 2.20000000
vt 0.24358780 2.16000000
vt 0.44358780 2.40000000
vt 0.24358780 2.20000000
vt 0.24358780 2.20000000
vt 0.44358780 2.40000000
vt 0.20358800 2.20000000
vt 0.20358800 2.20000000
vt 0.24358780 2.16000000
vt 0.24358780 2.20000000
vt -0.45641220 1.06000000
vt -0.99641200 1.06000000
vt -0.51641220 1.06000000
vt -0.45641220 1.06000000
vt -1.05641220 1.06000000
vt -0.99641200 1.06000000
vt -0.45641220 1.06000000
vt -0.35641220 0.90000000
vt -1.05641220 1.06000000
vt -1.15641220 0.90000000
vt -1.05641220 1.06000000
vt -0.35641220 0.90000000
vt -0.35641220 0.90000000
vt -0.45641220 1.06000000
vt -0.35641220 1.60000000
vt -0.35641220 1.60000000
vt -0.45641220 1.06000000
vt -0.45641220 1.40000000
vt -1.05641220 1.06000000
vt -1.15641220 0.90000000
vt -1.15641220 1.60000000
vt -0.35641220 1.60000000
vt -0.45641220 1.40000000
vt -1.15641220 1.60000000
vt -1.05641220 1.06000000
vt -1.15641220 1.60000000
vt -1.05641220 1.40000000
vt -1.05641220 1.40000000
vt -1.15641220 1.60000000
vt -0.45641220 1.40000000
vt -0.45641220 1.86000000
vt -0.99641200 1.86000000
vt -0.51641220 1.86000000
vt -0.45641220 1.86000000
vt -1.05641220 1.86000000
vt -0.99641200 1.86000000
vt -0.45641220 1.86000000
vt -0.35641220 1.70000000
vt -1.05641220 1.86000000
vt -1.15641220 1.70000000
vt -1.05641220 1.86000000
vt -0.35641220 1.70000000
vt -0.35641220 1.70000000
vt -0.45641220 1.86000000
vt -0.35641220 2.40000000
vt -0.35641220 2.40000000
vt -0.45641220 1.86000000
vt -0.45641220 2.20000000
vt -1.05641220 1.86000000
vt -1.15641220 1.70000000
vt -1.15641220 2.40000000
vt -0.35641220 2.40000000
vt -0.45641220 2.20000000
vt -1.15641220 2.40000000
vt -1.05641220 1.86000000
vt -1.15641220 2.40000000
vt -1.05641220 2.20000000
vt -1.05641220 2.20000000
vt -1.15641220 2.40000000
vt -0.45641220 2.20000000
vt 1.44358780 0.98000000
vt 1.78358800 0.98000000
vt 1.50358800 0.98000000
vt 1.44358780 0.98000000
vt 1.84358780 0.98000000
vt 1.78358800 0.98000000
vt 1.44358780 0.98000000
vt 1.24358800 0.90000000
vt 1.84358780 0.98000000
vt 2.04358800 0.90000000
vt 1.84358780 0.98000000
vt 1.24358800 0.90000000
vt 1.24358800 0.90000000
vt 1.44358780 0.98000000
vt 1.24358800 1.60000000
vt 1.84358780 0.98000000
vt 2.04358800 0.90000000
vt 2.04358800 1.60000000
vt 1.24358800 1.60000000
vt 1.44358780 0.98000000
vt 1.44358780 1.36000000
vt 1.84358780 0.98000000
vt 2.04358800 1.60000000
vt 1.84358780 1.36000000
vt 1.24358800 1.60000000
vt 1.44358780 1.36000000
vt 1.44358780 1.40000000
vt 1.24358800 1.60000000
vt 1.44358780 1.40000000
vt 2.04358800 1.60000000
vt 1.44358780 1.40000000
vt 1.44358780 1.36000000
vt 1.48358800 1.40000000
vt 1.48358800 1.40000000
vt 2.04358800 1.60000000
vt 1.44358780 1.40000000
vt 1.80358800 1.40000000
vt 2.04358800 1.60000000
vt 1.48358800 1.40000000
vt 1.84358780 1.36000000
vt 2.04358800 1.60000000
vt 1.84358780 1.40000000
vt 1.84358780 1.40000000
vt 2.04358800 1.60000000
vt 1.80358800 1.40000000
vt 1.80358800 1.40000000
vt 1.84358780 1.36000000
vt 1.84358780 1.40000000
vt 0.02199998 0.90000000
vt 0.82200000 1.60000000
vt 0.82200000 0.90000000
vt 0.82200000 1.60000000
vt 0.02199998 0.90000000
vt 0.02199998 1.60000000
vt 0.64358780 1.78000000
vt 0.98358780 1.78000000
vt 0.70358780 1.78000000
vt 0.64358780 1.78000000
vt 1.04358780 1.78000000
vt 0.98358780 1.78000000
vt 0.64358780 1.78000000
vt 0.44358780 1.70000000
vt 1.04358780 1.78000000
vt 1.24358780 1.70000000
vt 1.04358780 1.78000000
vt 0.44358780 1.70000000
vt 0.44358780 1.70000000
vt 0.64358780 1.78000000
vt 0.44358780 2.40000000
vt 1.04358780 1.78000000
vt 1.24358780 1.70000000
vt 1.24358780 2.40000000
vt 0.44358780 2.40000000
vt 0.64358780 1.78000000
vt 0.64358780 2.16000000
vt 1.04358780 1.78000000
vt 1.24358780 2.40000000
vt 1.04358780 2.16000000
vt 0.44358780 2.40000000
vt 0.64358780 2.16000000
vt 0.64358780 2.20000000
vt 0.44358780 2.40000000
vt 0.64358780 2.20000000
vt 1.24358780 2.40000000
vt 0.64358780 2.20000000
vt 0.64358780 2.16000000
vt 0.68358780 2.20000000
vt 0.68358780 2.20000000
vt 1.24358780 2.40000000
vt 0.64358780 2.20000000
vt 1.00358780 2.20000000
vt 1.24358780 2.40000000
vt 0.68358780 2.20000000
vt 1.04358780 2.16000000
vt 1.24358780 2.40000000
vt 1.04358780 2.20000000
vt 1.04358780 2.20000000
vt 1.24358780 2.40000000
vt 1.00358780 2.20000000
vt 1.00358780 2.20000000
vt 1.04358780 2.16000000
vt 1.04358780 2.20000000
vt 0.02199998 1.60000000
vt 0.02199998 0.90000000
vt 0.82200000 1.60000000
vt 0.82200000 0.90000000
vt 0.82200000 1.60000000
vt 0.02199998 0.90000000
vt -1.75641200 1.40000000
vt -1.75641200 1.36000000
vt -1.71641200 1.40000000
vt -1.71641200 1.40000000
vt -1.95641200 1.60000000
vt -1.75641200 1.40000000
vt -1.75641200 1.40000000
vt -1.95641200 1.60000000
vt -1.75641200 1.36000000
vt -1.39641220 1.40000000
vt -1.95641200 1.60000000
vt -1.71641200 1.40000000
vt -1.35641200 1.40000000
vt -1.95641200 1.60000000
vt -1.39641220 1.40000000
vt -1.39641220 1.40000000
vt -1.35641200 1.36000000
vt -1.35641200 1.40000000
vt -1.95641200 1.60000000
vt -1.35641200 1.40000000
vt -1.15641220 1.60000000
vt -1.35641200 1.40000000
vt -1.35641200 1.36000000
vt -1.15641220 1.60000000
vt -1.75641200 1.36000000
vt -1.95641200 1.60000000
vt -1.75641200 0.98000000
vt -1.35641200 1.36000000
vt -1.35641200 0.98000000
vt -1.15641220 1.60000000
vt -1.95641200 1.60000000
vt -1.95641200 0.90000000
vt -1.75641200 0.98000000
vt -1.15641220 1.60000000
vt -1.35641200 0.98000000
vt -1.15641220 0.90000000
vt -1.15641220 0.90000000
vt -1.75641200 0.98000000
vt -1.95641200 0.90000000
vt -1.75641200 0.98000000
vt -1.15641220 0.90000000
vt -1.35641200 0.98000000
vt -1.69641200 0.98000000
vt -1.75641200 0.98000000
vt -1.35641200 0.98000000
vt -1.41641220 0.98000000
vt -1.69641200 0.98000000
vt -1.35641200 0.98000000
vt -0.95641200 1.78000000
vt -0.61641200 1.78000000
vt -0.89641200 1.78000000
vt -0.95641200 1.78000000
vt -0.55641200 1.78000000
vt -0.61641200 1.78000000
vt -0.95641200 1.78000000
vt -1.15641200 1.70000000
vt -0.55641200 1.78000000
vt -0.35641200 1.70000000
vt -0.55641200 1.78000000
vt -1.15641200 1.70000000
vt -1.15641200 1.70000000
vt -0.95641200 1.78000000
vt -1.15641200 2.40000000
vt -0.55641200 1.78000000
vt -0.35641200 1.70000000
vt -0.35641200 2.40000000
vt -1.15641200 2.40000000
vt -0.95641200 1.78000000
vt -0.95641200 2.16000000
vt -0.55641200 1.78000000
vt -0.35641200 2.40000000
vt -0.55641200 2.16000000
vt -1.15641200 2.40000000
vt -0.95641200 2.16000000
vt -0.95641200 2.20000000
vt -1.15641200 2.40000000
vt -0.95641200 2.20000000
vt -0.35641200 2.40000000
vt -0.95641200 2.20000000
vt -0.95641200 2.16000000
vt -0.91641200 2.20000000
vt -0.91641200 2.20000000
vt -0.35641200 2.40000000
vt -0.95641200 2.20000000
vt -0.59641200 2.20000000
vt -0.35641200 2.40000000
vt -0.91641200 2.20000000
vt -0.55641200 2.16000000
vt -0.35641200 2.40000000
vt -0.55641200 2.20000000
vt -0.55641200 2.20000000
vt -0.35641200 2.40000000
vt -0.59641200 2.20000000
vt -0.59641200 2.20000000
vt -0.55641200 2.16000000
vt -0.55641200 2.20000000
vt 0.02199998 2.40000000
vt 0.02199998 1.70000000
vt 0.82200000 2.40000000
vt 0.82200000 1.70000000
vt 0.82200000 2.40000000
vt 0.02199998 1.70000000
vt -1.75641200 2.20000000
vt -1.75641200 2.16000000
vt -1.71641200 2.20000000
vt -1.71641200 2.20000000
vt -1.95641200 2.40000000
vt -1.75641200 2.20000000
vt -1.75641200 2.20000000
vt -1.95641200 2.40000000
vt -1.75641200 2.16000000
vt -1.39641220 2.20000000
vt -1.95641200 2.40000000
vt -1.71641200 2.20000000
vt -1.35641200 2.20000000
vt -1.95641200 2.40000000
vt -1.39641220 2.20000000
vt -1.39641220 2.20000000
vt -1.35641200 2.16000000
vt -1.35641200 2.20000000
vt -1.95641200 2.40000000
vt -1.35641200 2.20000000
vt -1.15641220 2.40000000
vt -1.35641200 2.20000000
vt -1.35641200 2.16000000
vt -1.15641220 2.40000000
vt -1.75641200 2.16000000
vt -1.95641200 2.40000000
vt -1.75641200 1.78000000
vt -1.35641200 2.16000000
vt -1.35641200 1.78000000
vt -1.15641220 2.40000000
vt -1.95641200 2.40000000
vt -1.95641200 1.70000000
vt -1.75641200 1.78000000
vt -1.15641220 2.40000000
vt -1.35641200 1.78000000
vt -1.15641220 1.70000000
vt -1.15641220 1.70000000
vt -1.75641200 1.78000000
vt -1.95641200 1.70000000
vt -1.75641200 1.78000000
vt -1.15641220 1.70000000
vt -1.35641200 1.78000000
vt -1.69641200 1.78000000
vt -1.75641200 1.78000000
vt -1.35641200 1.78000000
vt -1.41641220 1.78000000
vt -1.69641200 1.78000000
vt -1.35641200 1.78000000
vt 0.06358836 0.50000000
vt 0.02358836 0.04000000
vt 0.06358836 0.04000000
vt 0.02358836 0.04000000
vt 0.06358836 0.50000000
vt 0.02358836 0.50000000
vt -0.15641208 0.98000000
vt 0.18358790 0.98000000
vt -0.09641210 0.98000000
vt -0.15641208 0.98000000
vt 0.24358780 0.98000000
vt 0.18358790 0.98000000
vt -0.15641208 0.98000000
vt -0.35641200 0.90000000
vt 0.24358780 0.98000000
vt 0.44358780 0.90000000
vt 0.24358780 0.98000000
vt -0.35641200 0.90000000
vt -0.35641200 0.90000000
vt -0.15641208 0.98000000
vt -0.35641200 1.60000000
vt 0.24358780 0.98000000
vt 0.44358780 0.90000000
vt 0.44358780 1.60000000
vt -0.35641200 1.60000000
vt -0.15641208 0.98000000
vt -0.15641208 1.36000000
vt 0.24358780 0.98000000
vt 0.44358780 1.60000000
vt 0.24358780 1.36000000
vt -0.35641200 1.60000000
vt -0.15641208 1.36000000
vt -0.15641208 1.40000000
vt -0.35641200 1.60000000
vt -0.15641208 1.40000000
vt 0.44358780 1.60000000
vt -0.15641208 1.40000000
vt -0.15641208 1.36000000
vt -0.11641208 1.40000000
vt -0.11641208 1.40000000
vt 0.44358780 1.60000000
vt -0.15641208 1.40000000
vt 0.20358800 1.40000000
vt 0.44358780 1.60000000
vt -0.11641208 1.40000000
vt 0.24358780 1.36000000
vt 0.44358780 1.60000000
vt 0.24358780 1.40000000
vt 0.24358780 1.40000000
vt 0.44358780 1.60000000
vt 0.20358800 1.40000000
vt 0.20358800 1.40000000
vt 0.24358780 1.36000000
vt 0.24358780 1.40000000
vt 0.64358780 0.98000000
vt 0.98358780 0.98000000
vt 0.70358780 0.98000000
vt 0.64358780 0.98000000
vt 1.04358780 0.98000000
vt 0.98358780 0.98000000
vt 0.64358780 0.98000000
vt 0.44358780 0.90000000
vt 1.04358780 0.98000000
vt 1.24358780 0.90000000
vt 1.04358780 0.98000000
vt 0.44358780 0.90000000
vt 0.44358780 0.90000000
vt 0.64358780 0.98000000
vt 0.44358780 1.60000000
vt 1.04358780 0.98000000
vt 1.24358780 0.90000000
vt 1.24358780 1.60000000
vt 0.44358780 1.60000000
vt 0.64358780 0.98000000
vt 0.64358780 1.36000000
vt 1.04358780 0.98000000
vt 1.24358780 1.60000000
vt 1.04358780 1.36000000
vt 0.44358780 1.60000000
vt 0.64358780 1.36000000
vt 0.64358780 1.40000000
vt 0.44358780 1.60000000
vt 0.64358780 1.40000000
vt 1.24358780 1.60000000
vt 0.64358780 1.40000000
vt 0.64358780 1.36000000
vt 0.68358780 1.40000000
vt 0.68358780 1.40000000
vt 1.24358780 1.60000000
vt 0.64358780 1.40000000
vt 1.00358780 1.40000000
vt 1.24358780 1.60000000
vt 0.68358780 1.40000000
vt 1.04358780 1.36000000
vt 1.24358780 1.60000000
vt 1.04358780 1.40000000
vt 1.04358780 1.40000000
vt 1.24358780 1.60000000
vt 1.00358780 1.40000000
vt 1.00358780 1.40000000
vt 1.04358780 1.36000000
vt 1.04358780 1.40000000
vt -0.95641200 0.98000000
vt -0.61641200 0.98000000
vt -0.89641200 0.98000000
vt -0.95641200 0.98000000
vt -0.55641200 0.98000000
vt -0.61641200 0.98000000
vt -0.95641200 0.98000000
vt -1.15641200 0.90000000
vt -0.55641200 0.98000000
vt -0.35641200 0.90000000
vt -0.55641200 0.98000000
vt -1.15641200 0.90000000
vt -1.15641200 0.90000000
vt -0.95641200 0.98000000
vt -1.15641200 1.60000000
vt -0.55641200 0.98000000
vt -0.35641200 0.90000000
vt -0.35641200 1.60000000
vt -1.15641200 1.60000000
vt -0.95641200 0.98000000
vt -0.95641200 1.36000000
vt -0.55641200 0.98000000
vt -0.35641200 1.60000000
vt -0.55641200 1.36000000
vt -1.15641200 1.60000000
vt -0.95641200 1.36000000
vt -0.95641200 1.40000000
vt -1.15641200 1.60000000
vt -0.95641200 1.40000000
vt -0.35641200 1.60000000
vt -0.95641200 1.40000000
vt -0.95641200 1.36000000
vt -0.91641200 1.40000000
vt -0.91641200 1.40000000
vt -0.35641200 1.60000000
vt -0.95641200 1.40000000
vt -0.59641200 1.40000000
vt -0.35641200 1.60000000
vt -0.91641200 1.40000000
vt -0.55641200 1.36000000
vt -0.35641200 1.60000000
vt -0.55641200 1.40000000
vt -0.55641200 1.40000000
vt -0.35641200 1.60000000
vt -0.59641200 1.40000000
vt -0.59641200 1.40000000
vt -0.55641200 1.36000000
vt -0.55641200 1.40000000
vt 1.94358780 1.86000000
vt 1.40358800 1.86000000
vt 1.88358800 1.86000000
vt 1.94358780 1.86000000
vt 1.34358780 1.86000000
vt 1.40358800 1.86000000
vt 1.94358780 1.86000000
vt 2.04358800 1.70000000
vt 1.34358780 1.86000000
vt 1.24358800 1.70000000
vt 1.34358780 1.86000000
vt 2.04358800 1.70000000
vt 2.04358800 1.70000000
vt 1.94358780 1.86000000
vt 2.04358800 2.40000000
vt 2.04358800 2.40000000
vt 1.94358780 1.86000000
vt 1.94358780 2.20000000
vt 1.34358780 1.86000000
vt 1.24358800 1.70000000
vt 1.24358800 2.40000000
vt 2.04358800 2.40000000
vt 1.94358780 2.20000000
vt 1.24358800 2.40000000
vt 1.34358780 1.86000000
vt 1.24358800 2.40000000
vt 1.34358780 2.20000000
vt 1.34358780 2.20000000
vt 1.24358800 2.40000000
vt 1.94358780 2.20000000
vt 0.02199996 2.40000000
vt -0.77800000 1.70000000
vt -0.77800000 2.40000000
vt -0.77800000 1.70000000
vt 0.02199996 2.40000000
vt 0.02199996 1.70000000
vt 0.02199996 1.70000000
vt 0.02199996 2.40000000
vt -0.77800000 1.70000000
vt -0.77800000 2.40000000
vt -0.77800000 1.70000000
vt 0.02199996 2.40000000
vt -1.85641220 2.20000000
vt -1.15641220 2.40000000
vt -1.25641220 2.20000000
vt -1.25641220 2.20000000
vt -1.15641220 2.40000000
vt -1.25641220 1.86000000
vt -1.15641220 2.40000000
vt -1.85641220 2.20000000
vt -1.95641220 2.40000000
vt -1.15641220 2.40000000
vt -1.15641220 1.70000000
vt -1.25641220 1.86000000
vt -1.85641220 2.20000000
vt -1.85641220 1.86000000
vt -1.95641220 2.40000000
vt -1.95641220 2.40000000
vt -1.85641220 1.86000000
vt -1.95641220 1.70000000
vt -1.95641220 1.70000000
vt -1.25641220 1.86000000
vt -1.15641220 1.70000000
vt -1.25641220 1.86000000
vt -1.95641220 1.70000000
vt -1.85641220 1.86000000
vt -1.31641220 1.86000000
vt -1.25641220 1.86000000
vt -1.85641220 1.86000000
vt -1.79641220 1.86000000
vt -1.31641220 1.86000000
vt -1.85641220 1.86000000
vt 1.14358780 1.06000000
vt 0.60358780 1.06000000
vt 1.08358780 1.06000000
vt 1.14358780 1.06000000
vt 0.54358780 1.06000000
vt 0.60358780 1.06000000
vt 1.14358780 1.06000000
vt 1.24358780 0.90000000
vt 0.54358780 1.06000000
vt 0.44358780 0.90000000
vt 0.54358780 1.06000000
vt 1.24358780 0.90000000
vt 1.24358780 0.90000000
vt 1.14358780 1.06000000
vt 1.24358780 1.60000000
vt 1.24358780 1.60000000
vt 1.14358780 1.06000000
vt 1.14358780 1.40000000
vt 0.54358780 1.06000000
vt 0.44358780 0.90000000
vt 0.44358780 1.60000000
vt 1.24358780 1.60000000
vt 1.14358780 1.40000000
vt 0.44358780 1.60000000
vt 0.54358780 1.06000000
vt 0.44358780 1.60000000
vt 0.54358780 1.40000000
vt 0.54358780 1.40000000
vt 0.44358780 1.60000000
vt 1.14358780 1.40000000
vt 1.14358780 1.86000000
vt 0.60358780 1.86000000
vt 1.08358780 1.86000000
vt 1.14358780 1.86000000
vt 0.54358780 1.86000000
vt 0.60358780 1.86000000
vt 1.14358780 1.86000000
vt 1.24358780 1.70000000
vt 0.54358780 1.86000000
vt 0.44358780 1.70000000
vt 0.54358780 1.86000000
vt 1.24358780 1.70000000
vt 1.24358780 1.70000000
vt 1.14358780 1.86000000
vt 1.24358780 2.40000000
vt 1.24358780 2.40000000
vt 1.14358780 1.86000000
vt 1.14358780 2.20000000
vt 0.54358780 1.86000000
vt 0.44358780 1.70000000
vt 0.44358780 2.40000000
vt 1.24358780 2.40000000
vt 1.14358780 2.20000000
vt 0.44358780 2.40000000
vt 0.54358780 1.86000000
vt 0.44358780 2.40000000
vt 0.54358780 2.20000000
vt 0.54358780 2.20000000
vt 0.44358780 2.40000000
vt 1.14358780 2.20000000
vt 0.02199996 0.90000000
vt 0.02199996 1.60000000
vt -0.77800000 0.90000000
vt -0.77800000 1.60000000
vt -0.77800000 0.90000000
vt 0.02199996 1.60000000
vt -1.85641220 1.40000000
vt -1.15641220 1.60000000
vt -1.25641220 1.40000000
vt -1.25641220 1.40000000
vt -1.15641220 1.60000000
vt -1.25641220 1.06000000
vt -1.15641220 1.60000000
vt -1.85641220 1.40000000
vt -1.95641220 1.60000000
vt -1.15641220 1.60000000
vt -1.15641220 0.90000000
vt -1.25641220 1.06000000
vt -1.85641220 1.40000000
vt -1.85641220 1.06000000
vt -1.95641220 1.60000000
vt -1.95641220 1.60000000
vt -1.85641220 1.06000000
vt -1.95641220 0.90000000
vt -1.95641220 0.90000000
vt -1.25641220 1.06000000
vt -1.15641220 0.90000000
vt -1.25641220 1.06000000
vt -1.95641220 0.90000000
vt -1.85641220 1.06000000
vt -1.31641220 1.06000000
vt -1.25641220 1.06000000
vt -1.85641220 1.06000000
vt -1.79641220 1.06000000
vt -1.31641220 1.06000000
vt -1.85641220 1.06000000
vt -1.57641200 2.02000000
vt -1.75641200 1.89999980
vt -1.57641200 1.89999980
vt -1.75641200 1.89999980
vt -1.57641200 2.02000000
vt -1.75641200 2.02000000
vt 1.44358780 1.78000000
vt 1.78358800 1.78000000
vt 1.50358800 1.78000000
vt 1.44358780 1.78000000
vt 1.84358780 1.78000000
vt 1.78358800 1.78000000
vt 1.44358780 1.78000000
vt 1.24358800 1.70000000
vt 1.84358780 1.78000000
vt 2.04358800 1.70000000
vt 1.84358780 1.78000000
vt 1.24358800 1.70000000
vt 1.24358800 1.70000000
vt 1.44358780 1.78000000
vt 1.24358800 2.40000000
vt 1.84358780 1.78000000
vt 2.04358800 1.70000000
vt 2.04358800 2.40000000
vt 1.24358800 2.40000000
vt 1.44358780 1.78000000
vt 1.44358780 2.16000000
vt 1.84358780 1.78000000
vt 2.04358800 2.40000000
vt 1.84358780 2.16000000
vt 1.24358800 2.40000000
vt 1.44358780 2.16000000
vt 1.44358780 2.20000000
vt 1.24358800 2.40000000
vt 1.44358780 2.20000000
vt 2.04358800 2.40000000
vt 1.44358780 2.20000000
vt 1.44358780 2.16000000
vt 1.48358800 2.20000000
vt 1.48358800 2.20000000
vt 2.04358800 2.40000000
vt 1.44358780 2.20000000
vt 1.80358800 2.20000000
vt 2.04358800 2.40000000
vt 1.48358800 2.20000000
vt 1.84358780 2.16000000
vt 2.04358800 2.40000000
vt 1.84358780 2.20000000
vt 1.84358780 2.20000000
vt 2.04358800 2.40000000
vt 1.80358800 2.20000000
vt 1.80358800 2.20000000
vt 1.84358780 2.16000000
vt 1.84358780 2.20000000
vt 0.02199998 1.70000000
vt 0.82200000 2.40000000
vt 0.82200000 1.70000000
vt 0.82200000 2.40000000
vt 0.02199998 1.70000000
vt 0.02199998 2.40000000
vt 1.94358780 1.06000000
vt 1.40358800 1.06000000
vt 1.88358800 1.06000000
vt 1.94358780 1.06000000
vt 1.34358780 1.06000000
vt 1.40358800 1.06000000
vt 1.94358780 1.06000000
vt 2.04358800 0.90000000
vt 1.34358780 1.06000000
vt 1.24358800 0.90000000
vt 1.34358780 1.06000000
vt 2.04358800 0.90000000
vt 2.04358800 0.90000000
vt 1.94358780 1.06000000
vt 2.04358800 1.60000000
vt 2.04358800 1.60000000
vt 1.94358780 1.06000000
vt 1.94358780 1.40000000
vt 1.34358780 1.06000000
vt 1.24358800 0.90000000
vt 1.24358800 1.60000000
vt 2.04358800 1.60000000
vt 1.94358780 1.40000000
vt 1.24358800 1.60000000
vt 1.34358780 1.06000000
vt 1.24358800 1.60000000
vt 1.34358780 1.40000000
vt 1.34358780 1.40000000
vt 1.24358800 1.60000000
vt 1.94358780 1.40000000
vt 0.02199996 1.60000000
vt -0.77800000 0.90000000
vt -0.77800000 1.60000000
vt -0.77800000 0.90000000
vt 0.02199996 1.60000000
vt 0.02199996 0.90000000
vt 0.34358800 1.86000000
vt -0.19641208 1.86000000
vt 0.28358800 1.86000000
vt 0.34358800 1.86000000
vt -0.25641200 1.86000000
vt -0.19641208 1.86000000
vt 0.34358800 1.86000000
vt 0.44358780 1.70000000
vt -0.25641200 1.86000000
vt -0.35641220 1.70000000
vt -0.25641200 1.86000000
vt 0.44358780 1.70000000
vt 0.44358780 1.70000000
vt 0.34358800 1.86000000
vt 0.44358780 2.40000000
vt 0.44358780 2.40000000
vt 0.34358800 1.86000000
vt 0.34358800 2.20000000
vt -0.25641200 1.86000000
vt -0.35641220 1.70000000
vt -0.35641220 2.40000000
vt 0.44358780 2.40000000
vt 0.34358800 2.20000000
vt -0.35641220 2.40000000
vt -0.25641200 1.86000000
vt -0.35641220 2.40000000
vt -0.25641200 2.20000000
vt -0.25641200 2.20000000
vt -0.35641220 2.40000000
vt 0.34358800 2.20000000
vt 0.34358800 1.06000000
vt -0.19641208 1.06000000
vt 0.28358800 1.06000000
vt 0.34358800 1.06000000
vt -0.25641200 1.06000000
vt -0.19641208 1.06000000
vt 0.34358800 1.06000000
vt 0.44358780 0.90000000
vt -0.25641200 1.06000000
vt -0.35641220 0.90000000
vt -0.25641200 1.06000000
vt 0.44358780 0.90000000
vt 0.44358780 0.90000000
vt 0.34358800 1.06000000
vt 0.44358780 1.60000000
vt 0.44358780 1.60000000
vt 0.34358800 1.06000000
vt 0.34358800 1.40000000
vt -0.25641200 1.06000000
vt -0.35641220 0.90000000
vt -0.35641220 1.60000000
vt 0.44358780 1.60000000
vt 0.34358800 1.40000000
vt -0.35641220 1.60000000
vt -0.25641200 1.06000000
vt -0.35641220 1.60000000
vt -0.25641200 1.40000000
vt -0.25641200 1.40000000
vt -0.35641220 1.60000000
vt 0.34358800 1.40000000
vt -0.15641208 1.78000000
vt 0.18358790 1.78000000
vt -0.09641210 1.78000000
vt -0.15641208 1.78000000
vt 0.24358780 1.78000000
vt 0.18358790 1.78000000
vt -0.15641208 1.78000000
vt -0.35641200 1.70000000
vt 0.24358780 1.78000000
vt 0.44358780 1.70000000
vt 0.24358780 1.78000000
vt -0.35641200 1.70000000
vt -0.35641200 1.70000000
vt -0.15641208 1.78000000
vt -0.35641200 2.40000000
vt 0.24358780 1.78000000
vt 0.44358780 1.70000000
vt 0.44358780 2.40000000
vt -0.35641200 2.40000000
vt -0.15641208 1.78000000
vt -0.15641208 2.16000000
vt 0.24358780 1.78000000
vt 0.44358780 2.40000000
vt 0.24358780 2.16000000
vt -0.35641200 2.40000000
vt -0.15641208 2.16000000
vt -0.15641208 2.20000000
vt -0.35641200 2.40000000
vt -0.15641208 2.20000000
vt 0.44358780 2.40000000
vt -0.15641208 2.20000000
vt -0.15641208 2.16000000
vt -0.11641208 2.20000000
vt -0.11641208 2.20000000
vt 0.44358780 2.40000000
vt -0.15641208 2.20000000
vt 0.20358800 2.20000000
vt 0.44358780 2.40000000
vt -0.11641208 2.20000000
vt 0.24358780 2.16000000
vt 0.44358780 2.40000000
vt 0.24358780 2.20000000
vt 0.24358780 2.20000000
vt 0.44358780 2.40000000
vt 0.20358800 2.20000000
vt 0.20358800 2.20000000
vt 0.24358780 2.16000000
vt 0.24358780 2.20000000
vt -0.45641220 1.06000000
vt -0.99641200 1.06000000
vt -0.51641220 1.06000000
vt -0.45641220 1.06000000
vt -1.05641220 1.06000000
vt -0.99641200 1.06000000
vt -0.45641220 1.06000000
vt -0.35641220 0.90000000
vt -1.05641220 1.06000000
vt -1.15641220 0.90000000
vt -1.05641220 1.06000000
vt -0.35641220 0.90000000
vt -0.35641220 0.90000000
vt -0.45641220 1.06000000
vt -0.35641220 1.60000000
vt -0.35641220 1.60000000
vt -0.45641220 1.06000000
vt -0.45641220 1.40000000
vt -1.05641220 1.06000000
vt -1.15641220 0.90000000
vt -1.15641220 1.60000000
vt -0.35641220 1.60000000
vt -0.45641220 1.40000000
vt -1.15641220 1.60000000
vt -1.05641220 1.06000000
vt -1.15641220 1.60000000
vt -1.05641220 1.40000000
vt -1.05641220 1.40000000
vt -1.15641220 1.60000000
vt -0.45641220 1.40000000
vt -0.45641220 1.86000000
vt -0.99641200 1.86000000
vt -0.51641220 1.86000000
vt -0.45641220 1.86000000
vt -1.05641220 1.86000000
vt -0.99641200 1.86000000
vt -0.45641220 1.86000000
vt -0.35641220 1.70000000
vt -1.05641220 1.86000000
vt -1.15641220 1.70000000
vt -1.05641220 1.86000000
vt -0.35641220 1.70000000
vt -0.35641220 1.70000000
vt -0.45641220 1.86000000
vt -0.35641220 2.40000000
vt -0.35641220 2.40000000
vt -0.45641220 1.86000000
vt -0.45641220 2.20000000
vt -1.05641220 1.86000000
vt -1.15641220 1.70000000
vt -1.15641220 2.40000000
vt -0.35641220 2.40000000
vt -0.45641220 2.20000000
vt -1.15641220 2.40000000
vt -1.05641220 1.86000000
vt -1.15641220 2.40000000
vt -1.05641220 2.20000000
vt -1.05641220 2.20000000
vt -1.15641220 2.40000000
vt -0.45641220 2.20000000
vt 1.44358780 0.98000000
vt 1.78358800 0.98000000
vt 1.50358800 0.98000000
vt 1.44358780 0.98000000
vt 1.84358780 0.98000000
vt 1.78358800 0.98000000
vt 1.44358780 0.98000000
vt 1.24358800 0.90000000
vt 1.84358780 0.98000000
vt 2.04358800 0.90000000
vt 1.84358780 0.98000000
vt 1.24358800 0.90000000
vt 1.24358800 0.90000000
vt 1.44358780 0.98000000
vt 1.24358800 1.60000000
vt 1.84358780 0.98000000
vt 2.04358800 0.90000000
vt 2.04358800 1.60000000
vt 1.24358800 1.60000000
vt 1.44358780 0.98000000
vt 1.44358780 1.36000000
vt 1.84358780 0.98000000
vt 2.04358800 1.60000000
vt 1.84358780 1.36000000
vt 1.24358800 1.60000000
vt 1.44358780 1.36000000
vt 1.44358780 1.40000000
vt 1.24358800 1.60000000
vt 1.44358780 1.40000000
vt 2.04358800 1.60000000
vt 1.44358780 1.40000000
vt 1.44358780 1.36000000
vt 1.48358800 1.40000000
vt 1.48358800 1.40000000
vt 2.04358800 1.60000000
vt 1.44358780 1.40000000
vt 1.80358800 1.40000000
vt 2.04358800 1.60000000
vt 1.48358800 1.40000000
vt 1.84358780 1.36000000
vt 2.04358800 1.60000000
vt 1.84358780 1.40000000
vt 1.84358780 1.40000000
vt 2.04358800 1.60000000
vt 1.80358800 1.40000000
vt 1.80358800 1.40000000
vt 1.84358780 1.36000000
vt 1.84358780 1.40000000
vt 0.02199998 0.90000000
vt 0.82200000 1.60000000
vt 0.82200000 0.90000000
vt 0.82200000 1.60000000
vt 0.02199998 0.90000000
vt 0.02199998 1.60000000
vt 0.64358780 1.78000000
vt 0.98358780 1.78000000
vt 0.70358780 1.78000000
vt 0.64358780 1.78000000
vt 1.04358780 1.78000000
vt 0.98358780 1.78000000
vt 0.64358780 1.78000000
vt 0.44358780 1.70000000
vt 1.04358780 1.78000000
vt 1.24358780 1.70000000
vt 1.04358780 1.78000000
vt 0.44358780 1.70000000
vt 0.44358780 1.70000000
vt 0.64358780 1.78000000
vt 0.44358780 2.40000000
vt 1.04358780 1.78000000
vt 1.24358780 1.70000000
vt 1.24358780 2.40000000
vt 0.44358780 2.40000000
vt 0.64358780 1.78000000
vt 0.64358780 2.16000000
vt 1.04358780 1.78000000
vt 1.24358780 2.40000000
vt 1.04358780 2.16000000
vt 0.44358780 2.40000000
vt 0.64358780 2.16000000
vt 0.64358780 2.20000000
vt 0.44358780 2.40000000
vt 0.64358780 2.20000000
vt 1.24358780 2.40000000
vt 0.64358780 2.20000000
vt 0.64358780 2.16000000
vt 0.68358780 2.20000000
vt 0.68358780 2.20000000
vt 1.24358780 2.40000000
vt 0.64358780 2.20000000
vt 1.00358780 2.20000000
vt 1.24358780 2.40000000
vt 0.68358780 2.20000000
vt 1.04358780 2.16000000
vt 1.24358780 2.40000000
vt 1.04358780 2.20000000
vt 1.04358780 2.20000000
vt 1.24358780 2.40000000
vt 1.00358780 2.20000000
vt 1.00358780 2.20000000
vt 1.04358780 2.16000000
vt 1.04358780 2.20000000
vt 0.02199998 1.60000000
vt 0.02199998 0.90000000
vt 0.82200000 1.60000000
vt 0.82200000 0.90000000
vt 0.82200000 1.60000000
vt 0.02199998 0.90000000
vt -1.75641200 1.40000000
vt -1.75641200 1.36000000
vt -1.71641200 1.40000000
vt -1.71641200 1.40000000
vt -1.95641200 1.60000000
vt -1.75641200 1.40000000
vt -1.75641200 1.40000000
vt -1.95641200 1.60000000
vt -1.75641200 1.36000000
vt -1.39641220 1.40000000
vt -1.95641200 1.60000000
vt -1.71641200 1.40000000
vt -1.35641200 1.40000000
vt -1.95641200 1.60000000
vt -1.39641220 1.40000000
vt -1.39641220 1.40000000
vt -1.35641200 1.36000000
vt -1.35641200 1.40000000
vt -1.95641200 1.60000000
vt -1.35641200 1.40000000
vt -1.15641220 1.60000000
vt -1.35641200 1.40000000
vt -1.35641200 1.36000000
vt -1.15641220 1.60000000
vt -1.75641200 1.36000000
vt -1.95641200 1.60000000
vt -1.75641200 0.98000000
vt -1.35641200 1.36000000
vt -1.35641200 0.98000000
vt -1.15641220 1.60000000
vt -1.95641200 1.60000000
vt -1.95641200 0.90000000
vt -1.75641200 0.98000000
vt -1.15641220 1.60000000
vt -1.35641200 0.98000000
vt -1.15641220 0.90000000
vt -1.15641220 0.90000000
vt -1.75641200 0.98000000
vt -1.95641200 0.90000000
vt -1.75641200 0.98000000
vt -1.15641220 0.90000000
vt -1.35641200 0.98000000
vt -1.69641200 0.98000000
vt -1.75641200 0.98000000
vt -1.35641200 0.98000000
vt -1.41641220 0.98000000
vt -1.69641200 0.98000000
vt -1.35641200 0.98000000
vt -0.95641200 1.78000000
vt -0.61641200 1.78000000
vt -0.89641200 1.78000000
vt -0.95641200 1.78000000
vt -0.55641200 1.78000000
vt -0.61641200 1.78000000
vt -0.95641200 1.78000000
vt -1.15641200 1.70000000
vt -0.55641200 1.78000000
vt -0.35641200 1.70000000
vt -0.55641200 1.78000000
vt -1.15641200 1.70000000
vt -1.15641200 1.70000000
vt -0.95641200 1.78000000
vt -1.15641200 2.40000000
vt -0.55641200 1.78000000
vt -0.35641200 1.70000000
vt -0.35641200 2.40000000
vt -1.15641200 2.40000000
vt -0.95641200 1.78000000
vt -0.95641200 2.16000000
vt -0.55641200 1.78000000
vt -0.35641200 2.40000000
vt -0.55641200 2.16000000
vt -1.15641200 2.40000000
vt -0.95641200 2.16000000
vt -0.95641200 2.20000000
vt -1.15641200 2.40000000
vt -0.95641200 2.20000000
vt -0.35641200 2.40000000
vt -0.95641200 2.20000000
vt -0.95641200 2.16000000
vt -0.91641200 2.20000000
vt -0.91641200 2.20000000
vt -0.35641200 2.40000000
vt -0.95641200 2.20000000
vt -0.59641200 2.20000000
vt -0.35641200 2.40000000
vt -0.91641200 2.20000000
vt -0.55641200 2.16000000
vt -0.35641200 2.40000000
vt -0.55641200 2.20000000
vt -0.55641200 2.20000000
vt -0.35641200 2.40000000
vt -0.59641200 2.20000000
vt -0.59641200 2.20000000
vt -0.55641200 2.16000000
vt -0.55641200 2.20000000
vt 0.02199998 2.40000000
vt 0.02199998 1.70000000
vt 0.82200000 2.40000000
vt 0.82200000 1.70000000
vt 0.82200000 2.40000000
vt 0.02199998 1.70000000
vt -1.75641200 2.20000000
vt -1.75641200 2.16000000
vt -1.71641200 2.20000000
vt -1.71641200 2.20000000
vt -1.95641200 2.40000000
vt -1.75641200 2.20000000
vt -1.75641200 2.20000000
vt -1.95641200 2.40000000
vt -1.75641200 2.16000000
vt -1.39641220 2.20000000
vt -1.95641200 2.40000000
vt -1.71641200 2.20000000
vt -1.35641200 2.20000000
vt -1.95641200 2.40000000
vt -1.39641220 2.20000000
vt -1.39641220 2.20000000
vt -1.35641200 2.16000000
vt -1.35641200 2.20000000
vt -1.95641200 2.40000000
vt -1.35641200 2.20000000
vt -1.15641220 2.40000000
vt -1.35641200 2.20000000
vt -1.35641200 2.16000000
vt -1.15641220 2.40000000
vt -1.75641200 2.16000000
vt -1.95641200 2.40000000
vt -1.75641200 1.78000000
vt -1.35641200 2.16000000
vt -1.35641200 1.78000000
vt -1.15641220 2.40000000
vt -1.95641200 2.40000000
vt -1.95641200 1.70000000
vt -1.75641200 1.78000000
vt -1.15641220 2.40000000
vt -1.35641200 1.78000000
vt -1.15641220 1.70000000
vt -1.15641220 1.70000000
vt -1.75641200 1.78000000
vt -1.95641200 1.70000000
vt -1.75641200 1.78000000
vt -1.15641220 1.70000000
vt -1.35641200 1.78000000
vt -1.69641200 1.78000000
vt -1.75641200 1.78000000
vt -1.35641200 1.78000000
vt -1.41641220 1.78000000
vt -1.69641200 1.78000000
vt -1.35641200 1.78000000
vt 0.06358836 0.50000000
vt 0.02358836 0.04000000
vt 0.06358836 0.04000000
vt 0.02358836 0.04000000
vt 0.06358836 0.50000000
vt 0.02358836 0.50000000
vt -0.15641208 0.98000000
vt 0.18358790 0.98000000
vt -0.09641210 0.98000000
vt -0.15641208 0.98000000
vt 0.24358780 0.98000000
vt 0.18358790 0.98000000
vt -0.15641208 0.98000000
vt -0.35641200 0.90000000
vt 0.24358780 0.98000000
vt 0.44358780 0.90000000
vt 0.24358780 0.98000000
vt -0.35641200 0.90000000
vt -0.35641200 0.90000000
vt -0.15641208 0.98000000
vt -0.35641200 1.60000000
vt 0.24358780 0.98000000
vt 0.44358780 0.90000000
vt 0.44358780 1.60000000
vt -0.35641200 1.60000000
vt -0.15641208 0.98000000
vt -0.15641208 1.36000000
vt 0.24358780 0.98000000
vt 0.44358780 1.60000000
vt 0.24358780 1.36000000
vt -0.35641200 1.60000000
vt -0.15641208 1.36000000
vt -0.15641208 1.40000000
vt -0.35641200 1.60000000
vt -0.15641208 1.40000000
vt 0.44358780 1.60000000
vt -0.15641208 1.40000000
vt -0.15641208 1.36000000
vt -0.11641208 1.40000000
vt -0.11641208 1.40000000
vt 0.44358780 1.60000000
vt -0.15641208 1.40000000
vt 0.20358800 1.40000000
vt 0.44358780 1.60000000
vt -0.11641208 1.40000000
vt 0.24358780 1.36000000
vt 0.44358780 1.60000000
vt 0.24358780 1.40000000
vt 0.24358780 1.40000000
vt 0.44358780 1.60000000
vt 0.20358800 1.40000000
vt 0.20358800 1.40000000
vt 0.24358780 1.36000000
vt 0.24358780 1.40000000
vt 0.64358780 0.98000000
vt 0.98358780 0.98000000
vt 0.70358780 0.98000000
vt 0.64358780 0.98000000
vt 1.04358780 0.98000000
vt 0.98358780 0.98000000
vt 0.64358780 0.98000000
vt 0.44358780 0.90000000
vt 1.04358780 0.98000000
vt 1.24358780 0.90000000
vt 1.04358780 0.98000000
vt 0.44358780 0.90000000
vt 0.44358780 0.90000000
vt 0.64358780 0.98000000
vt 0.44358780 1.60000000
vt 1.04358780 0.98000000
vt 1.24358780 0.90000000
vt 1.24358780 1.60000000
vt 0.44358780 1.60000000
vt 0.64358780 0.98000000
vt 0.64358780 1.36000000
vt 1.04358780 0.98000000
vt 1.24358780 1.60000000
vt 1.04358780 1.36000000
vt 0.44358780 1.60000000
vt 0.64358780 1.36000000
vt 0.64358780 1.40000000
vt 0.44358780 1.60000000
vt 0.64358780 1.40000000
vt 1.24358780 1.60000000
vt 0.64358780 1.40000000
vt 0.64358780 1.36000000
vt 0.68358780 1.40000000
vt 0.68358780 1.40000000
vt 1.24358780 1.60000000
vt 0.64358780 1.40000000
vt 1.00358780 1.40000000
vt 1.24358780 1.60000000
vt 0.68358780 1.40000000
vt 1.04358780 1.36000000
vt 1.24358780 1.60000000
vt 1.04358780 1.40000000
vt 1.04358780 1.40000000
vt 1.24358780 1.60000000
vt 1.00358780 1.40000000
vt 1.00358780 1.40000000
vt 1.04358780 1.36000000
vt 1.04358780 1.40000000
vt -0.95641200 0.98000000
vt -0.61641200 0.98000000
vt -0.89641200 0.98000000
vt -0.95641200 0.98000000
vt -0.55641200 0.98000000
vt -0.61641200 0.98000000
vt -0.95641200 0.98000000
vt -1.15641200 0.90000000
vt -0.55641200 0.98000000
vt -0.35641200 0.90000000
vt -0.55641200 0.98000000
vt -1.15641200 0.90000000
vt -1.15641200 0.90000000
vt -0.95641200 0.98000000
vt -1.15641200 1.60000000
vt -0.55641200 0.98000000
vt -0.35641200 0.90000000
vt -0.35641200 1.60000000
vt -1.15641200 1.60000000
vt -0.95641200 0.98000000
vt -0.95641200 1.36000000
vt -0.55641200 0.98000000
vt -0.35641200 1.60000000
vt -0.55641200 1.36000000
vt -1.15641200 1.60000000
vt -0.95641200 1.36000000
vt -0.95641200 1.40000000
vt -1.15641200 1.60000000
vt -0.95641200 1.40000000
vt -0.35641200 1.60000000
vt -0.95641200 1.40000000
vt -0.95641200 1.36000000
vt -0.91641200 1.40000000
vt -0.91641200 1.40000000
vt -0.35641200 1.60000000
vt -0.95641200 1.40000000
vt -0.59641200 1.40000000
vt -0.35641200 1.60000000
vt -0.91641200 1.40000000
vt -0.55641200 1.36000000
vt -0.35641200 1.60000000
vt -0.55641200 1.40000000
vt -0.55641200 1.40000000
vt -0.35641200 1.60000000
vt -0.59641200 1.40000000
vt -0.59641200 1.40000000
vt -0.55641200 1.36000000
vt -0.55641200 1.40000000
vt 1.94358780 1.86000000
vt 1.40358800 1.86000000
vt 1.88358800 1.86000000
vt 1.94358780 1.86000000
vt 1.34358780 1.86000000
vt 1.40358800 1.86000000
vt 1.94358780 1.86000000
vt 2.04358800 1.70000000
vt 1.34358780 1.86000000
vt 1.24358800 1.70000000
vt 1.34358780 1.86000000
vt 2.04358800 1.70000000
vt 2.04358800 1.70000000
vt 1.94358780 1.86000000
vt 2.04358800 2.40000000
vt 2.04358800 2.40000000
vt 1.94358780 1.86000000
vt 1.94358780 2.20000000
vt 1.34358780 1.86000000
vt 1.24358800 1.70000000
vt 1.24358800 2.40000000
vt 2.04358800 2.40000000
vt 1.94358780 2.20000000
vt 1.24358800 2.40000000
vt 1.34358780 1.86000000
vt 1.24358800 2.40000000
vt 1.34358780 2.20000000
vt 1.34358780 2.20000000
vt 1.24358800 2.40000000
vt 1.94358780 2.20000000
vt 0.02199996 2.40000000
vt -0.77800000 1.70000000
vt -0.77800000 2.40000000
vt -0.77800000 1.70000000
vt 0.02199996 2.40000000
vt 0.02199996 1.70000000
vt 0.02199996 1.70000000
vt 0.02199996 2.40000000
vt -0.77800000 1.70000000
vt -0.77800000 2.40000000
vt -0.77800000 1.70000000
vt 0.02199996 2.40000000
vt -1.85641220 2.20000000
vt -1.15641220 2.40000000
vt -1.25641220 2.20000000
vt -1.25641220 2.20000000
vt -1.15641220 2.40000000
vt -1.25641220 1.86000000
vt -1.15641220 2.40000000
vt -1.85641220 2.20000000
vt -1.95641220 2.40000000
vt -1.15641220 2.40000000
vt -1.15641220 1.70000000
vt -1.25641220 1.86000000
vt -1.85641220 2.20000000
vt -1.85641220 1.86000000
vt -1.95641220 2.40000000
vt -1.95641220 2.40000000
vt -1.85641220 1.86000000
vt -1.95641220 1.70000000
vt -1.95641220 1.70000000
vt -1.25641220 1.86000000
vt -1.15641220 1.70000000
vt -1.25641220 1.86000000
vt -1.95641220 1.70000000
vt -1.85641220 1.86000000
vt -1.31641220 1.86000000
vt -1.25641220 1.86000000
vt -1.85641220 1.86000000
vt -1.79641220 1.86000000
vt -1.31641220 1.86000000
vt -1.85641220 1.86000000
vt 1.14358780 1.06000000
vt 0.60358780 1.06000000
vt 1.08358780 1.06000000
vt 1.14358780 1.06000000
vt 0.54358780 1.06000000
vt 0.60358780 1.06000000
vt 1.14358780 1.06000000
vt 1.24358780 0.90000000
vt 0.54358780 1.06000000
vt 0.44358780 0.90000000
vt 0.54358780 1.06000000
vt 1.24358780 0.90000000
vt 1.24358780 0.90000000
vt 1.14358780 1.06000000
vt 1.24358780 1.60000000
vt 1.24358780 1.60000000
vt 1.14358780 1.06000000
vt 1.14358780 1.40000000
vt 0.54358780 1.06000000
vt 0.44358780 0.90000000
vt 0.44358780 1.60000000
vt 1.24358780 1.60000000
vt 1.14358780 1.40000000
vt 0.44358780 1.60000000
vt 0.54358780 1.06000000
vt 0.44358780 1.60000000
vt 0.54358780 1.40000000
vt 0.54358780 1.40000000
vt 0.44358780 1.60000000
vt 1.14358780 1.40000000
vt 1.14358780 1.86000000
vt 0.60358780 1.86000000
vt 1.08358780 1.86000000
vt 1.14358780 1.86000000
vt 0.54358780 1.86000000
vt 0.60358780 1.86000000
vt 1.14358780 1.86000000
vt 1.24358780 1.70000000
vt 0.54358780 1.86000000
vt 0.44358780 1.70000000
vt 0.54358780 1.86000000
vt 1.24358780 1.70000000
vt 1.24358780 1.70000000
vt 1.14358780 1.86000000
vt 1.24358780 2.40000000
vt 1.24358780 2.40000000
vt 1.14358780 1.86000000
vt 1.14358780 2.20000000
vt 0.54358780 1.86000000
vt 0.44358780 1.70000000
vt 0.44358780 2.40000000
vt 1.24358780 2.40000000
vt 1.14358780 2.20000000
vt 0.44358780 2.40000000
vt 0.54358780 1.86000000
vt 0.44358780 2.40000000
vt 0.54358780 2.20000000
vt 0.54358780 2.20000000
vt 0.44358780 2.40000000
vt 1.14358780 2.20000000
vt 0.02199996 0.90000000
vt 0.02199996 1.60000000
vt -0.77800000 0.90000000
vt -0.77800000 1.60000000
vt -0.77800000 0.90000000
vt 0.02199996 1.60000000
vt -1.85641220 1.40000000
vt -1.15641220 1.60000000
vt -1.25641220 1.40000000
vt -1.25641220 1.40000000
vt -1.15641220 1.60000000
vt -1.25641220 1.06000000
vt -1.15641220 1.60000000
vt -1.85641220 1.40000000
vt -1.95641220 1.60000000
vt -1.15641220 1.60000000
vt -1.15641220 0.90000000
vt -1.25641220 1.06000000
vt -1.85641220 1.40000000
vt -1.85641220 1.06000000
vt -1.95641220 1.60000000
vt -1.95641220 1.60000000
vt -1.85641220 1.06000000
vt -1.95641220 0.90000000
vt -1.95641220 0.90000000
vt -1.25641220 1.06000000
vt -1.15641220 0.90000000
vt -1.25641220 1.06000000
vt -1.95641220 0.90000000
vt -1.85641220 1.06000000
vt -1.31641220 1.06000000
vt -1.25641220 1.06000000
vt -1.85641220 1.06000000
vt -1.79641220 1.06000000
vt -1.31641220 1.06000000
vt -1.85641220 1.06000000
usemtl plaster
f 3/61/1 2/62/1 1/63/1
f 2/64/1 3/65/1 4/66/1
f 7/67/2 6/68/2 5/69/2
f 7/70/2 8/71/2 6/72/2
f 7/73/2 9/74/2 8/75/2
f 10/76/2 8/77/2 9/78/2
f 9/79/2 7/80/2 11/81/2
f 8/82/2 10/83/2 12/84/2
f 11/85/2 7/86/2 13/87/2
f 8/88/2 12/89/2 14/90/2
f 11/91/2 13/92/2 15/93/2
f 11/94/2 15/95/2 12/96/2
f 15/97/2 13/98/2 16/99/2
f 16/100/2 12/101/2 15/102/2
f 17/103/2 12/104/2 16/105/2
f 14/106/2 12/107/2 18/108/2
f 18/109/2 12/110/2 17/111/2
f 17/112/2 14/113/2 18/114/2
f 19/115/3 12/116/3 10/117/3
f 12/118/3 19/119/3 20/120/3
f 23/121/4 22/122/4 21/123/4
f 23/124/4 24/125/4 22/126/4
f 23/127/4 25/128/4 24/129/4
f 26/130/4 24/131/4 25/132/4
f 25/133/4 23/134/4 27/135/4
f 27/136/4 23/137/4 28/138/4
f 24/139/4 26/140/4 29/141/4
f 27/142/4 28/143/4 29/144/4
f 24/145/4 29/146/4 30/147/4
f 30/148/4 29/149/4 28/150/4
f 31/151/5 25/152/5 27/153/5
f 25/154/5 31/155/5 32/156/5
f 35/157/4 34/158/4 33/159/4
f 35/160/4 36/161/4 34/162/4
f 35/163/4 37/164/4 36/165/4
f 38/166/4 36/167/4 37/168/4
f 37/169/4 35/170/4 39/171/4
f 39/172/4 35/173/4 40/174/4
f 36/175/4 38/176/4 41/177/4
f 39/178/4 40/179/4 41/180/4
f 36/181/4 41/182/4 42/183/4
f 42/184/4 41/185/4 40/186/4
f 45/187/4 44/188/4 43/189/4
f 45/190/4 46/191/4 44/192/4
f 45/193/4 47/194/4 46/195/4
f 48/196/4 46/197/4 47/198/4
f 47/199/4 45/200/4 49/201/4
f 49/202/4 45/203/4 50/204/4
f 46/205/4 48/206/4 51/207/4
f 49/208/4 50/209/4 51/210/4
f 46/211/4 51/212/4 52/213/4
f 52/214/4 51/215/4 50/216/4
f 55/217/2 54/218/2 53/219/2
f 55/220/2 56/221/2 54/222/2
f 55/223/2 57/224/2 56/225/2
f 58/226/2 56/227/2 57/228/2
f 57/229/2 55/230/2 59/231/2
f 56/232/2 58/233/2 60/234/2
f 59/235/2 55/236/2 61/237/2
f 56/238/2 60/239/2 62/240/2
f 59/241/2 61/242/2 63/243/2
f 59/244/2 63/245/2 60/246/2
f 63/247/2 61/248/2 64/249/2
f 64/250/2 60/251/2 63/252/2
f 65/253/2 60/254/2 64/255/2
f 62/256/2 60/257/2 66/258/2
f 66/259/2 60/260/2 65/261/2
f 65/262/2 62/263/2 66/264/2
f 69/265/4 68/266/4 67/267/4
f 69/268/4 70/269/4 68/270/4
f 69/271/4 48/272/4 70/273/4
f 71/274/4 70/275/4 48/276/4
f 48/277/4 69/278/4 51/279/4
f 51/280/4 69/281/4 72/282/4
f 70/283/4 71/284/4 73/285/4
f 51/286/4 72/287/4 73/288/4
f 70/289/4 73/290/4 74/291/4
f 74/292/4 73/293/4 72/294/4
f 77/295/4 76/296/4 75/297/4
f 77/298/4 78/299/4 76/300/4
f 77/301/4 38/302/4 78/303/4
f 79/304/4 78/305/4 38/306/4
f 38/307/4 77/308/4 41/309/4
f 41/310/4 77/311/4 80/312/4
f 78/313/4 79/314/4 81/315/4
f 41/316/4 80/317/4 81/318/4
f 78/319/4 81/320/4 82/321/4
f 82/322/4 81/323/4 80/324/4
f 85/325/2 84/326/2 83/327/2
f 85/328/2 86/329/2 84/330/2
f 85/331/2 87/332/2 86/333/2
f 88/334/2 86/335/2 87/336/2
f 87/337/2 85/338/2 89/339/2
f 86/340/2 88/341/2 90/342/2
f 89/343/2 85/344/2 91/345/2
f 86/346/2 90/347/2 92/348/2
f 89/349/2 91/350/2 93/351/2
f 89/352/2 93/353/2 90/354/2
f 93/355/2 91/356/2 94/357/2
f 94/358/2 90/359/2 93/360/2
f 95/361/2 90/362/2 94/363/2
f 92/364/2 90/365/2 96/366/2
f 96/367/2 90/368/2 95/369/2
f 95/370/2 92/371/2 96/372/2
f 97/373/3 90/374/3 88/375/3
f 90/376/3 97/377/3 98/378/3
f 101/379/2 100/380/2 99/381/2
f 101/382/2 102/383/2 100/384/2
f 101/385/2 103/386/2 102/387/2
f 104/388/2 102/389/2 103/390/2
f 103/391/2 101/392/2 105/393/2
f 102/394/2 104/395/2 106/396/2
f 105/397/2 101/398/2 107/399/2
f 102/400/2 106/401/2 108/402/2
f 105/403/2 107/404/2 109/405/2
f 105/406/2 109/407/2 106/408/2
f 109/409/2 107/410/2 110/411/2
f 110/412/2 106/413/2 109/414/2
f 111/415/2 106/416/2 110/417/2
f 108/418/2 106/419/2 112/420/2
f 112/421/2 106/422/2 111/423/2
f 111/424/2 108/425/2 112/426/2
f 128/427/6 127/428/6 120/429/6
f 118/430/6 120/431/6 127/432/6
f 126/433/2 122/434/2 125/435/2
f 125/436/2 120/437/2 126/438/2
f 126/439/2 120/440/2 122/441/2
f 124/442/2 120/443/2 125/444/2
f 123/445/2 120/446/2 124/447/2
f 124/448/2 121/449/2 123/450/2
f 120/451/2 123/452/2 119/453/2
f 123/454/2 121/455/2 119/456/2
f 122/457/2 120/458/2 116/459/2
f 121/460/2 115/461/2 119/462/2
f 120/463/2 118/464/2 116/465/2
f 119/466/2 115/467/2 117/468/2
f 117/469/2 116/470/2 118/471/2
f 116/472/2 117/473/2 115/474/2
f 114/475/2 116/476/2 115/477/2
f 113/478/2 114/479/2 115/480/2
f 131/481/2 130/482/2 129/483/2
f 131/484/2 132/485/2 130/486/2
f 131/487/2 133/488/2 132/489/2
f 134/490/2 132/491/2 133/492/2
f 133/493/2 131/494/2 135/495/2
f 132/496/2 134/497/2 136/498/2
f 135/499/2 131/500/2 137/501/2
f 132/502/2 136/503/2 138/504/2
f 135/505/2 137/506/2 139/507/2
f 135/508/2 139/509/2 136/510/2
f 139/511/2 137/512/2 140/513/2
f 140/514/2 136/515/2 139/516/2
f 141/517/2 136/518/2 140/519/2
f 138/520/2 136/521/2 142/522/2
f 142/523/2 136/524/2 141/525/2
f 141/526/2 138/527/2 142/528/2
f 158/529/6 157/530/6 150/531/6
f 148/532/6 150/533/6 157/534/6
f 156/535/2 152/536/2 155/537/2
f 155/538/2 150/539/2 156/540/2
f 156/541/2 150/542/2 152/543/2
f 154/544/2 150/545/2 155/546/2
f 153/547/2 150/548/2 154/549/2
f 154/550/2 151/551/2 153/552/2
f 150/553/2 153/554/2 149/555/2
f 153/556/2 151/557/2 149/558/2
f 152/559/2 150/560/2 146/561/2
f 151/562/2 145/563/2 149/564/2
f 150/565/2 148/566/2 146/567/2
f 149/568/2 145/569/2 147/570/2
f 147/571/2 146/572/2 148/573/2
f 146/574/2 147/575/2 145/576/2
f 144/577/2 146/578/2 145/579/2
f 143/580/2 144/581/2 145/582/2
f 161/583/1 160/584/1 159/585/1
f 160/586/1 161/587/1 162/588/1
f 165/589/2 164/590/2 163/591/2
f 165/592/2 166/593/2 164/594/2
f 165/595/2 167/596/2 166/597/2
f 168/598/2 166/599/2 167/600/2
f 167/601/2 165/602/2 169/603/2
f 166/604/2 168/605/2 170/606/2
f 169/607/2 165/608/2 171/609/2
f 166/610/2 170/611/2 172/612/2
f 169/613/2 171/614/2 173/615/2
f 169/616/2 173/617/2 170/618/2
f 173/619/2 171/620/2 174/621/2
f 174/622/2 170/623/2 173/624/2
f 175/625/2 170/626/2 174/627/2
f 172/628/2 170/629/2 176/630/2
f 176/631/2 170/632/2 175/633/2
f 175/634/2 172/635/2 176/636/2
f 179/637/2 178/638/2 177/639/2
f 179/640/2 180/641/2 178/642/2
f 179/643/2 181/644/2 180/645/2
f 182/646/2 180/647/2 181/648/2
f 181/649/2 179/650/2 183/651/2
f 180/652/2 182/653/2 184/654/2
f 183/655/2 179/656/2 185/657/2
f 180/658/2 184/659/2 186/660/2
f 183/661/2 185/662/2 187/663/2
f 183/664/2 187/665/2 184/666/2
f 187/667/2 185/668/2 188/669/2
f 188/670/2 184/671/2 187/672/2
f 189/673/2 184/674/2 188/675/2
f 186/676/2 184/677/2 190/678/2
f 190/679/2 184/680/2 189/681/2
f 189/682/2 186/683/2 190/684/2
f 193/685/2 192/686/2 191/687/2
f 193/688/2 194/689/2 192/690/2
f 193/691/2 195/692/2 194/693/2
f 196/694/2 194/695/2 195/696/2
f 195/697/2 193/698/2 197/699/2
f 194/700/2 196/701/2 198/702/2
f 197/703/2 193/704/2 199/705/2
f 194/706/2 198/707/2 200/708/2
f 197/709/2 199/710/2 201/711/2
f 197/712/2 201/713/2 198/714/2
f 201/715/2 199/716/2 202/717/2
f 202/718/2 198/719/2 201/720/2
f 203/721/2 198/722/2 202/723/2
f 200/724/2 198/725/2 204/726/2
f 204/727/2 198/728/2 203/729/2
f 203/730/2 200/731/2 204/732/2
f 207/733/4 206/734/4 205/735/4
f 207/736/4 208/737/4 206/738/4
f 207/739/4 209/740/4 208/741/4
f 210/742/4 208/743/4 209/744/4
f 209/745/4 207/746/4 211/747/4
f 211/748/4 207/749/4 212/750/4
f 208/751/4 210/752/4 213/753/4
f 211/754/4 212/755/4 213/756/4
f 208/757/4 213/758/4 214/759/4
f 214/760/4 213/761/4 212/762/4
f 215/763/5 209/764/5 211/765/5
f 209/766/5 215/767/5 216/768/5
f 226/769/7 225/770/7 221/771/7
f 222/772/7 221/773/7 225/774/7
f 223/775/4 81/776/4 224/777/4
f 224/778/4 81/779/4 220/780/4
f 81/781/4 223/782/4 222/783/4
f 81/784/4 79/785/4 220/786/4
f 223/787/4 219/788/4 222/789/4
f 222/790/4 219/791/4 221/792/4
f 221/793/4 220/794/4 79/795/4
f 220/796/4 221/797/4 219/798/4
f 218/799/4 220/800/4 219/801/4
f 217/802/4 218/803/4 219/804/4
f 229/805/4 228/806/4 227/807/4
f 229/808/4 230/809/4 228/810/4
f 229/811/4 231/812/4 230/813/4
f 232/814/4 230/815/4 231/816/4
f 231/817/4 229/818/4 233/819/4
f 233/820/4 229/821/4 234/822/4
f 230/823/4 232/824/4 235/825/4
f 233/826/4 234/827/4 235/828/4
f 230/829/4 235/830/4 236/831/4
f 236/832/4 235/833/4 234/834/4
f 239/835/4 238/836/4 237/837/4
f 239/838/4 240/839/4 238/840/4
f 239/841/4 241/842/4 240/843/4
f 242/844/4 240/845/4 241/846/4
f 241/847/4 239/848/4 243/849/4
f 243/850/4 239/851/4 244/852/4
f 240/853/4 242/854/4 245/855/4
f 243/856/4 244/857/4 245/858/4
f 240/859/4 245/860/4 246/861/4
f 246/862/4 245/863/4 244/864/4
f 256/865/7 255/866/7 251/867/7
f 252/868/7 251/869/7 255/870/7
f 253/871/4 73/872/4 254/873/4
f 254/874/4 73/875/4 250/876/4
f 73/877/4 253/878/4 252/879/4
f 73/880/4 71/881/4 250/882/4
f 253/883/4 249/884/4 252/885/4
f 252/886/4 249/887/4 251/888/4
f 251/889/4 250/890/4 71/891/4
f 250/892/4 251/893/4 249/894/4
f 248/895/4 250/896/4 249/897/4
f 247/898/4 248/899/4 249/900/4
usemtl palette
f 259/11/4 258/10/4 257/10/4
f 258/10/4 259/11/4 260/11/4
f 3/11/5 258/10/5 260/11/5
f 258/10/5 3/11/5 1/10/5
f 2/10/8 258/10/8 1/10/8
f 258/10/8 2/10/8 257/10/8
f 2/10/7 259/11/7 257/10/7
f 259/11/7 2/10/7 4/11/7
f 259/11/9 3/11/9 260/11/9
f 3/11/9 259/11/9 4/11/9
f 263/10/9 262/10/9 261/10/9
f 262/10/9 263/10/9 264/10/9
f 267/10/9 266/10/9 265/10/9
f 266/10/9 267/10/9 268/10/9
f 271/10/9 270/10/9 269/10/9
f 270/10/9 271/10/9 272/10/9
f 275/10/9 274/10/9 273/10/9
f 274/10/9 275/10/9 276/10/9
f 278/10/9 277/10/9 274/10/9
f 277/10/9 278/10/9 279/10/9
f 282/10/9 281/10/9 280/10/9
f 281/10/9 282/10/9 283/10/9
f 286/10/9 285/10/9 284/10/9
f 285/10/9 286/10/9 287/10/9
f 290/10/9 289/10/9 288/10/9
f 289/10/9 290/10/9 291/10/9
f 294/10/9 293/10/9 292/10/9
f 293/10/9 294/10/9 295/10/9
f 298/10/9 297/10/9 296/10/9
f 297/10/9 298/10/9 299/10/9
f 305/11/11 304/12/11 302/11/11
f 300/12/11 302/11/11 304/12/11
f 303/11/10 302/11/10 301/12/10
f 300/12/10 301/12/10 302/11/10
f 308/11/12 307/12/12 306/11/12
f 307/12/12 308/11/12 309/12/12
f 312/11/12 311/12/12 310/11/12
f 311/12/12 312/11/12 313/12/12
f 316/11/12 315/12/12 314/11/12
f 315/12/12 316/11/12 317/12/12
f 320/11/10 319/12/10 318/12/10
f 319/12/10 320/11/10 321/11/10
f 322/12/13 320/11/13 318/12/13
f 320/11/13 322/12/13 323/11/13
f 326/11/4 325/12/4 324/12/4
f 325/12/4 326/11/4 327/13/4
f 327/13/4 326/11/4 328/14/4
f 329/14/4 327/13/4 328/14/4
f 328/14/4 326/11/4 329/14/4
f 329/14/4 326/11/4 330/14/4
f 330/14/4 326/11/4 331/14/4
f 332/11/4 331/14/4 326/11/4
f 331/14/4 333/13/4 330/14/4
f 332/11/4 333/13/4 331/14/4
f 334/12/4 333/13/4 332/11/4
f 333/13/4 334/12/4 335/12/4
f 338/15/14 337/16/15 336/15/14
f 337/16/15 338/15/14 339/16/15
f 342/16/15 341/16/9 340/16/9
f 341/16/9 342/16/15 159/16/15
f 341/16/7 343/15/16 340/16/7
f 343/15/16 341/16/7 344/15/16
f 159/16/4 160/16/4 161/15/4
f 162/15/4 161/15/4 160/16/4
f 161/15/14 342/16/15 345/15/14
f 342/16/15 161/15/14 159/16/15
f 345/15/17 342/16/16 161/15/17
f 159/16/16 161/15/17 342/16/16
f 160/16/17 347/15/16 346/16/17
f 347/15/16 160/16/17 162/15/16
f 346/16/14 347/15/15 160/16/14
f 162/15/15 160/16/14 347/15/15
f 337/16/15 160/16/17 346/16/17
f 160/16/17 337/16/15 339/16/15
f 338/15/14 347/15/16 162/15/16
f 347/15/16 338/15/14 336/15/14
f 161/15/14 343/15/16 344/15/16
f 343/15/16 161/15/14 345/15/14
f 337/16/4 348/17/4 336/15/4
f 336/15/4 348/17/4 347/15/4
f 337/16/4 349/10/4 348/17/4
f 349/10/4 337/16/4 350/10/4
f 350/10/4 337/16/4 346/16/4
f 350/10/4 346/16/4 340/16/4
f 340/16/4 351/17/4 350/10/4
f 346/16/4 342/16/4 340/16/4
f 342/16/4 346/16/4 347/15/4
f 351/17/4 340/16/4 343/15/4
f 351/17/4 343/15/4 348/17/4
f 342/16/4 347/15/4 345/15/4
f 347/15/4 348/17/4 345/15/4
f 345/15/4 348/17/4 343/15/4
f 353/12/4 352/11/4 364/12/4
f 363/13/4 364/12/4 352/11/4
f 361/14/4 363/13/4 352/11/4
f 362/11/4 361/14/4 352/11/4
f 360/14/4 361/14/4 362/11/4
f 354/18/14 359/10/5 355/18/14
f 358/10/5 355/18/14 359/10/5
f 357/18/8 356/18/8 355/18/14
f 354/18/14 355/18/14 356/18/8
f 304/12/7 305/11/7 353/12/7
f 352/11/7 353/12/7 305/11/7
f 369/15/8 377/15/8 370/15/14
f 375/15/14 370/15/14 377/15/8
f 376/19/5 366/16/15 375/15/14
f 375/15/14 366/16/15 370/15/14
f 365/16/15 370/15/14 366/16/15
f 374/10/4 373/10/4 367/16/4
f 365/16/4 367/16/4 373/10/4
f 372/17/4 365/16/4 373/10/4
f 370/15/4 365/16/4 372/17/4
f 371/17/4 370/15/4 372/17/4
f 369/15/4 370/15/4 371/17/4
f 368/16/9 367/16/9 366/16/15
f 365/16/15 366/16/15 367/16/9
f 356/18/8 379/18/16 378/18/16
f 379/18/16 356/18/8 357/18/8
f 381/10/7 379/18/16 380/10/7
f 379/18/16 381/10/7 378/18/16
f 362/11/4 382/14/4 360/14/4
f 326/11/4 382/14/4 362/11/4
f 326/11/4 383/13/4 382/14/4
f 326/11/4 384/12/4 383/13/4
f 384/12/4 326/11/4 324/12/4
f 387/16/9 386/16/17 385/16/17
f 386/16/17 387/16/9 388/16/9
f 391/17/4 390/15/4 389/15/4
f 392/17/4 390/15/4 391/17/4
f 392/17/4 385/16/4 390/15/4
f 393/10/4 385/16/4 392/17/4
f 393/10/4 387/16/4 385/16/4
f 387/16/4 393/10/4 394/10/4
f 386/16/17 390/15/16 385/16/17
f 390/15/16 386/16/17 395/15/16
f 395/15/16 386/16/17 396/19/7
f 397/15/8 390/15/16 395/15/16
f 390/15/16 397/15/8 389/15/8
f 334/12/4 332/11/4 408/12/4
f 407/13/4 408/12/4 332/11/4
f 405/14/4 407/13/4 332/11/4
f 406/11/4 405/14/4 332/11/4
f 404/14/4 405/14/4 406/11/4
f 398/18/14 403/10/5 399/18/14
f 402/10/5 399/18/14 403/10/5
f 401/18/8 400/18/8 399/18/14
f 398/18/14 399/18/14 400/18/8
f 413/15/8 421/15/8 414/15/14
f 419/15/14 414/15/14 421/15/8
f 420/19/5 410/16/15 419/15/14
f 419/15/14 410/16/15 414/15/14
f 409/16/15 414/15/14 410/16/15
f 418/10/4 417/10/4 411/16/4
f 409/16/4 411/16/4 417/10/4
f 416/17/4 409/16/4 417/10/4
f 414/15/4 409/16/4 416/17/4
f 415/17/4 414/15/4 416/17/4
f 413/15/4 414/15/4 415/17/4
f 412/16/9 411/16/9 410/16/15
f 409/16/15 410/16/15 411/16/9
f 323/11/5 423/12/5 422/11/5
f 423/12/5 323/11/5 322/12/5
f 426/18/8 425/18/16 424/18/16
f 425/18/16 426/18/8 427/18/8
f 429/10/7 425/18/16 428/10/7
f 425/18/16 429/10/7 424/18/16
f 432/11/4 431/14/4 430/14/4
f 422/11/4 431/14/4 432/11/4
f 422/11/4 433/13/4 431/14/4
f 422/11/4 434/12/4 433/13/4
f 434/12/4 422/11/4 423/12/4
f 437/16/9 436/16/17 435/16/17
f 436/16/17 437/16/9 438/16/9
f 441/17/4 440/15/4 439/15/4
f 442/17/4 440/15/4 441/17/4
f 442/17/4 435/16/4 440/15/4
f 443/10/4 435/16/4 442/17/4
f 443/10/4 437/16/4 435/16/4
f 437/16/4 443/10/4 444/10/4
f 436/16/17 440/15/16 435/16/17
f 440/15/16 436/16/17 445/15/16
f 445/15/16 436/16/17 446/19/7
f 447/15/8 440/15/16 445/15/16
f 440/15/16 447/15/8 439/15/8
f 448/21/18 135/20/18 264/20/18
f 135/20/18 448/21/18 449/22/18
f 449/22/18 448/21/18 450/22/18
f 450/22/18 448/21/18 451/21/18
f 135/20/19 453/22/19 452/20/19
f 453/22/19 135/20/19 449/22/19
f 453/22/20 454/20/20 452/20/20
f 454/20/20 453/22/20 455/22/20
f 458/21/21 457/22/21 456/21/21
f 457/22/21 458/21/21 455/22/21
f 455/22/21 458/21/21 454/20/21
f 454/20/21 458/21/21 261/20/21
f 448/21/21 263/20/21 459/21/21
f 263/20/21 448/21/21 264/20/21
f 461/21/22 457/22/20 460/22/22
f 457/22/20 461/21/22 456/21/20
f 450/22/8 453/22/8 449/22/8
f 453/22/8 450/22/8 460/22/8
f 460/22/8 450/22/8 462/22/8
f 457/22/8 453/22/8 460/22/8
f 453/22/8 457/22/8 455/22/8
f 461/21/9 458/21/9 456/21/9
f 458/21/9 461/21/9 459/21/9
f 459/21/9 461/21/9 448/21/9
f 448/21/9 461/21/9 451/21/9
f 451/21/9 461/21/9 463/21/9
f 450/22/19 463/21/23 462/22/23
f 463/21/23 450/22/19 451/21/19
f 462/22/23 461/21/22 460/22/22
f 461/21/22 462/22/23 463/21/23
f 458/21/18 263/20/18 261/20/18
f 263/20/18 458/21/18 459/21/18
f 466/22/8 465/22/8 464/22/8
f 465/22/8 466/22/8 467/22/8
f 469/20/19 465/22/19 468/20/19
f 465/22/19 469/20/19 464/22/19
f 471/21/21 268/20/21 470/21/21
f 268/20/21 471/21/21 266/20/21
f 470/21/9 472/21/9 471/21/9
f 472/21/9 470/21/9 473/21/9
f 466/22/19 473/21/19 467/22/19
f 473/21/19 466/22/19 472/21/19
f 476/22/8 475/22/8 474/22/8
f 475/22/8 476/22/8 477/22/8
f 479/20/19 475/22/19 478/20/19
f 475/22/19 479/20/19 474/22/19
f 481/21/21 272/20/21 480/21/21
f 272/20/21 481/21/21 270/20/21
f 480/21/9 482/21/9 481/21/9
f 482/21/9 480/21/9 483/21/9
f 476/22/19 483/21/19 477/22/19
f 483/21/19 476/22/19 482/21/19
f 486/22/8 485/22/8 484/22/8
f 485/22/8 486/22/8 487/22/8
f 11/20/19 485/22/19 488/20/19
f 485/22/19 11/20/19 484/22/19
f 490/21/21 276/20/21 489/21/21
f 276/20/21 490/21/21 274/20/21
f 489/21/9 491/21/9 490/21/9
f 491/21/9 489/21/9 492/21/9
f 486/22/19 492/21/19 487/22/19
f 492/21/19 486/22/19 491/21/19
f 494/21/24 493/20/24 279/20/24
f 493/20/24 494/21/24 495/22/24
f 495/22/24 494/21/24 496/22/24
f 496/22/24 494/21/24 497/21/24
f 493/20/25 498/22/25 12/20/25
f 498/22/25 493/20/25 495/22/25
f 498/22/26 11/20/26 12/20/26
f 11/20/26 498/22/26 484/22/26
f 490/21/27 486/22/27 491/21/27
f 486/22/27 490/21/27 484/22/27
f 484/22/27 490/21/27 11/20/27
f 11/20/27 490/21/27 274/20/27
f 494/21/27 278/20/27 499/21/27
f 278/20/27 494/21/27 279/20/27
f 501/21/28 486/22/26 500/22/28
f 486/22/26 501/21/28 491/21/26
f 496/22/8 498/22/8 495/22/8
f 498/22/8 496/22/8 500/22/8
f 500/22/8 496/22/8 502/22/8
f 486/22/8 498/22/8 500/22/8
f 498/22/8 486/22/8 484/22/8
f 501/21/9 490/21/9 491/21/9
f 490/21/9 501/21/9 499/21/9
f 499/21/9 501/21/9 494/21/9
f 494/21/9 501/21/9 497/21/9
f 497/21/9 501/21/9 503/21/9
f 496/22/25 503/21/29 502/22/29
f 503/21/29 496/22/25 497/21/25
f 502/22/29 501/21/28 500/22/28
f 501/21/28 502/22/29 503/21/29
f 490/21/24 278/20/24 274/20/24
f 278/20/24 490/21/24 499/21/24
f 506/22/8 505/22/8 504/22/8
f 505/22/8 506/22/8 507/22/8
f 509/20/30 505/22/30 508/20/30
f 505/22/30 509/20/30 504/22/30
f 511/21/12 283/20/12 510/21/12
f 283/20/12 511/21/12 281/20/12
f 510/21/9 512/21/9 511/21/9
f 512/21/9 510/21/9 513/21/9
f 506/22/30 513/21/30 507/22/30
f 513/21/30 506/22/30 512/21/30
f 514/21/1 158/20/1 287/20/1
f 158/20/1 514/21/1 515/22/1
f 515/22/1 514/21/1 516/22/1
f 516/22/1 514/21/1 517/21/1
f 158/20/7 519/22/7 518/20/7
f 519/22/7 158/20/7 515/22/7
f 519/22/4 520/20/4 518/20/4
f 520/20/4 519/22/4 521/22/4
f 524/21/5 523/22/5 522/21/5
f 523/22/5 524/21/5 521/22/5
f 521/22/5 524/21/5 520/20/5
f 520/20/5 524/21/5 284/20/5
f 514/21/5 286/20/5 525/21/5
f 286/20/5 514/21/5 287/20/5
f 527/21/31 523/22/4 526/22/31
f 523/22/4 527/21/31 522/21/4
f 516/22/8 519/22/8 515/22/8
f 519/22/8 516/22/8 526/22/8
f 526/22/8 516/22/8 528/22/8
f 523/22/8 519/22/8 526/22/8
f 519/22/8 523/22/8 521/22/8
f 527/21/9 524/21/9 522/21/9
f 524/21/9 527/21/9 525/21/9
f 525/21/9 527/21/9 514/21/9
f 514/21/9 527/21/9 517/21/9
f 517/21/9 527/21/9 529/21/9
f 516/22/7 529/21/32 528/22/32
f 529/21/32 516/22/7 517/21/7
f 528/22/32 527/21/31 526/22/31
f 527/21/31 528/22/32 529/21/32
f 524/21/1 286/20/1 284/20/1
f 286/20/1 524/21/1 525/21/1
f 532/22/8 531/22/8 530/22/8
f 531/22/8 532/22/8 533/22/8
f 535/20/30 531/22/30 534/20/30
f 531/22/30 535/20/30 530/22/30
f 537/21/12 291/20/12 536/21/12
f 291/20/12 537/21/12 289/20/12
f 536/21/9 538/21/9 537/21/9
f 538/21/9 536/21/9 539/21/9
f 532/22/30 539/21/30 533/22/30
f 539/21/30 532/22/30 538/21/30
f 542/22/8 541/22/8 540/22/8
f 541/22/8 542/22/8 543/22/8
f 545/20/30 541/22/30 544/20/30
f 541/22/30 545/20/30 540/22/30
f 547/21/12 295/20/12 546/21/12
f 295/20/12 547/21/12 293/20/12
f 546/21/9 548/21/9 547/21/9
f 548/21/9 546/21/9 549/21/9
f 542/22/30 549/21/30 543/22/30
f 549/21/30 542/22/30 548/21/30
f 551/21/33 550/20/33 299/20/33
f 550/20/33 551/21/33 552/22/33
f 552/22/33 551/21/33 553/22/33
f 553/22/33 551/21/33 554/21/33
f 550/20/30 556/22/30 555/20/30
f 556/22/30 550/20/30 552/22/30
f 556/22/34 557/20/34 555/20/34
f 557/20/34 556/22/34 558/22/34
f 561/21/12 560/22/12 559/21/12
f 560/22/12 561/21/12 558/22/12
f 558/22/12 561/21/12 557/20/12
f 557/20/12 561/21/12 296/20/12
f 551/21/12 298/20/12 562/21/12
f 298/20/12 551/21/12 299/20/12
f 564/21/35 560/22/34 563/22/35
f 560/22/34 564/21/35 559/21/34
f 553/22/8 556/22/8 552/22/8
f 556/22/8 553/22/8 563/22/8
f 563/22/8 553/22/8 565/22/8
f 560/22/8 556/22/8 563/22/8
f 556/22/8 560/22/8 558/22/8
f 564/21/9 561/21/9 559/21/9
f 561/21/9 564/21/9 562/21/9
f 562/21/9 564/21/9 551/21/9
f 551/21/9 564/21/9 554/21/9
f 554/21/9 564/21/9 566/21/9
f 553/22/30 566/21/36 565/22/36
f 566/21/36 553/22/30 554/21/30
f 565/22/36 564/21/35 563/22/35
f 564/21/35 565/22/36 566/21/36
f 561/21/33 298/20/33 296/20/33
f 298/20/33 561/21/33 562/21/33
f 569/20/37 568/21/32 567/20/32
f 568/21/32 569/20/37 570/21/37
f 573/21/31 572/20/38 571/20/31
f 572/20/38 573/21/31 574/21/38
f 577/21/28 576/20/39 575/20/28
f 576/20/39 577/21/28 578/21/39
f 581/21/29 580/20/40 579/21/40
f 580/20/40 581/21/29 582/20/29
f 567/20/32 573/21/31 571/20/31
f 573/21/31 567/20/32 568/21/32
f 576/20/39 570/21/37 569/20/37
f 570/21/37 576/20/39 578/21/39
f 577/21/28 582/20/29 581/21/29
f 582/20/29 577/21/28 575/20/28
f 579/21/40 572/20/38 574/21/38
f 572/20/38 579/21/40 580/20/40
f 574/21/9 581/21/9 579/21/9
f 581/21/9 574/21/9 577/21/9
f 577/21/9 574/21/9 573/21/9
f 577/21/9 573/21/9 578/21/9
f 578/21/9 573/21/9 568/21/9
f 578/21/9 568/21/9 570/21/9
f 585/20/37 584/21/32 583/20/32
f 584/21/32 585/20/37 586/21/37
f 589/21/31 588/20/38 587/20/31
f 588/20/38 589/21/31 590/21/38
f 593/21/28 592/20/39 591/20/28
f 592/20/39 593/21/28 594/21/39
f 597/21/29 596/20/40 595/21/40
f 596/20/40 597/21/29 598/20/29
f 583/20/32 589/21/31 587/20/31
f 589/21/31 583/20/32 584/21/32
f 592/20/39 586/21/37 585/20/37
f 586/21/37 592/20/39 594/21/39
f 593/21/28 598/20/29 597/21/29
f 598/20/29 593/21/28 591/20/28
f 595/21/40 588/20/38 590/21/38
f 588/20/38 595/21/40 596/20/40
f 590/21/9 597/21/9 595/21/9
f 597/21/9 590/21/9 593/21/9
f 593/21/9 590/21/9 589/21/9
f 593/21/9 589/21/9 594/21/9
f 594/21/9 589/21/9 584/21/9
f 594/21/9 584/21/9 586/21/9
f 606/23/9 604/23/9 304/23/9
f 304/23/9 604/23/9 300/23/9
f 604/23/9 601/23/9 300/23/9
f 601/23/9 602/23/9 300/23/9
f 301/23/9 300/23/9 602/23/9
f 603/20/8 605/20/8 599/20/8
f 599/20/8 605/20/8 600/20/8
f 607/20/8 600/20/8 605/20/8
f 601/23/39 604/23/37 599/20/39
f 603/20/37 599/20/39 604/23/37
f 606/23/11 605/20/11 604/23/37
f 603/20/37 604/23/37 605/20/11
f 602/23/10 601/23/39 600/20/10
f 599/20/39 600/20/10 601/23/39
f 610/23/12 609/20/12 608/23/12
f 609/20/12 610/23/12 611/20/12
f 307/23/9 610/23/9 608/23/9
f 610/23/9 307/23/9 309/23/9
f 612/20/8 609/20/8 611/20/8
f 609/20/8 612/20/8 613/20/8
f 616/23/12 615/20/12 614/23/12
f 615/20/12 616/23/12 617/20/12
f 311/23/9 616/23/9 614/23/9
f 616/23/9 311/23/9 313/23/9
f 618/20/8 615/20/8 617/20/8
f 615/20/8 618/20/8 619/20/8
f 622/23/12 621/20/12 620/23/12
f 621/20/12 622/23/12 623/20/12
f 315/23/9 622/23/9 620/23/9
f 622/23/9 315/23/9 317/23/9
f 624/20/8 621/20/8 623/20/8
f 621/20/8 624/20/8 625/20/8
f 628/23/28 627/20/10 626/20/28
f 627/20/10 628/23/28 629/23/10
f 632/20/13 631/23/29 630/20/29
f 631/23/29 632/20/13 633/23/13
f 631/23/29 626/20/28 630/20/29
f 626/20/28 631/23/29 628/23/28
f 632/20/8 627/20/8 634/20/8
f 627/20/8 632/20/8 626/20/8
f 626/20/8 632/20/8 630/20/8
f 629/23/9 318/23/9 319/23/9
f 318/23/9 629/23/9 628/23/9
f 318/23/9 628/23/9 631/23/9
f 318/23/9 631/23/9 322/23/9
f 322/23/9 631/23/9 633/23/9
f 637/25/5 636/24/42 635/24/41
f 636/24/42 637/25/5 638/25/43
f 641/24/45 640/25/7 639/24/44
f 640/25/7 641/24/45 642/25/46
f 636/24/43 644/26/1 643/26/43
f 644/26/1 636/24/43 645/24/1
f 637/25/5 647/24/48 646/25/47
f 647/24/48 637/25/5 635/24/41
f 648/25/1 641/24/45 645/24/49
f 641/24/45 648/25/1 642/25/46
f 650/25/4 647/24/48 649/24/50
f 647/24/48 650/25/4 646/25/47
f 652/25/52 649/24/50 651/24/51
f 649/24/50 652/25/52 650/25/4
f 654/21/54 637/25/5 653/21/53
f 637/25/5 654/21/54 638/25/43
f 645/24/1 655/26/46 644/26/1
f 655/26/46 645/24/1 641/24/46
f 651/24/52 657/26/4 656/26/52
f 657/26/4 651/24/52 649/24/4
f 658/26/7 651/24/52 656/26/52
f 651/24/52 658/26/7 639/24/7
f 638/25/43 645/24/49 636/24/42
f 645/24/49 638/25/43 648/25/1
f 659/21/55 650/25/4 652/25/52
f 650/25/4 659/21/55 660/21/56
f 661/21/57 637/25/5 646/25/47
f 637/25/5 661/21/57 653/21/53
f 660/21/56 646/25/47 650/25/4
f 646/25/47 660/21/56 661/21/57
f 651/24/51 640/25/7 652/25/52
f 640/25/7 651/24/51 639/24/44
f 662/21/58 642/25/46 648/25/1
f 642/25/46 662/21/58 663/21/59
f 640/25/7 659/21/55 652/25/52
f 659/21/55 640/25/7 664/21/60
f 661/21/9 654/21/9 653/21/9
f 654/21/9 661/21/9 660/21/9
f 654/21/9 660/21/9 662/21/9
f 662/21/9 660/21/9 659/21/9
f 662/21/9 659/21/9 663/21/9
f 663/21/9 659/21/9 664/21/9
f 635/24/5 665/26/47 647/24/47
f 665/26/47 635/24/5 666/26/5
f 649/24/4 665/26/47 657/26/4
f 665/26/47 649/24/4 647/24/47
f 640/25/7 663/21/59 664/21/60
f 663/21/59 640/25/7 642/25/46
f 636/24/43 666/26/5 635/24/5
f 666/26/5 636/24/43 643/26/43
f 654/21/54 648/25/1 638/25/43
f 648/25/1 654/21/54 662/21/58
f 655/26/46 639/24/7 658/26/7
f 639/24/7 655/26/46 641/24/46
f 669/25/5 668/24/42 667/24/41
f 668/24/42 669/25/5 670/25/43
f 673/24/45 672/25/7 671/24/44
f 672/25/7 673/24/45 674/25/46
f 668/24/43 676/26/1 675/26/43
f 676/26/1 668/24/43 677/24/1
f 669/25/5 679/24/48 678/25/47
f 679/24/48 669/25/5 667/24/41
f 680/25/1 673/24/45 677/24/49
f 673/24/45 680/25/1 674/25/46
f 682/25/4 679/24/48 681/24/50
f 679/24/48 682/25/4 678/25/47
f 684/25/52 681/24/50 683/24/51
f 681/24/50 684/25/52 682/25/4
f 686/21/54 669/25/5 685/21/53
f 669/25/5 686/21/54 670/25/43
f 677/24/1 687/26/46 676/26/1
f 687/26/46 677/24/1 673/24/46
f 683/24/52 689/26/4 688/26/52
f 689/26/4 683/24/52 681/24/4
f 690/26/7 683/24/52 688/26/52
f 683/24/52 690/26/7 671/24/7
f 670/25/43 677/24/49 668/24/42
f 677/24/49 670/25/43 680/25/1
f 691/21/55 682/25/4 684/25/52
f 682/25/4 691/21/55 692/21/56
f 693/21/57 669/25/5 678/25/47
f 669/25/5 693/21/57 685/21/53
f 692/21/56 678/25/47 682/25/4
f 678/25/47 692/21/56 693/21/57
f 683/24/51 672/25/7 684/25/52
f 672/25/7 683/24/51 671/24/44
f 694/21/58 674/25/46 680/25/1
f 674/25/46 694/21/58 695/21/59
f 672/25/7 691/21/55 684/25/52
f 691/21/55 672/25/7 696/21/60
f 693/21/9 686/21/9 685/21/9
f 686/21/9 693/21/9 692/21/9
f 686/21/9 692/21/9 694/21/9
f 694/21/9 692/21/9 691/21/9
f 694/21/9 691/21/9 695/21/9
f 695/21/9 691/21/9 696/21/9
f 667/24/5 697/26/47 679/24/47
f 697/26/47 667/24/5 698/26/5
f 681/24/4 697/26/47 689/26/4
f 697/26/47 681/24/4 679/24/47
f 672/25/7 695/21/59 696/21/60
f 695/21/59 672/25/7 674/25/46
f 668/24/43 698/26/5 667/24/5
f 698/26/5 668/24/43 675/26/43
f 686/21/54 680/25/1 670/25/43
f 680/25/1 686/21/54 694/21/58
f 687/26/46 671/24/7 690/26/7
f 671/24/7 687/26/46 673/24/46
f 701/27/1 700/27/1 699/26/1
f 700/27/1 701/27/1 702/28/1
f 700/27/1 702/28/1 703/28/1
f 703/28/1 702/28/1 704/29/1
f 703/28/1 704/29/1 705/29/1
f 705/29/1 704/29/1 706/21/1
f 700/27/16 708/28/7 707/27/16
f 708/28/7 700/27/16 703/28/7
f 700/27/16 709/26/8 699/26/8
f 709/26/8 700/27/16 707/27/16
f 699/26/8 710/27/14 701/27/14
f 710/27/14 699/26/8 709/26/8
f 702/28/5 710/27/14 711/28/5
f 710/27/14 702/28/5 701/27/14
f 704/29/15 711/28/5 712/29/15
f 711/28/5 704/29/15 702/28/5
f 713/21/9 704/29/15 712/29/15
f 704/29/15 713/21/9 706/21/9
f 714/29/17 706/21/9 713/21/9
f 706/21/9 714/29/17 705/29/17
f 703/28/7 714/29/17 708/28/7
f 714/29/17 703/28/7 705/29/17
f 717/21/46 716/20/7 715/21/7
f 716/20/7 717/21/46 718/20/46
f 715/21/7 720/20/52 719/21/52
f 720/20/52 715/21/7 716/20/7
f 720/20/52 721/21/4 719/21/52
f 721/21/4 720/20/52 722/20/4
f 722/20/4 723/21/47 721/21/4
f 723/21/47 722/20/4 724/20/47
f 725/20/5 723/21/47 724/20/47
f 723/21/47 725/20/5 726/21/5
f 727/20/43 726/21/5 725/20/5
f 726/21/5 727/20/43 728/21/43
f 727/20/43 729/21/1 728/21/43
f 729/21/1 727/20/43 730/20/1
f 730/20/1 717/21/46 729/21/1
f 717/21/46 730/20/1 718/20/46
f 733/30/8 732/30/8 731/30/8
f 732/30/8 733/30/8 734/30/8
f 732/30/8 734/30/8 735/30/8
f 735/30/8 734/30/8 736/30/8
f 735/30/8 736/30/8 737/30/8
f 737/30/8 736/30/8 738/30/8
f 741/31/9 740/31/9 739/31/9
f 740/31/9 741/31/9 742/31/9
f 740/31/9 742/31/9 743/31/9
f 743/31/9 742/31/9 744/31/9
f 743/31/9 744/31/9 745/31/9
f 745/31/9 744/31/9 746/31/9
f 745/31/62 747/32/61 743/31/61
f 747/32/61 745/31/62 748/32/62
f 750/32/64 741/31/63 749/32/63
f 741/31/63 750/32/64 742/31/64
f 739/31/65 752/32/66 751/32/65
f 752/32/66 739/31/65 740/31/66
f 746/31/67 748/32/62 745/31/62
f 748/32/62 746/31/67 753/32/67
f 754/32/68 742/31/64 750/32/64
f 742/31/64 754/32/68 744/31/68
f 749/32/63 739/31/65 751/32/65
f 739/31/65 749/32/63 741/31/63
f 740/31/66 747/32/61 752/32/66
f 747/32/61 740/31/66 743/31/61
f 754/32/68 746/31/67 744/31/68
f 746/31/67 754/32/68 753/32/67
f 747/32/1 736/30/46 734/30/1
f 736/30/46 747/32/1 748/32/46
f 750/32/4 732/30/47 735/30/4
f 732/30/47 750/32/4 749/32/47
f 752/32/43 731/30/5 751/32/5
f 731/30/5 752/32/43 733/30/43
f 738/30/7 754/32/52 737/30/52
f 754/32/52 738/30/7 753/32/7
f 752/32/43 734/30/1 733/30/43
f 734/30/1 752/32/43 747/32/1
f 736/30/46 753/32/7 738/30/7
f 753/32/7 736/30/46 748/32/46
f 751/32/5 732/30/47 749/32/47
f 732/30/47 751/32/5 731/30/5
f 754/32/52 735/30/4 737/30/52
f 735/30/4 754/32/52 750/32/4
f 5/33/8 755/33/8 7/33/8
f 755/33/8 5/33/8 756/33/8
f 759/34/69 758/33/6 757/34/69
f 758/33/6 759/34/69 6/33/6
f 759/34/69 761/34/70 760/34/70
f 761/34/70 759/34/69 757/34/69
f 5/33/3 761/34/70 756/33/3
f 761/34/70 5/33/3 760/34/70
f 8/33/3 763/35/71 762/33/3
f 763/35/71 8/33/3 14/35/71
f 763/35/2 758/33/2 762/33/2
f 758/33/2 763/35/2 757/34/2
f 757/34/2 763/35/2 761/34/2
f 764/35/2 761/34/2 763/35/2
f 764/35/2 763/35/2 765/31/2
f 764/35/2 765/31/2 766/31/2
f 755/33/2 761/34/2 764/35/2
f 761/34/2 755/33/2 756/33/2
f 8/33/8 758/33/8 6/33/8
f 758/33/8 8/33/8 762/33/8
f 769/23/72 768/20/2 767/20/72
f 768/20/2 769/23/72 770/23/2
f 771/20/73 769/23/72 767/20/72
f 769/23/72 771/20/73 772/23/73
f 773/20/3 772/23/73 771/20/73
f 772/23/73 773/20/3 774/23/3
f 769/23/9 9/23/9 770/23/9
f 9/23/9 769/23/9 10/23/9
f 10/23/9 769/23/9 772/23/9
f 10/23/9 772/23/9 19/23/9
f 19/23/9 772/23/9 774/23/9
f 773/20/8 768/20/8 775/20/8
f 768/20/8 773/20/8 767/20/8
f 767/20/8 773/20/8 771/20/8
f 765/31/75 16/31/74 766/31/74
f 16/31/74 765/31/75 17/31/75
f 16/31/74 764/35/76 766/31/74
f 764/35/76 16/31/74 13/35/76
f 13/35/76 755/33/6 764/35/76
f 755/33/6 13/35/76 7/33/6
f 14/35/71 765/31/75 763/35/71
f 765/31/75 14/35/71 17/31/75
f 778/21/72 777/20/77 776/20/72
f 777/20/77 778/21/72 779/21/77
f 782/20/3 781/21/73 780/20/73
f 781/21/73 782/20/3 783/21/3
f 786/21/6 785/20/78 784/21/78
f 785/20/78 786/21/6 787/20/6
f 784/21/78 777/20/77 779/21/77
f 777/20/77 784/21/78 785/20/78
f 782/20/8 785/20/8 787/20/8
f 785/20/8 782/20/8 777/20/8
f 777/20/8 782/20/8 776/20/8
f 776/20/8 782/20/8 780/20/8
f 780/20/73 778/21/72 776/20/72
f 778/21/72 780/20/73 781/21/73
f 779/21/9 786/21/9 784/21/9
f 786/21/9 779/21/9 783/21/9
f 783/21/9 779/21/9 778/21/9
f 783/21/9 778/21/9 781/21/9
f 790/36/69 789/36/70 788/36/70
f 789/36/70 790/36/69 791/36/69
f 794/37/79 793/38/3 792/37/79
f 793/38/3 794/37/79 795/39/3
f 795/39/3 794/37/79 789/36/70
f 789/36/70 794/37/79 788/36/70
f 790/36/69 796/39/6 791/36/69
f 796/39/6 790/36/69 797/38/6
f 797/38/6 790/36/69 798/37/80
f 798/37/80 790/36/69 799/37/80
f 798/37/80 794/37/79 792/37/79
f 794/37/79 798/37/80 799/37/80
f 796/39/2 800/40/2 791/36/2
f 791/36/2 800/40/2 789/36/2
f 801/40/2 789/36/2 800/40/2
f 801/40/2 795/39/2 789/36/2
f 793/38/2 796/39/2 795/39/2
f 801/40/2 793/38/2 795/39/2
f 796/39/2 793/38/2 797/38/2
f 797/38/2 800/40/2 796/39/2
f 801/40/2 792/37/2 793/38/2
f 802/20/2 792/37/2 801/40/2
f 798/37/2 800/40/2 797/38/2
f 792/37/2 802/20/2 798/37/2
f 798/37/2 803/20/2 800/40/2
f 803/20/2 798/37/2 802/20/2
f 806/34/16 805/34/14 804/34/16
f 805/34/14 806/34/16 807/34/14
f 810/20/8 809/20/8 808/20/8
f 809/20/8 810/20/8 811/20/8
f 811/20/8 810/20/8 812/20/8
f 21/41/7 804/34/16 813/41/7
f 804/34/16 21/41/7 806/34/16
f 807/34/14 814/41/5 805/34/14
f 814/41/5 807/34/14 22/41/5
f 25/23/9 815/23/9 26/23/9
f 815/23/9 25/23/9 816/23/9
f 32/23/9 816/23/9 25/23/9
f 817/23/9 816/23/9 32/23/9
f 816/23/9 817/23/9 818/23/9
f 817/23/5 809/20/40 818/23/40
f 809/20/40 817/23/5 808/20/5
f 815/23/4 811/20/38 812/20/4
f 811/20/38 815/23/4 816/23/38
f 818/23/40 811/20/38 816/23/38
f 811/20/38 818/23/40 809/20/40
f 820/31/4 814/41/4 819/41/4
f 814/41/4 820/31/4 805/34/4
f 805/34/4 820/31/4 804/34/4
f 821/31/4 804/34/4 820/31/4
f 822/41/4 804/34/4 821/31/4
f 804/34/4 822/41/4 813/41/4
f 24/41/7 820/31/7 819/41/7
f 820/31/7 24/41/7 30/31/7
f 820/31/9 28/31/9 821/31/9
f 28/31/9 820/31/9 30/31/9
f 28/31/5 822/41/5 821/31/5
f 822/41/5 28/31/5 23/41/5
f 825/21/9 824/21/9 823/21/9
f 824/21/9 825/21/9 826/21/9
f 826/21/9 825/21/9 827/21/9
f 826/21/9 827/21/9 828/21/9
f 828/21/9 827/21/9 829/21/9
f 830/21/9 828/21/9 829/21/9
f 829/21/9 827/21/9 831/21/9
f 831/21/9 827/21/9 832/21/9
f 827/21/31 834/20/38 833/20/31
f 834/20/38 827/21/31 825/21/38
f 837/20/8 836/20/8 835/20/8
f 836/20/8 837/20/8 834/20/8
f 834/20/8 837/20/8 833/20/8
f 833/20/8 837/20/8 838/20/8
f 837/20/7 832/21/32 838/20/32
f 832/21/32 837/20/7 831/21/7
f 831/21/7 837/20/7 839/21/7
f 824/21/5 836/20/40 823/21/40
f 836/20/40 824/21/5 835/20/5
f 835/20/5 824/21/5 840/21/5
f 832/21/32 833/20/31 838/20/32
f 833/20/31 832/21/32 827/21/31
f 823/21/40 834/20/38 825/21/38
f 834/20/38 823/21/40 836/20/40
f 843/42/16 842/42/8 841/42/16
f 842/42/8 843/42/16 844/42/14
f 842/42/8 844/42/14 845/42/8
f 845/42/8 844/42/14 846/42/14
f 844/42/14 847/43/15 846/42/14
f 847/43/15 844/42/14 848/43/15
f 850/43/17 841/42/16 849/43/17
f 841/42/16 850/43/17 843/42/16
f 851/43/9 850/43/17 849/43/17
f 850/43/17 851/43/9 848/43/15
f 848/43/15 851/43/9 852/43/9
f 848/43/15 852/43/9 847/43/15
f 847/43/4 853/40/4 846/42/4
f 846/42/4 853/40/4 845/42/4
f 847/43/4 854/20/4 853/40/4
f 854/20/4 847/43/4 855/20/4
f 849/43/4 855/20/4 847/43/4
f 849/43/4 847/43/4 852/43/4
f 855/20/4 849/43/4 856/40/4
f 849/43/4 852/43/4 851/43/4
f 845/42/4 851/43/4 852/43/4
f 856/40/4 849/43/4 841/42/4
f 856/40/4 841/42/4 853/40/4
f 851/43/4 845/42/4 842/42/4
f 845/42/4 853/40/4 842/42/4
f 842/42/4 853/40/4 841/42/4
f 859/34/14 858/34/16 857/34/16
f 858/34/16 859/34/14 860/34/14
f 33/41/7 858/34/16 861/41/7
f 858/34/16 33/41/7 857/34/16
f 859/34/14 862/41/5 860/34/14
f 862/41/5 859/34/14 34/41/5
f 864/23/9 37/23/9 863/23/9
f 37/23/9 864/23/9 38/23/9
f 864/23/4 866/20/4 865/20/4
f 866/20/4 864/23/4 863/23/4
f 868/31/4 862/41/4 867/41/4
f 862/41/4 868/31/4 860/34/4
f 860/34/4 868/31/4 858/34/4
f 869/31/4 858/34/4 868/31/4
f 870/41/4 858/34/4 869/31/4
f 858/34/4 870/41/4 861/41/4
f 36/41/7 868/31/7 867/41/7
f 868/31/7 36/41/7 42/31/7
f 868/31/9 40/31/9 869/31/9
f 40/31/9 868/31/9 42/31/9
f 40/31/5 870/41/5 869/31/5
f 870/41/5 40/31/5 35/41/5
f 872/20/8 866/20/8 871/20/8
f 866/20/8 872/20/8 865/20/8
f 875/21/9 874/21/9 873/21/9
f 874/21/9 875/21/9 876/21/9
f 876/21/9 875/21/9 877/21/9
f 876/21/9 877/21/9 878/21/9
f 878/21/9 877/21/9 879/21/9
f 880/21/9 878/21/9 879/21/9
f 879/21/9 877/21/9 881/21/9
f 881/21/9 877/21/9 882/21/9
f 877/21/31 884/20/38 883/20/31
f 884/20/38 877/21/31 875/21/38
f 887/20/8 886/20/8 885/20/8
f 886/20/8 887/20/8 884/20/8
f 884/20/8 887/20/8 883/20/8
f 883/20/8 887/20/8 888/20/8
f 887/20/7 882/21/32 888/20/32
f 882/21/32 887/20/7 881/21/7
f 881/21/7 887/20/7 889/21/7
f 874/21/5 886/20/40 873/21/40
f 886/20/40 874/21/5 885/20/5
f 885/20/5 874/21/5 890/21/5
f 882/21/32 883/20/31 888/20/32
f 883/20/31 882/21/32 877/21/31
f 873/21/40 884/20/38 875/21/38
f 884/20/38 873/21/40 886/20/40
f 893/42/16 892/42/8 891/42/16
f 892/42/8 893/42/16 894/42/14
f 892/42/8 894/42/14 895/42/8
f 895/42/8 894/42/14 896/42/14
f 894/42/14 897/43/15 896/42/14
f 897/43/15 894/42/14 898/43/15
f 900/43/17 891/42/16 899/43/17
f 891/42/16 900/43/17 893/42/16
f 901/43/9 900/43/17 899/43/17
f 900/43/17 901/43/9 898/43/15
f 898/43/15 901/43/9 902/43/9
f 898/43/15 902/43/9 897/43/15
f 897/43/4 903/40/4 896/42/4
f 896/42/4 903/40/4 895/42/4
f 897/43/4 904/20/4 903/40/4
f 904/20/4 897/43/4 905/20/4
f 899/43/4 905/20/4 897/43/4
f 899/43/4 897/43/4 902/43/4
f 905/20/4 899/43/4 906/40/4
f 899/43/4 902/43/4 901/43/4
f 895/42/4 901/43/4 902/43/4
f 906/40/4 899/43/4 891/42/4
f 906/40/4 891/42/4 903/40/4
f 901/43/4 895/42/4 892/42/4
f 895/42/4 903/40/4 892/42/4
f 892/42/4 903/40/4 891/42/4
f 909/34/14 908/34/16 907/34/16
f 908/34/16 909/34/14 910/34/14
f 43/41/7 908/34/16 911/41/7
f 908/34/16 43/41/7 907/34/16
f 909/34/14 912/41/5 910/34/14
f 912/41/5 909/34/14 44/41/5
f 914/23/9 47/23/9 913/23/9
f 47/23/9 914/23/9 48/23/9
f 914/23/4 916/20/4 915/20/4
f 916/20/4 914/23/4 913/23/4
f 918/31/4 912/41/4 917/41/4
f 912/41/4 918/31/4 910/34/4
f 910/34/4 918/31/4 908/34/4
f 919/31/4 908/34/4 918/31/4
f 920/41/4 908/34/4 919/31/4
f 908/34/4 920/41/4 911/41/4
f 46/41/7 918/31/7 917/41/7
f 918/31/7 46/41/7 52/31/7
f 918/31/9 50/31/9 919/31/9
f 50/31/9 918/31/9 52/31/9
f 50/31/5 920/41/5 919/31/5
f 920/41/5 50/31/5 45/41/5
f 922/20/8 916/20/8 921/20/8
f 916/20/8 922/20/8 915/20/8
f 925/21/9 924/21/9 923/21/9
f 924/21/9 925/21/9 926/21/9
f 926/21/9 925/21/9 927/21/9
f 926/21/9 927/21/9 928/21/9
f 928/21/9 927/21/9 929/21/9
f 930/21/9 928/21/9 929/21/9
f 929/21/9 927/21/9 931/21/9
f 931/21/9 927/21/9 932/21/9
f 927/21/31 934/20/38 933/20/31
f 934/20/38 927/21/31 925/21/38
f 937/20/8 936/20/8 935/20/8
f 936/20/8 937/20/8 934/20/8
f 934/20/8 937/20/8 933/20/8
f 933/20/8 937/20/8 938/20/8
f 937/20/7 932/21/32 938/20/32
f 932/21/32 937/20/7 931/21/7
f 931/21/7 937/20/7 939/21/7
f 924/21/5 936/20/40 923/21/40
f 936/20/40 924/21/5 935/20/5
f 935/20/5 924/21/5 940/21/5
f 932/21/32 933/20/31 938/20/32
f 933/20/31 932/21/32 927/21/31
f 923/21/40 934/20/38 925/21/38
f 934/20/38 923/21/40 936/20/40
f 943/42/16 942/42/8 941/42/16
f 942/42/8 943/42/16 944/42/14
f 942/42/8 944/42/14 945/42/8
f 945/42/8 944/42/14 946/42/14
f 944/42/14 947/43/15 946/42/14
f 947/43/15 944/42/14 948/43/15
f 950/43/17 941/42/16 949/43/17
f 941/42/16 950/43/17 943/42/16
f 951/43/9 950/43/17 949/43/17
f 950/43/17 951/43/9 948/43/15
f 948/43/15 951/43/9 952/43/9
f 948/43/15 952/43/9 947/43/15
f 947/43/4 953/40/4 946/42/4
f 946/42/4 953/40/4 945/42/4
f 947/43/4 954/20/4 953/40/4
f 954/20/4 947/43/4 955/20/4
f 949/43/4 955/20/4 947/43/4
f 949/43/4 947/43/4 952/43/4
f 955/20/4 949/43/4 956/40/4
f 949/43/4 952/43/4 951/43/4
f 945/42/4 951/43/4 952/43/4
f 956/40/4 949/43/4 941/42/4
f 956/40/4 941/42/4 953/40/4
f 951/43/4 945/42/4 942/42/4
f 945/42/4 953/40/4 942/42/4
f 942/42/4 953/40/4 941/42/4
f 53/33/8 957/33/8 55/33/8
f 957/33/8 53/33/8 958/33/8
f 961/34/69 960/33/6 959/34/69
f 960/33/6 961/34/69 54/33/6
f 961/34/69 963/34/70 962/34/70
f 963/34/70 961/34/69 959/34/69
f 53/33/3 963/34/70 958/33/3
f 963/34/70 53/33/3 962/34/70
f 56/33/3 965/35/71 964/33/3
f 965/35/71 56/33/3 62/35/71
f 965/35/2 960/33/2 964/33/2
f 960/33/2 965/35/2 959/34/2
f 959/34/2 965/35/2 963/34/2
f 966/35/2 963/34/2 965/35/2
f 966/35/2 965/35/2 967/31/2
f 966/35/2 967/31/2 968/31/2
f 957/33/2 963/34/2 966/35/2
f 963/34/2 957/33/2 958/33/2
f 56/33/8 960/33/8 54/33/8
f 960/33/8 56/33/8 964/33/8
f 971/23/2 970/20/2 969/20/2
f 970/20/2 971/23/2 972/23/2
f 974/20/8 970/20/8 973/20/8
f 970/20/8 974/20/8 969/20/8
f 967/31/75 64/31/74 968/31/74
f 64/31/74 967/31/75 65/31/75
f 64/31/74 966/35/76 968/31/74
f 966/35/76 64/31/74 61/35/76
f 61/35/76 957/33/6 966/35/76
f 957/33/6 61/35/76 55/33/6
f 62/35/71 967/31/75 965/35/71
f 967/31/75 62/35/71 65/31/75
f 971/23/9 57/23/9 972/23/9
f 57/23/9 971/23/9 58/23/9
f 977/21/72 976/20/77 975/20/72
f 976/20/77 977/21/72 978/21/77
f 981/20/3 980/21/73 979/20/73
f 980/21/73 981/20/3 982/21/3
f 985/21/6 984/20/78 983/21/78
f 984/20/78 985/21/6 986/20/6
f 983/21/78 976/20/77 978/21/77
f 976/20/77 983/21/78 984/20/78
f 981/20/8 984/20/8 986/20/8
f 984/20/8 981/20/8 976/20/8
f 976/20/8 981/20/8 975/20/8
f 975/20/8 981/20/8 979/20/8
f 979/20/73 977/21/72 975/20/72
f 977/21/72 979/20/73 980/21/73
f 978/21/9 985/21/9 983/21/9
f 985/21/9 978/21/9 982/21/9
f 982/21/9 978/21/9 977/21/9
f 982/21/9 977/21/9 980/21/9
f 989/36/69 988/36/70 987/36/70
f 988/36/70 989/36/69 990/36/69
f 993/37/79 992/38/3 991/37/79
f 992/38/3 993/37/79 994/39/3
f 994/39/3 993/37/79 988/36/70
f 988/36/70 993/37/79 987/36/70
f 989/36/69 995/39/6 990/36/69
f 995/39/6 989/36/69 996/38/6
f 996/38/6 989/36/69 997/37/80
f 997/37/80 989/36/69 998/37/80
f 997/37/80 993/37/79 991/37/79
f 993/37/79 997/37/80 998/37/80
f 995/39/2 999/40/2 990/36/2
f 990/36/2 999/40/2 988/36/2
f 1000/40/2 988/36/2 999/40/2
f 1000/40/2 994/39/2 988/36/2
f 992/38/2 995/39/2 994/39/2
f 1000/40/2 992/38/2 994/39/2
f 995/39/2 992/38/2 996/38/2
f 996/38/2 999/40/2 995/39/2
f 1000/40/2 991/37/2 992/38/2
f 1001/20/2 991/37/2 1000/40/2
f 997/37/2 999/40/2 996/38/2
f 991/37/2 1001/20/2 997/37/2
f 997/37/2 1002/20/2 999/40/2
f 1002/20/2 997/37/2 1001/20/2
f 1005/34/14 1004/34/16 1003/34/16
f 1004/34/16 1005/34/14 1006/34/14
f 67/41/7 1004/34/16 1007/41/7
f 1004/34/16 67/41/7 1003/34/16
f 1005/34/14 1008/41/5 1006/34/14
f 1008/41/5 1005/34/14 68/41/5
f 1009/23/9 48/23/9 914/23/9
f 48/23/9 1009/23/9 71/23/9
f 1009/23/4 915/20/4 1010/20/4
f 915/20/4 1009/23/4 914/23/4
f 1012/31/4 1008/41/4 1011/41/4
f 1008/41/4 1012/31/4 1006/34/4
f 1006/34/4 1012/31/4 1004/34/4
f 1013/31/4 1004/34/4 1012/31/4
f 1014/41/4 1004/34/4 1013/31/4
f 1004/34/4 1014/41/4 1007/41/4
f 70/41/7 1012/31/7 1011/41/7
f 1012/31/7 70/41/7 74/31/7
f 1012/31/9 72/31/9 1013/31/9
f 72/31/9 1012/31/9 74/31/9
f 72/31/5 1014/41/5 1013/31/5
f 1014/41/5 72/31/5 69/41/5
f 1015/20/8 915/20/8 922/20/8
f 915/20/8 1015/20/8 1010/20/8
f 1018/21/9 1017/21/9 1016/21/9
f 1017/21/9 1018/21/9 1019/21/9
f 1019/21/9 1018/21/9 1020/21/9
f 1019/21/9 1020/21/9 1021/21/9
f 1021/21/9 1020/21/9 1022/21/9
f 1023/21/9 1021/21/9 1022/21/9
f 1022/21/9 1020/21/9 1024/21/9
f 1024/21/9 1020/21/9 1025/21/9
f 1020/21/31 1027/20/38 1026/20/31
f 1027/20/38 1020/21/31 1018/21/38
f 1030/20/8 1029/20/8 1028/20/8
f 1029/20/8 1030/20/8 1027/20/8
f 1027/20/8 1030/20/8 1026/20/8
f 1026/20/8 1030/20/8 1031/20/8
f 1030/20/7 1025/21/32 1031/20/32
f 1025/21/32 1030/20/7 1024/21/7
f 1024/21/7 1030/20/7 1032/21/7
f 1017/21/5 1029/20/40 1016/21/40
f 1029/20/40 1017/21/5 1028/20/5
f 1028/20/5 1017/21/5 1033/21/5
f 1025/21/32 1026/20/31 1031/20/32
f 1026/20/31 1025/21/32 1020/21/31
f 1016/21/40 1027/20/38 1018/21/38
f 1027/20/38 1016/21/40 1029/20/40
f 1036/42/16 1035/42/8 1034/42/16
f 1035/42/8 1036/42/16 1037/42/14
f 1035/42/8 1037/42/14 1038/42/8
f 1038/42/8 1037/42/14 1039/42/14
f 1037/42/14 1040/43/15 1039/42/14
f 1040/43/15 1037/42/14 1041/43/15
f 1043/43/17 1034/42/16 1042/43/17
f 1034/42/16 1043/43/17 1036/42/16
f 1044/43/9 1043/43/17 1042/43/17
f 1043/43/17 1044/43/9 1041/43/15
f 1041/43/15 1044/43/9 1045/43/9
f 1041/43/15 1045/43/9 1040/43/15
f 1040/43/4 1046/40/4 1039/42/4
f 1039/42/4 1046/40/4 1038/42/4
f 1040/43/4 1047/20/4 1046/40/4
f 1047/20/4 1040/43/4 1048/20/4
f 1042/43/4 1048/20/4 1040/43/4
f 1042/43/4 1040/43/4 1045/43/4
f 1048/20/4 1042/43/4 1049/40/4
f 1042/43/4 1045/43/4 1044/43/4
f 1038/42/4 1044/43/4 1045/43/4
f 1049/40/4 1042/43/4 1034/42/4
f 1049/40/4 1034/42/4 1046/40/4
f 1044/43/4 1038/42/4 1035/42/4
f 1038/42/4 1046/40/4 1035/42/4
f 1035/42/4 1046/40/4 1034/42/4
f 1052/34/14 1051/34/16 1050/34/16
f 1051/34/16 1052/34/14 1053/34/14
f 75/41/7 1051/34/16 1054/41/7
f 1051/34/16 75/41/7 1050/34/16
f 1052/34/14 1055/41/5 1053/34/14
f 1055/41/5 1052/34/14 76/41/5
f 1056/23/9 38/23/9 864/23/9
f 38/23/9 1056/23/9 79/23/9
f 1056/23/4 865/20/4 1057/20/4
f 865/20/4 1056/23/4 864/23/4
f 1059/31/4 1055/41/4 1058/41/4
f 1055/41/4 1059/31/4 1053/34/4
f 1053/34/4 1059/31/4 1051/34/4
f 1060/31/4 1051/34/4 1059/31/4
f 1061/41/4 1051/34/4 1060/31/4
f 1051/34/4 1061/41/4 1054/41/4
f 78/41/7 1059/31/7 1058/41/7
f 1059/31/7 78/41/7 82/31/7
f 1059/31/9 80/31/9 1060/31/9
f 80/31/9 1059/31/9 82/31/9
f 80/31/5 1061/41/5 1060/31/5
f 1061/41/5 80/31/5 77/41/5
f 1062/20/8 865/20/8 872/20/8
f 865/20/8 1062/20/8 1057/20/8
f 1065/21/9 1064/21/9 1063/21/9
f 1064/21/9 1065/21/9 1066/21/9
f 1066/21/9 1065/21/9 1067/21/9
f 1066/21/9 1067/21/9 1068/21/9
f 1068/21/9 1067/21/9 1069/21/9
f 1070/21/9 1068/21/9 1069/21/9
f 1069/21/9 1067/21/9 1071/21/9
f 1071/21/9 1067/21/9 1072/21/9
f 1067/21/31 1074/20/38 1073/20/31
f 1074/20/38 1067/21/31 1065/21/38
f 1077/20/8 1076/20/8 1075/20/8
f 1076/20/8 1077/20/8 1074/20/8
f 1074/20/8 1077/20/8 1073/20/8
f 1073/20/8 1077/20/8 1078/20/8
f 1077/20/7 1072/21/32 1078/20/32
f 1072/21/32 1077/20/7 1071/21/7
f 1071/21/7 1077/20/7 1079/21/7
f 1064/21/5 1076/20/40 1063/21/40
f 1076/20/40 1064/21/5 1075/20/5
f 1075/20/5 1064/21/5 1080/21/5
f 1072/21/32 1073/20/31 1078/20/32
f 1073/20/31 1072/21/32 1067/21/31
f 1063/21/40 1074/20/38 1065/21/38
f 1074/20/38 1063/21/40 1076/20/40
f 1083/42/16 1082/42/8 1081/42/16
f 1082/42/8 1083/42/16 1084/42/14
f 1082/42/8 1084/42/14 1085/42/8
f 1085/42/8 1084/42/14 1086/42/14
f 1084/42/14 1087/43/15 1086/42/14
f 1087/43/15 1084/42/14 1088/43/15
f 1090/43/17 1081/42/16 1089/43/17
f 1081/42/16 1090/43/17 1083/42/16
f 1091/43/9 1090/43/17 1089/43/17
f 1090/43/17 1091/43/9 1088/43/15
f 1088/43/15 1091/43/9 1092/43/9
f 1088/43/15 1092/43/9 1087/43/15
f 1087/43/4 1093/40/4 1086/42/4
f 1086/42/4 1093/40/4 1085/42/4
f 1087/43/4 1094/20/4 1093/40/4
f 1094/20/4 1087/43/4 1095/20/4
f 1089/43/4 1095/20/4 1087/43/4
f 1089/43/4 1087/43/4 1092/43/4
f 1095/20/4 1089/43/4 1096/40/4
f 1089/43/4 1092/43/4 1091/43/4
f 1085/42/4 1091/43/4 1092/43/4
f 1096/40/4 1089/43/4 1081/42/4
f 1096/40/4 1081/42/4 1093/40/4
f 1091/43/4 1085/42/4 1082/42/4
f 1085/42/4 1093/40/4 1082/42/4
f 1082/42/4 1093/40/4 1081/42/4
f 83/33/8 1097/33/8 85/33/8
f 1097/33/8 83/33/8 1098/33/8
f 1101/34/69 1100/33/6 1099/34/69
f 1100/33/6 1101/34/69 84/33/6
f 1101/34/69 1103/34/70 1102/34/70
f 1103/34/70 1101/34/69 1099/34/69
f 83/33/3 1103/34/70 1098/33/3
f 1103/34/70 83/33/3 1102/34/70
f 86/33/3 1105/35/71 1104/33/3
f 1105/35/71 86/33/3 92/35/71
f 1105/35/2 1100/33/2 1104/33/2
f 1100/33/2 1105/35/2 1099/34/2
f 1099/34/2 1105/35/2 1103/34/2
f 1106/35/2 1103/34/2 1105/35/2
f 1106/35/2 1105/35/2 1107/31/2
f 1106/35/2 1107/31/2 1108/31/2
f 1097/33/2 1103/34/2 1106/35/2
f 1103/34/2 1097/33/2 1098/33/2
f 86/33/8 1100/33/8 84/33/8
f 1100/33/8 86/33/8 1104/33/8
f 1111/23/72 1110/20/2 1109/20/72
f 1110/20/2 1111/23/72 1112/23/2
f 1113/20/73 1111/23/72 1109/20/72
f 1111/23/72 1113/20/73 1114/23/73
f 1115/20/3 1114/23/73 1113/20/73
f 1114/23/73 1115/20/3 1116/23/3
f 1111/23/9 87/23/9 1112/23/9
f 87/23/9 1111/23/9 88/23/9
f 88/23/9 1111/23/9 1114/23/9
f 88/23/9 1114/23/9 97/23/9
f 97/23/9 1114/23/9 1116/23/9
f 1115/20/8 1110/20/8 1117/20/8
f 1110/20/8 1115/20/8 1109/20/8
f 1109/20/8 1115/20/8 1113/20/8
f 1107/31/75 94/31/74 1108/31/74
f 94/31/74 1107/31/75 95/31/75
f 94/31/74 1106/35/76 1108/31/74
f 1106/35/76 94/31/74 91/35/76
f 91/35/76 1097/33/6 1106/35/76
f 1097/33/6 91/35/76 85/33/6
f 92/35/71 1107/31/75 1105/35/71
f 1107/31/75 92/35/71 95/31/75
f 1120/21/72 1119/20/77 1118/20/72
f 1119/20/77 1120/21/72 1121/21/77
f 1124/20/3 1123/21/73 1122/20/73
f 1123/21/73 1124/20/3 1125/21/3
f 1128/21/6 1127/20/78 1126/21/78
f 1127/20/78 1128/21/6 1129/20/6
f 1126/21/78 1119/20/77 1121/21/77
f 1119/20/77 1126/21/78 1127/20/78
f 1124/20/8 1127/20/8 1129/20/8
f 1127/20/8 1124/20/8 1119/20/8
f 1119/20/8 1124/20/8 1118/20/8
f 1118/20/8 1124/20/8 1122/20/8
f 1122/20/73 1120/21/72 1118/20/72
f 1120/21/72 1122/20/73 1123/21/73
f 1121/21/9 1128/21/9 1126/21/9
f 1128/21/9 1121/21/9 1125/21/9
f 1125/21/9 1121/21/9 1120/21/9
f 1125/21/9 1120/21/9 1123/21/9
f 1132/36/69 1131/36/70 1130/36/70
f 1131/36/70 1132/36/69 1133/36/69
f 1136/37/79 1135/38/3 1134/37/79
f 1135/38/3 1136/37/79 1137/39/3
f 1137/39/3 1136/37/79 1131/36/70
f 1131/36/70 1136/37/79 1130/36/70
f 1132/36/69 1138/39/6 1133/36/69
f 1138/39/6 1132/36/69 1139/38/6
f 1139/38/6 1132/36/69 1140/37/80
f 1140/37/80 1132/36/69 1141/37/80
f 1140/37/80 1136/37/79 1134/37/79
f 1136/37/79 1140/37/80 1141/37/80
f 1138/39/2 1142/40/2 1133/36/2
f 1133/36/2 1142/40/2 1131/36/2
f 1143/40/2 1131/36/2 1142/40/2
f 1143/40/2 1137/39/2 1131/36/2
f 1135/38/2 1138/39/2 1137/39/2
f 1143/40/2 1135/38/2 1137/39/2
f 1138/39/2 1135/38/2 1139/38/2
f 1139/38/2 1142/40/2 1138/39/2
f 1143/40/2 1134/37/2 1135/38/2
f 1144/20/2 1134/37/2 1143/40/2
f 1140/37/2 1142/40/2 1139/38/2
f 1134/37/2 1144/20/2 1140/37/2
f 1140/37/2 1145/20/2 1142/40/2
f 1145/20/2 1140/37/2 1144/20/2
f 99/33/8 1146/33/8 101/33/8
f 1146/33/8 99/33/8 1147/33/8
f 1150/34/69 1149/33/6 1148/34/69
f 1149/33/6 1150/34/69 100/33/6
f 1150/34/69 1152/34/70 1151/34/70
f 1152/34/70 1150/34/69 1148/34/69
f 99/33/3 1152/34/70 1147/33/3
f 1152/34/70 99/33/3 1151/34/70
f 102/33/3 1154/35/71 1153/33/3
f 1154/35/71 102/33/3 108/35/71
f 1154/35/2 1149/33/2 1153/33/2
f 1149/33/2 1154/35/2 1148/34/2
f 1148/34/2 1154/35/2 1152/34/2
f 1155/35/2 1152/34/2 1154/35/2
f 1155/35/2 1154/35/2 1156/31/2
f 1155/35/2 1156/31/2 1157/31/2
f 1146/33/2 1152/34/2 1155/35/2
f 1152/34/2 1146/33/2 1147/33/2
f 102/33/8 1149/33/8 100/33/8
f 1149/33/8 102/33/8 1153/33/8
f 1160/23/2 1159/20/2 1158/20/2
f 1159/20/2 1160/23/2 1161/23/2
f 1163/20/8 1159/20/8 1162/20/8
f 1159/20/8 1163/20/8 1158/20/8
f 1156/31/75 110/31/74 1157/31/74
f 110/31/74 1156/31/75 111/31/75
f 110/31/74 1155/35/76 1157/31/74
f 1155/35/76 110/31/74 107/35/76
f 107/35/76 1146/33/6 1155/35/76
f 1146/33/6 107/35/76 101/33/6
f 108/35/71 1156/31/75 1154/35/71
f 1156/31/75 108/35/71 111/31/75
f 1160/23/9 103/23/9 1161/23/9
f 103/23/9 1160/23/9 104/23/9
f 1166/21/72 1165/20/77 1164/20/72
f 1165/20/77 1166/21/72 1167/21/77
f 1170/20/3 1169/21/73 1168/20/73
f 1169/21/73 1170/20/3 1171/21/3
f 1174/21/6 1173/20/78 1172/21/78
f 1173/20/78 1174/21/6 1175/20/6
f 1172/21/78 1165/20/77 1167/21/77
f 1165/20/77 1172/21/78 1173/20/78
f 1170/20/8 1173/20/8 1175/20/8
f 1173/20/8 1170/20/8 1165/20/8
f 1165/20/8 1170/20/8 1164/20/8
f 1164/20/8 1170/20/8 1168/20/8
f 1168/20/73 1166/21/72 1164/20/72
f 1166/21/72 1168/20/73 1169/21/73
f 1167/21/9 1174/21/9 1172/21/9
f 1174/21/9 1167/21/9 1171/21/9
f 1171/21/9 1167/21/9 1166/21/9
f 1171/21/9 1166/21/9 1169/21/9
f 1178/36/69 1177/36/70 1176/36/70
f 1177/36/70 1178/36/69 1179/36/69
f 1182/37/79 1181/38/3 1180/37/79
f 1181/38/3 1182/37/79 1183/39/3
f 1183/39/3 1182/37/79 1177/36/70
f 1177/36/70 1182/37/79 1176/36/70
f 1178/36/69 1184/39/6 1179/36/69
f 1184/39/6 1178/36/69 1185/38/6
f 1185/38/6 1178/36/69 1186/37/80
f 1186/37/80 1178/36/69 1187/37/80
f 1186/37/80 1182/37/79 1180/37/79
f 1182/37/79 1186/37/80 1187/37/80
f 1184/39/2 1188/40/2 1179/36/2
f 1179/36/2 1188/40/2 1177/36/2
f 1189/40/2 1177/36/2 1188/40/2
f 1189/40/2 1183/39/2 1177/36/2
f 1181/38/2 1184/39/2 1183/39/2
f 1189/40/2 1181/38/2 1183/39/2
f 1184/39/2 1181/38/2 1185/38/2
f 1185/38/2 1188/40/2 1184/39/2
f 1189/40/2 1180/37/2 1181/38/2
f 1190/20/2 1180/37/2 1189/40/2
f 1186/37/2 1188/40/2 1185/38/2
f 1180/37/2 1190/20/2 1186/37/2
f 1186/37/2 1191/20/2 1188/40/2
f 1191/20/2 1186/37/2 1190/20/2
f 125/31/74 122/35/76 1202/31/74
f 1200/35/76 1202/31/74 122/35/76
f 115/33/3 121/35/71 1192/33/3
f 1201/35/71 1192/33/3 121/35/71
f 121/35/71 124/31/75 1201/35/71
f 1203/31/75 1201/35/71 124/31/75
f 125/31/74 1202/31/74 124/31/75
f 1203/31/75 124/31/75 1202/31/74
f 1208/20/8 1210/20/8 1204/20/8
f 1204/20/8 1210/20/8 1205/20/8
f 1212/20/8 1205/20/8 1210/20/8
f 1211/23/9 1209/23/9 127/23/9
f 127/23/9 1209/23/9 118/23/9
f 1209/23/9 1206/23/9 118/23/9
f 118/23/9 1206/23/9 117/23/9
f 1207/23/9 117/23/9 1206/23/9
f 1211/23/6 1210/20/6 1209/23/78
f 1208/20/78 1209/23/78 1210/20/6
f 1209/23/78 1208/20/78 1206/23/77
f 1204/20/77 1206/23/77 1208/20/78
f 1207/23/2 1206/23/77 1205/20/2
f 1204/20/77 1205/20/2 1206/23/77
f 1199/33/8 116/33/8 1195/33/8
f 114/33/8 1195/33/8 116/33/8
f 1193/33/2 1192/33/2 1198/34/2
f 1201/35/2 1198/34/2 1192/33/2
f 1203/31/2 1202/31/2 1201/35/2
f 1202/31/2 1200/35/2 1201/35/2
f 1200/35/2 1198/34/2 1201/35/2
f 1198/34/2 1200/35/2 1194/34/2
f 1194/34/2 1200/35/2 1195/33/2
f 1199/33/2 1195/33/2 1200/35/2
f 122/35/76 116/33/6 1200/35/76
f 1199/33/6 1200/35/76 116/33/6
f 1197/34/69 113/33/6 1198/34/69
f 1193/33/6 1198/34/69 113/33/6
f 1194/34/70 1196/34/70 1198/34/69
f 1197/34/69 1198/34/69 1196/34/70
f 114/33/3 1196/34/70 1195/33/3
f 1194/34/70 1195/33/3 1196/34/70
f 1193/33/8 113/33/8 1192/33/8
f 115/33/8 1192/33/8 113/33/8
f 1218/21/9 1215/21/9 1220/21/9
f 1215/21/9 1216/21/9 1220/21/9
f 1220/21/9 1216/21/9 1223/21/9
f 1221/21/9 1223/21/9 1216/21/9
f 1218/21/78 1217/20/78 1215/21/77
f 1213/20/77 1215/21/77 1217/20/78
f 1217/20/8 1219/20/8 1213/20/8
f 1213/20/8 1219/20/8 1214/20/8
f 1214/20/8 1219/20/8 1222/20/8
f 1224/20/8 1222/20/8 1219/20/8
f 1222/20/73 1221/21/73 1214/20/72
f 1216/21/72 1214/20/72 1221/21/73
f 1224/20/3 1223/21/3 1222/20/73
f 1221/21/73 1222/20/73 1223/21/3
f 1220/21/6 1219/20/6 1218/21/78
f 1217/20/78 1218/21/78 1219/20/6
f 1216/21/72 1215/21/77 1214/20/72
f 1213/20/77 1214/20/72 1215/21/77
f 1239/20/2 1235/37/2 1240/20/2
f 1237/40/2 1240/20/2 1235/37/2
f 1235/37/2 1239/20/2 1229/37/2
f 1234/38/2 1237/40/2 1235/37/2
f 1238/40/2 1229/37/2 1239/20/2
f 1230/38/2 1229/37/2 1238/40/2
f 1233/39/2 1237/40/2 1234/38/2
f 1234/38/2 1230/38/2 1233/39/2
f 1232/39/2 1230/38/2 1238/40/2
f 1232/39/2 1233/39/2 1230/38/2
f 1226/36/2 1232/39/2 1238/40/2
f 1237/40/2 1226/36/2 1238/40/2
f 1226/36/2 1237/40/2 1228/36/2
f 1228/36/2 1237/40/2 1233/39/2
f 1236/37/79 1235/37/79 1231/37/80
f 1229/37/80 1231/37/80 1235/37/79
f 1236/37/79 1227/36/70 1235/37/79
f 1235/37/79 1227/36/70 1234/38/3
f 1234/38/3 1227/36/70 1233/39/3
f 1228/36/70 1233/39/3 1227/36/70
f 1225/36/69 1231/37/80 1226/36/69
f 1226/36/69 1231/37/80 1232/39/6
f 1232/39/6 1231/37/80 1230/38/6
f 1229/37/80 1230/38/6 1231/37/80
f 1228/36/70 1227/36/70 1226/36/69
f 1225/36/69 1226/36/69 1227/36/70
f 129/33/8 1241/33/8 131/33/8
f 1241/33/8 129/33/8 1242/33/8
f 1245/34/69 1244/33/6 1243/34/69
f 1244/33/6 1245/34/69 130/33/6
f 1245/34/69 1247/34/70 1246/34/70
f 1247/34/70 1245/34/69 1243/34/69
f 129/33/3 1247/34/70 1242/33/3
f 1247/34/70 129/33/3 1246/34/70
f 132/33/3 1249/35/71 1248/33/3
f 1249/35/71 132/33/3 138/35/71
f 1249/35/2 1244/33/2 1248/33/2
f 1244/33/2 1249/35/2 1243/34/2
f 1243/34/2 1249/35/2 1247/34/2
f 1250/35/2 1247/34/2 1249/35/2
f 1250/35/2 1249/35/2 1251/31/2
f 1250/35/2 1251/31/2 1252/31/2
f 1241/33/2 1247/34/2 1250/35/2
f 1247/34/2 1241/33/2 1242/33/2
f 132/33/8 1244/33/8 130/33/8
f 1244/33/8 132/33/8 1248/33/8
f 1255/23/2 1254/20/2 1253/20/2
f 1254/20/2 1255/23/2 1256/23/2
f 1258/20/8 1254/20/8 1257/20/8
f 1254/20/8 1258/20/8 1253/20/8
f 1251/31/75 140/31/74 1252/31/74
f 140/31/74 1251/31/75 141/31/75
f 140/31/74 1250/35/76 1252/31/74
f 1250/35/76 140/31/74 137/35/76
f 137/35/76 1241/33/6 1250/35/76
f 1241/33/6 137/35/76 131/33/6
f 138/35/71 1251/31/75 1249/35/71
f 1251/31/75 138/35/71 141/31/75
f 1255/23/9 133/23/9 1256/23/9
f 133/23/9 1255/23/9 134/23/9
f 1261/21/72 1260/20/77 1259/20/72
f 1260/20/77 1261/21/72 1262/21/77
f 1265/20/3 1264/21/73 1263/20/73
f 1264/21/73 1265/20/3 1266/21/3
f 1269/21/6 1268/20/78 1267/21/78
f 1268/20/78 1269/21/6 1270/20/6
f 1267/21/78 1260/20/77 1262/21/77
f 1260/20/77 1267/21/78 1268/20/78
f 1265/20/8 1268/20/8 1270/20/8
f 1268/20/8 1265/20/8 1260/20/8
f 1260/20/8 1265/20/8 1259/20/8
f 1259/20/8 1265/20/8 1263/20/8
f 1263/20/73 1261/21/72 1259/20/72
f 1261/21/72 1263/20/73 1264/21/73
f 1262/21/9 1269/21/9 1267/21/9
f 1269/21/9 1262/21/9 1266/21/9
f 1266/21/9 1262/21/9 1261/21/9
f 1266/21/9 1261/21/9 1264/21/9
f 1273/36/69 1272/36/70 1271/36/70
f 1272/36/70 1273/36/69 1274/36/69
f 1277/37/79 1276/38/3 1275/37/79
f 1276/38/3 1277/37/79 1278/39/3
f 1278/39/3 1277/37/79 1272/36/70
f 1272/36/70 1277/37/79 1271/36/70
f 1273/36/69 1279/39/6 1274/36/69
f 1279/39/6 1273/36/69 1280/38/6
f 1280/38/6 1273/36/69 1281/37/80
f 1281/37/80 1273/36/69 1282/37/80
f 1281/37/80 1277/37/79 1275/37/79
f 1277/37/79 1281/37/80 1282/37/80
f 1279/39/2 1283/40/2 1274/36/2
f 1274/36/2 1283/40/2 1272/36/2
f 1284/40/2 1272/36/2 1283/40/2
f 1284/40/2 1278/39/2 1272/36/2
f 1276/38/2 1279/39/2 1278/39/2
f 1284/40/2 1276/38/2 1278/39/2
f 1279/39/2 1276/38/2 1280/38/2
f 1280/38/2 1283/40/2 1279/39/2
f 1284/40/2 1275/37/2 1276/38/2
f 1285/20/2 1275/37/2 1284/40/2
f 1281/37/2 1283/40/2 1280/38/2
f 1275/37/2 1285/20/2 1281/37/2
f 1281/37/2 1286/20/2 1283/40/2
f 1286/20/2 1281/37/2 1285/20/2
f 155/31/74 152/35/76 1297/31/74
f 1295/35/76 1297/31/74 152/35/76
f 145/33/3 151/35/71 1287/33/3
f 1296/35/71 1287/33/3 151/35/71
f 151/35/71 154/31/75 1296/35/71
f 1298/31/75 1296/35/71 154/31/75
f 155/31/74 1297/31/74 154/31/75
f 1298/31/75 154/31/75 1297/31/74
f 1303/20/8 1305/20/8 1299/20/8
f 1299/20/8 1305/20/8 1300/20/8
f 1307/20/8 1300/20/8 1305/20/8
f 1306/23/9 1304/23/9 157/23/9
f 157/23/9 1304/23/9 148/23/9
f 1304/23/9 1301/23/9 148/23/9
f 148/23/9 1301/23/9 147/23/9
f 1302/23/9 147/23/9 1301/23/9
f 1306/23/6 1305/20/6 1304/23/78
f 1303/20/78 1304/23/78 1305/20/6
f 1304/23/78 1303/20/78 1301/23/77
f 1299/20/77 1301/23/77 1303/20/78
f 1302/23/2 1301/23/77 1300/20/2
f 1299/20/77 1300/20/2 1301/23/77
f 1294/33/8 146/33/8 1290/33/8
f 144/33/8 1290/33/8 146/33/8
f 1288/33/2 1287/33/2 1293/34/2
f 1296/35/2 1293/34/2 1287/33/2
f 1298/31/2 1297/31/2 1296/35/2
f 1297/31/2 1295/35/2 1296/35/2
f 1295/35/2 1293/34/2 1296/35/2
f 1293/34/2 1295/35/2 1289/34/2
f 1289/34/2 1295/35/2 1290/33/2
f 1294/33/2 1290/33/2 1295/35/2
f 152/35/76 146/33/6 1295/35/76
f 1294/33/6 1295/35/76 146/33/6
f 1292/34/69 143/33/6 1293/34/69
f 1288/33/6 1293/34/69 143/33/6
f 1289/34/70 1291/34/70 1293/34/69
f 1292/34/69 1293/34/69 1291/34/70
f 144/33/3 1291/34/70 1290/33/3
f 1289/34/70 1290/33/3 1291/34/70
f 1288/33/8 143/33/8 1287/33/8
f 145/33/8 1287/33/8 143/33/8
f 1313/21/9 1310/21/9 1315/21/9
f 1310/21/9 1311/21/9 1315/21/9
f 1315/21/9 1311/21/9 1318/21/9
f 1316/21/9 1318/21/9 1311/21/9
f 1313/21/78 1312/20/78 1310/21/77
f 1308/20/77 1310/21/77 1312/20/78
f 1312/20/8 1314/20/8 1308/20/8
f 1308/20/8 1314/20/8 1309/20/8
f 1309/20/8 1314/20/8 1317/20/8
f 1319/20/8 1317/20/8 1314/20/8
f 1317/20/73 1316/21/73 1309/20/72
f 1311/21/72 1309/20/72 1316/21/73
f 1319/20/3 1318/21/3 1317/20/73
f 1316/21/73 1317/20/73 1318/21/3
f 1315/21/6 1314/20/6 1313/21/78
f 1312/20/78 1313/21/78 1314/20/6
f 1311/21/72 1310/21/77 1309/20/72
f 1308/20/77 1309/20/72 1310/21/77
f 1334/20/2 1330/37/2 1335/20/2
f 1332/40/2 1335/20/2 1330/37/2
f 1330/37/2 1334/20/2 1324/37/2
f 1329/38/2 1332/40/2 1330/37/2
f 1333/40/2 1324/37/2 1334/20/2
f 1325/38/2 1324/37/2 1333/40/2
f 1328/39/2 1332/40/2 1329/38/2
f 1329/38/2 1325/38/2 1328/39/2
f 1327/39/2 1325/38/2 1333/40/2
f 1327/39/2 1328/39/2 1325/38/2
f 1321/36/2 1327/39/2 1333/40/2
f 1332/40/2 1321/36/2 1333/40/2
f 1321/36/2 1332/40/2 1323/36/2
f 1323/36/2 1332/40/2 1328/39/2
f 1331/37/79 1330/37/79 1326/37/80
f 1324/37/80 1326/37/80 1330/37/79
f 1331/37/79 1322/36/70 1330/37/79
f 1330/37/79 1322/36/70 1329/38/3
f 1329/38/3 1322/36/70 1328/39/3
f 1323/36/70 1328/39/3 1322/36/70
f 1320/36/69 1326/37/80 1321/36/69
f 1321/36/69 1326/37/80 1327/39/6
f 1327/39/6 1326/37/80 1325/38/6
f 1324/37/80 1325/38/6 1326/37/80
f 1323/36/70 1322/36/70 1321/36/69
f 1320/36/69 1321/36/69 1322/36/70
f 1338/20/7 1337/34/7 1336/20/7
f 1337/34/7 1338/20/7 1339/34/7
f 1342/34/5 1341/20/5 1340/34/5
f 1341/20/5 1342/34/5 1343/20/5
f 1342/34/8 1337/34/8 1339/34/8
f 1337/34/8 1342/34/8 1340/34/8
f 1345/23/4 1341/20/4 1344/20/4
f 1341/20/4 1345/23/4 1346/23/4
f 1341/20/4 1346/23/4 1340/34/4
f 1340/34/4 1346/23/4 1347/35/4
f 1340/34/4 1347/35/4 1337/34/4
f 1348/35/4 1337/34/4 1347/35/4
f 1348/35/4 1347/35/4 1349/31/4
f 1348/35/4 1349/31/4 1350/31/4
f 1351/23/4 1337/34/4 1348/35/4
f 1351/23/4 1336/20/4 1337/34/4
f 1336/20/4 1351/23/4 1352/20/4
f 1353/23/4 1352/20/4 1351/23/4
f 325/23/7 1347/35/81 1346/23/7
f 1347/35/81 325/23/7 327/35/81
f 1351/23/9 334/23/9 1353/23/9
f 334/23/9 1351/23/9 335/23/9
f 333/35/82 1351/23/5 1348/35/82
f 1351/23/5 333/35/82 335/23/5
f 1349/31/84 330/31/83 1350/31/83
f 330/31/83 1349/31/84 329/31/84
f 330/31/83 1348/35/82 1350/31/83
f 1348/35/82 330/31/83 333/35/82
f 327/35/81 1349/31/84 1347/35/81
f 1349/31/84 327/35/81 329/31/84
f 1355/20/8 1352/20/8 1354/20/8
f 1352/20/8 1355/20/8 1338/20/8
f 1336/20/8 1352/20/8 1338/20/8
f 1338/20/8 1355/20/8 1343/20/8
f 1343/20/8 1355/20/8 1341/20/8
f 1341/20/8 1355/20/8 1344/20/8
f 1345/23/9 325/23/9 1346/23/9
f 325/23/9 1345/23/9 324/23/9
f 1360/21/4 1362/21/4 1357/20/4
f 1359/20/4 1357/20/4 1362/21/4
f 1363/21/15 1362/21/15 1361/21/17
f 1360/21/17 1361/21/17 1362/21/15
f 1363/21/15 1358/20/14 1362/21/15
f 1359/20/14 1362/21/15 1358/20/14
f 1356/20/16 1361/21/17 1357/20/16
f 1360/21/17 1357/20/16 1361/21/17
f 1359/20/14 1358/20/14 1357/20/16
f 1356/20/16 1357/20/16 1358/20/14
f 1368/21/4 1370/21/4 1365/20/4
f 1367/20/4 1365/20/4 1370/21/4
f 1371/21/15 1370/21/15 1369/21/17
f 1368/21/17 1369/21/17 1370/21/15
f 1371/21/15 1366/20/14 1370/21/15
f 1367/20/14 1370/21/15 1366/20/14
f 1364/20/16 1369/21/17 1365/20/16
f 1368/21/17 1365/20/16 1369/21/17
f 1367/20/14 1366/20/14 1365/20/16
f 1364/20/16 1365/20/16 1366/20/14
f 163/33/8 1372/33/8 165/33/8
f 1372/33/8 163/33/8 1373/33/8
f 1376/34/69 1375/33/6 1374/34/69
f 1375/33/6 1376/34/69 164/33/6
f 1376/34/69 1378/34/70 1377/34/70
f 1378/34/70 1376/34/69 1374/34/69
f 163/33/3 1378/34/70 1373/33/3
f 1378/34/70 163/33/3 1377/34/70
f 166/33/3 1380/35/71 1379/33/3
f 1380/35/71 166/33/3 172/35/71
f 1380/35/2 1375/33/2 1379/33/2
f 1375/33/2 1380/35/2 1374/34/2
f 1374/34/2 1380/35/2 1378/34/2
f 1381/35/2 1378/34/2 1380/35/2
f 1381/35/2 1380/35/2 1382/31/2
f 1381/35/2 1382/31/2 1383/31/2
f 1372/33/2 1378/34/2 1381/35/2
f 1378/34/2 1372/33/2 1373/33/2
f 166/33/8 1375/33/8 164/33/8
f 1375/33/8 166/33/8 1379/33/8
f 1386/23/2 1385/20/2 1384/20/2
f 1385/20/2 1386/23/2 1387/23/2
f 1389/20/8 1385/20/8 1388/20/8
f 1385/20/8 1389/20/8 1384/20/8
f 1382/31/75 174/31/74 1383/31/74
f 174/31/74 1382/31/75 175/31/75
f 174/31/74 1381/35/76 1383/31/74
f 1381/35/76 174/31/74 171/35/76
f 171/35/76 1372/33/6 1381/35/76
f 1372/33/6 171/35/76 165/33/6
f 172/35/71 1382/31/75 1380/35/71
f 1382/31/75 172/35/71 175/31/75
f 1386/23/9 167/23/9 1387/23/9
f 167/23/9 1386/23/9 168/23/9
f 1392/21/72 1391/20/77 1390/20/72
f 1391/20/77 1392/21/72 1393/21/77
f 1396/20/3 1395/21/73 1394/20/73
f 1395/21/73 1396/20/3 1397/21/3
f 1400/21/6 1399/20/78 1398/21/78
f 1399/20/78 1400/21/6 1401/20/6
f 1398/21/78 1391/20/77 1393/21/77
f 1391/20/77 1398/21/78 1399/20/78
f 1396/20/8 1399/20/8 1401/20/8
f 1399/20/8 1396/20/8 1391/20/8
f 1391/20/8 1396/20/8 1390/20/8
f 1390/20/8 1396/20/8 1394/20/8
f 1394/20/73 1392/21/72 1390/20/72
f 1392/21/72 1394/20/73 1395/21/73
f 1393/21/9 1400/21/9 1398/21/9
f 1400/21/9 1393/21/9 1397/21/9
f 1397/21/9 1393/21/9 1392/21/9
f 1397/21/9 1392/21/9 1395/21/9
f 1404/36/69 1403/36/70 1402/36/70
f 1403/36/70 1404/36/69 1405/36/69
f 1408/37/79 1407/38/3 1406/37/79
f 1407/38/3 1408/37/79 1409/39/3
f 1409/39/3 1408/37/79 1403/36/70
f 1403/36/70 1408/37/79 1402/36/70
f 1404/36/69 1410/39/6 1405/36/69
f 1410/39/6 1404/36/69 1411/38/6
f 1411/38/6 1404/36/69 1412/37/80
f 1412/37/80 1404/36/69 1413/37/80
f 1412/37/80 1408/37/79 1406/37/79
f 1408/37/79 1412/37/80 1413/37/80
f 1410/39/2 1414/40/2 1405/36/2
f 1405/36/2 1414/40/2 1403/36/2
f 1415/40/2 1403/36/2 1414/40/2
f 1415/40/2 1409/39/2 1403/36/2
f 1407/38/2 1410/39/2 1409/39/2
f 1415/40/2 1407/38/2 1409/39/2
f 1410/39/2 1407/38/2 1411/38/2
f 1411/38/2 1414/40/2 1410/39/2
f 1415/40/2 1406/37/2 1407/38/2
f 1416/20/2 1406/37/2 1415/40/2
f 1412/37/2 1414/40/2 1411/38/2
f 1406/37/2 1416/20/2 1412/37/2
f 1412/37/2 1417/20/2 1414/40/2
f 1417/20/2 1412/37/2 1416/20/2
f 177/33/8 1418/33/8 179/33/8
f 1418/33/8 177/33/8 1419/33/8
f 1422/34/69 1421/33/6 1420/34/69
f 1421/33/6 1422/34/69 178/33/6
f 1422/34/69 1424/34/70 1423/34/70
f 1424/34/70 1422/34/69 1420/34/69
f 177/33/3 1424/34/70 1419/33/3
f 1424/34/70 177/33/3 1423/34/70
f 180/33/3 1426/35/71 1425/33/3
f 1426/35/71 180/33/3 186/35/71
f 1426/35/2 1421/33/2 1425/33/2
f 1421/33/2 1426/35/2 1420/34/2
f 1420/34/2 1426/35/2 1424/34/2
f 1427/35/2 1424/34/2 1426/35/2
f 1427/35/2 1426/35/2 1428/31/2
f 1427/35/2 1428/31/2 1429/31/2
f 1418/33/2 1424/34/2 1427/35/2
f 1424/34/2 1418/33/2 1419/33/2
f 180/33/8 1421/33/8 178/33/8
f 1421/33/8 180/33/8 1425/33/8
f 1432/23/2 1431/20/2 1430/20/2
f 1431/20/2 1432/23/2 1433/23/2
f 1435/20/8 1431/20/8 1434/20/8
f 1431/20/8 1435/20/8 1430/20/8
f 1428/31/75 188/31/74 1429/31/74
f 188/31/74 1428/31/75 189/31/75
f 188/31/74 1427/35/76 1429/31/74
f 1427/35/76 188/31/74 185/35/76
f 185/35/76 1418/33/6 1427/35/76
f 1418/33/6 185/35/76 179/33/6
f 186/35/71 1428/31/75 1426/35/71
f 1428/31/75 186/35/71 189/31/75
f 1432/23/9 181/23/9 1433/23/9
f 181/23/9 1432/23/9 182/23/9
f 1438/21/72 1437/20/77 1436/20/72
f 1437/20/77 1438/21/72 1439/21/77
f 1442/20/3 1441/21/73 1440/20/73
f 1441/21/73 1442/20/3 1443/21/3
f 1446/21/6 1445/20/78 1444/21/78
f 1445/20/78 1446/21/6 1447/20/6
f 1444/21/78 1437/20/77 1439/21/77
f 1437/20/77 1444/21/78 1445/20/78
f 1442/20/8 1445/20/8 1447/20/8
f 1445/20/8 1442/20/8 1437/20/8
f 1437/20/8 1442/20/8 1436/20/8
f 1436/20/8 1442/20/8 1440/20/8
f 1440/20/73 1438/21/72 1436/20/72
f 1438/21/72 1440/20/73 1441/21/73
f 1439/21/9 1446/21/9 1444/21/9
f 1446/21/9 1439/21/9 1443/21/9
f 1443/21/9 1439/21/9 1438/21/9
f 1443/21/9 1438/21/9 1441/21/9
f 1450/36/69 1449/36/70 1448/36/70
f 1449/36/70 1450/36/69 1451/36/69
f 1454/37/79 1453/38/3 1452/37/79
f 1453/38/3 1454/37/79 1455/39/3
f 1455/39/3 1454/37/79 1449/36/70
f 1449/36/70 1454/37/79 1448/36/70
f 1450/36/69 1456/39/6 1451/36/69
f 1456/39/6 1450/36/69 1457/38/6
f 1457/38/6 1450/36/69 1458/37/80
f 1458/37/80 1450/36/69 1459/37/80
f 1458/37/80 1454/37/79 1452/37/79
f 1454/37/79 1458/37/80 1459/37/80
f 1456/39/2 1460/40/2 1451/36/2
f 1451/36/2 1460/40/2 1449/36/2
f 1461/40/2 1449/36/2 1460/40/2
f 1461/40/2 1455/39/2 1449/36/2
f 1453/38/2 1456/39/2 1455/39/2
f 1461/40/2 1453/38/2 1455/39/2
f 1456/39/2 1453/38/2 1457/38/2
f 1457/38/2 1460/40/2 1456/39/2
f 1461/40/2 1452/37/2 1453/38/2
f 1462/20/2 1452/37/2 1461/40/2
f 1458/37/2 1460/40/2 1457/38/2
f 1452/37/2 1462/20/2 1458/37/2
f 1458/37/2 1463/20/2 1460/40/2
f 1463/20/2 1458/37/2 1462/20/2
f 191/33/8 1464/33/8 193/33/8
f 1464/33/8 191/33/8 1465/33/8
f 1468/34/69 1467/33/6 1466/34/69
f 1467/33/6 1468/34/69 192/33/6
f 1468/34/69 1470/34/70 1469/34/70
f 1470/34/70 1468/34/69 1466/34/69
f 191/33/3 1470/34/70 1465/33/3
f 1470/34/70 191/33/3 1469/34/70
f 194/33/3 1472/35/71 1471/33/3
f 1472/35/71 194/33/3 200/35/71
f 1472/35/2 1467/33/2 1471/33/2
f 1467/33/2 1472/35/2 1466/34/2
f 1466/34/2 1472/35/2 1470/34/2
f 1473/35/2 1470/34/2 1472/35/2
f 1473/35/2 1472/35/2 1474/31/2
f 1473/35/2 1474/31/2 1475/31/2
f 1464/33/2 1470/34/2 1473/35/2
f 1470/34/2 1464/33/2 1465/33/2
f 194/33/8 1467/33/8 192/33/8
f 1467/33/8 194/33/8 1471/33/8
f 1478/23/2 1477/20/2 1476/20/2
f 1477/20/2 1478/23/2 1479/23/2
f 1481/20/8 1477/20/8 1480/20/8
f 1477/20/8 1481/20/8 1476/20/8
f 1474/31/75 202/31/74 1475/31/74
f 202/31/74 1474/31/75 203/31/75
f 202/31/74 1473/35/76 1475/31/74
f 1473/35/76 202/31/74 199/35/76
f 199/35/76 1464/33/6 1473/35/76
f 1464/33/6 199/35/76 193/33/6
f 200/35/71 1474/31/75 1472/35/71
f 1474/31/75 200/35/71 203/31/75
f 1478/23/9 195/23/9 1479/23/9
f 195/23/9 1478/23/9 196/23/9
f 1484/21/72 1483/20/77 1482/20/72
f 1483/20/77 1484/21/72 1485/21/77
f 1488/20/3 1487/21/73 1486/20/73
f 1487/21/73 1488/20/3 1489/21/3
f 1492/21/6 1491/20/78 1490/21/78
f 1491/20/78 1492/21/6 1493/20/6
f 1490/21/78 1483/20/77 1485/21/77
f 1483/20/77 1490/21/78 1491/20/78
f 1488/20/8 1491/20/8 1493/20/8
f 1491/20/8 1488/20/8 1483/20/8
f 1483/20/8 1488/20/8 1482/20/8
f 1482/20/8 1488/20/8 1486/20/8
f 1486/20/73 1484/21/72 1482/20/72
f 1484/21/72 1486/20/73 1487/21/73
f 1485/21/9 1492/21/9 1490/21/9
f 1492/21/9 1485/21/9 1489/21/9
f 1489/21/9 1485/21/9 1484/21/9
f 1489/21/9 1484/21/9 1487/21/9
f 1496/36/69 1495/36/70 1494/36/70
f 1495/36/70 1496/36/69 1497/36/69
f 1500/37/79 1499/38/3 1498/37/79
f 1499/38/3 1500/37/79 1501/39/3
f 1501/39/3 1500/37/79 1495/36/70
f 1495/36/70 1500/37/79 1494/36/70
f 1496/36/69 1502/39/6 1497/36/69
f 1502/39/6 1496/36/69 1503/38/6
f 1503/38/6 1496/36/69 1504/37/80
f 1504/37/80 1496/36/69 1505/37/80
f 1504/37/80 1500/37/79 1498/37/79
f 1500/37/79 1504/37/80 1505/37/80
f 1502/39/2 1506/40/2 1497/36/2
f 1497/36/2 1506/40/2 1495/36/2
f 1507/40/2 1495/36/2 1506/40/2
f 1507/40/2 1501/39/2 1495/36/2
f 1499/38/2 1502/39/2 1501/39/2
f 1507/40/2 1499/38/2 1501/39/2
f 1502/39/2 1499/38/2 1503/38/2
f 1503/38/2 1506/40/2 1502/39/2
f 1507/40/2 1498/37/2 1499/38/2
f 1508/20/2 1498/37/2 1507/40/2
f 1504/37/2 1506/40/2 1503/38/2
f 1498/37/2 1508/20/2 1504/37/2
f 1504/37/2 1509/20/2 1506/40/2
f 1509/20/2 1504/37/2 1508/20/2
f 1512/34/16 1511/34/14 1510/34/16
f 1511/34/14 1512/34/16 1513/34/14
f 1516/20/8 1515/20/8 1514/20/8
f 1515/20/8 1516/20/8 1517/20/8
f 1517/20/8 1516/20/8 1518/20/8
f 205/41/7 1510/34/16 1519/41/7
f 1510/34/16 205/41/7 1512/34/16
f 1513/34/14 1520/41/5 1511/34/14
f 1520/41/5 1513/34/14 206/41/5
f 209/23/9 1521/23/9 210/23/9
f 1521/23/9 209/23/9 1522/23/9
f 216/23/9 1522/23/9 209/23/9
f 1523/23/9 1522/23/9 216/23/9
f 1522/23/9 1523/23/9 1524/23/9
f 1523/23/5 1515/20/40 1524/23/40
f 1515/20/40 1523/23/5 1514/20/5
f 1521/23/4 1517/20/38 1518/20/4
f 1517/20/38 1521/23/4 1522/23/38
f 1524/23/40 1517/20/38 1522/23/38
f 1517/20/38 1524/23/40 1515/20/40
f 1526/31/4 1520/41/4 1525/41/4
f 1520/41/4 1526/31/4 1511/34/4
f 1511/34/4 1526/31/4 1510/34/4
f 1527/31/4 1510/34/4 1526/31/4
f 1528/41/4 1510/34/4 1527/31/4
f 1510/34/4 1528/41/4 1519/41/4
f 208/41/7 1526/31/7 1525/41/7
f 1526/31/7 208/41/7 214/31/7
f 1526/31/9 212/31/9 1527/31/9
f 212/31/9 1526/31/9 214/31/9
f 212/31/5 1528/41/5 1527/31/5
f 1528/41/5 212/31/5 207/41/5
f 1531/21/9 1530/21/9 1529/21/9
f 1530/21/9 1531/21/9 1532/21/9
f 1532/21/9 1531/21/9 1533/21/9
f 1532/21/9 1533/21/9 1534/21/9
f 1534/21/9 1533/21/9 1535/21/9
f 1536/21/9 1534/21/9 1535/21/9
f 1535/21/9 1533/21/9 1537/21/9
f 1537/21/9 1533/21/9 1538/21/9
f 1533/21/31 1540/20/38 1539/20/31
f 1540/20/38 1533/21/31 1531/21/38
f 1543/20/8 1542/20/8 1541/20/8
f 1542/20/8 1543/20/8 1540/20/8
f 1540/20/8 1543/20/8 1539/20/8
f 1539/20/8 1543/20/8 1544/20/8
f 1543/20/7 1538/21/32 1544/20/32
f 1538/21/32 1543/20/7 1537/21/7
f 1537/21/7 1543/20/7 1545/21/7
f 1530/21/5 1542/20/40 1529/21/40
f 1542/20/40 1530/21/5 1541/20/5
f 1541/20/5 1530/21/5 1546/21/5
f 1538/21/32 1539/20/31 1544/20/32
f 1539/20/31 1538/21/32 1533/21/31
f 1529/21/40 1540/20/38 1531/21/38
f 1540/20/38 1529/21/40 1542/20/40
f 1549/42/16 1548/42/8 1547/42/16
f 1548/42/8 1549/42/16 1550/42/14
f 1548/42/8 1550/42/14 1551/42/8
f 1551/42/8 1550/42/14 1552/42/14
f 1550/42/14 1553/43/15 1552/42/14
f 1553/43/15 1550/42/14 1554/43/15
f 1556/43/17 1547/42/16 1555/43/17
f 1547/42/16 1556/43/17 1549/42/16
f 1557/43/9 1556/43/17 1555/43/17
f 1556/43/17 1557/43/9 1554/43/15
f 1554/43/15 1557/43/9 1558/43/9
f 1554/43/15 1558/43/9 1553/43/15
f 1553/43/4 1559/40/4 1552/42/4
f 1552/42/4 1559/40/4 1551/42/4
f 1553/43/4 1560/20/4 1559/40/4
f 1560/20/4 1553/43/4 1561/20/4
f 1555/43/4 1561/20/4 1553/43/4
f 1555/43/4 1553/43/4 1558/43/4
f 1561/20/4 1555/43/4 1562/40/4
f 1555/43/4 1558/43/4 1557/43/4
f 1551/42/4 1557/43/4 1558/43/4
f 1562/40/4 1555/43/4 1547/42/4
f 1562/40/4 1547/42/4 1559/40/4
f 1557/43/4 1551/42/4 1548/42/4
f 1551/42/4 1559/40/4 1548/42/4
f 1548/42/4 1559/40/4 1547/42/4
f 219/41/7 223/31/7 1578/41/7
f 1577/31/7 1578/41/7 223/31/7
f 224/31/9 1576/31/9 223/31/9
f 1577/31/9 223/31/9 1576/31/9
f 224/31/5 220/41/5 1576/31/5
f 1575/41/5 1576/31/5 220/41/5
f 1570/41/4 1578/41/4 1563/34/4
f 1577/31/4 1563/34/4 1578/41/4
f 1576/31/4 1563/34/4 1577/31/4
f 1563/34/4 1576/31/4 1564/34/4
f 1564/34/4 1576/31/4 1571/41/4
f 1575/41/4 1571/41/4 1576/31/4
f 1568/20/32 1574/23/32 1569/20/31
f 1572/23/31 1569/20/31 1574/23/32
f 1572/23/31 1056/23/4 1569/20/31
f 1057/20/4 1569/20/31 1056/23/4
f 1567/20/7 1573/23/7 1568/20/32
f 1574/23/32 1568/20/32 1573/23/7
f 1574/23/9 1573/23/9 1572/23/9
f 226/23/9 1572/23/9 1573/23/9
f 221/23/9 1572/23/9 226/23/9
f 1572/23/9 221/23/9 1056/23/9
f 79/23/9 1056/23/9 221/23/9
f 218/41/7 1566/34/16 1571/41/7
f 1564/34/16 1571/41/7 1566/34/16
f 1565/34/14 217/41/5 1563/34/14
f 1570/41/5 1563/34/14 217/41/5
f 1057/20/8 1062/20/8 1569/20/8
f 1569/20/8 1062/20/8 1568/20/8
f 1567/20/8 1568/20/8 1062/20/8
f 1566/34/16 1565/34/14 1564/34/16
f 1563/34/14 1564/34/16 1565/34/14
f 1592/20/32 1579/21/32 1590/20/31
f 1581/21/31 1590/20/31 1579/21/32
f 1583/21/38 1588/21/40 1589/20/38
f 1594/20/40 1589/20/38 1588/21/40
f 1596/21/7 1580/21/7 1591/20/7
f 1591/20/7 1580/21/7 1592/20/32
f 1579/21/32 1592/20/32 1580/21/7
f 1595/21/5 1593/20/5 1587/21/5
f 1587/21/5 1593/20/5 1588/21/40
f 1594/20/40 1588/21/40 1593/20/5
f 1594/20/8 1593/20/8 1589/20/8
f 1589/20/8 1593/20/8 1590/20/8
f 1590/20/8 1593/20/8 1592/20/8
f 1591/20/8 1592/20/8 1593/20/8
f 1581/21/31 1583/21/38 1590/20/31
f 1589/20/38 1590/20/31 1583/21/38
f 1588/21/9 1583/21/9 1587/21/9
f 1587/21/9 1583/21/9 1585/21/9
f 1585/21/9 1584/21/9 1586/21/9
f 1585/21/9 1583/21/9 1584/21/9
f 1584/21/9 1583/21/9 1582/21/9
f 1583/21/9 1581/21/9 1582/21/9
f 1582/21/9 1581/21/9 1580/21/9
f 1579/21/9 1580/21/9 1581/21/9
f 1597/42/4 1609/40/4 1598/42/4
f 1598/42/4 1609/40/4 1601/42/4
f 1598/42/4 1601/42/4 1607/43/4
f 1609/40/4 1597/42/4 1612/40/4
f 1597/42/4 1605/43/4 1612/40/4
f 1608/43/4 1607/43/4 1601/42/4
f 1607/43/4 1608/43/4 1605/43/4
f 1612/40/4 1605/43/4 1611/20/4
f 1608/43/4 1603/43/4 1605/43/4
f 1603/43/4 1611/20/4 1605/43/4
f 1611/20/4 1603/43/4 1610/20/4
f 1609/40/4 1610/20/4 1603/43/4
f 1601/42/4 1609/40/4 1602/42/4
f 1602/42/4 1609/40/4 1603/43/4
f 1603/43/17 1608/43/9 1604/43/17
f 1608/43/9 1607/43/9 1604/43/17
f 1604/43/17 1607/43/9 1606/43/15
f 1605/43/15 1606/43/15 1607/43/9
f 1599/42/14 1606/43/15 1597/42/14
f 1605/43/15 1597/42/14 1606/43/15
f 1604/43/17 1600/42/16 1603/43/17
f 1602/42/16 1603/43/17 1600/42/16
f 1602/42/16 1600/42/16 1601/42/8
f 1601/42/8 1600/42/16 1598/42/8
f 1600/42/16 1599/42/14 1598/42/8
f 1597/42/14 1598/42/8 1599/42/14
f 1615/34/14 1614/34/16 1613/34/16
f 1614/34/16 1615/34/14 1616/34/14
f 227/41/7 1614/34/16 1617/41/7
f 1614/34/16 227/41/7 1613/34/16
f 1615/34/14 1618/41/5 1616/34/14
f 1618/41/5 1615/34/14 228/41/5
f 1620/23/9 231/23/9 1619/23/9
f 231/23/9 1620/23/9 232/23/9
f 1620/23/4 1622/20/4 1621/20/4
f 1622/20/4 1620/23/4 1619/23/4
f 1624/31/4 1618/41/4 1623/41/4
f 1618/41/4 1624/31/4 1616/34/4
f 1616/34/4 1624/31/4 1614/34/4
f 1625/31/4 1614/34/4 1624/31/4
f 1626/41/4 1614/34/4 1625/31/4
f 1614/34/4 1626/41/4 1617/41/4
f 230/41/7 1624/31/7 1623/41/7
f 1624/31/7 230/41/7 236/31/7
f 1624/31/9 234/31/9 1625/31/9
f 234/31/9 1624/31/9 236/31/9
f 234/31/5 1626/41/5 1625/31/5
f 1626/41/5 234/31/5 229/41/5
f 1628/20/8 1622/20/8 1627/20/8
f 1622/20/8 1628/20/8 1621/20/8
f 1631/21/9 1630/21/9 1629/21/9
f 1630/21/9 1631/21/9 1632/21/9
f 1632/21/9 1631/21/9 1633/21/9
f 1632/21/9 1633/21/9 1634/21/9
f 1634/21/9 1633/21/9 1635/21/9
f 1636/21/9 1634/21/9 1635/21/9
f 1635/21/9 1633/21/9 1637/21/9
f 1637/21/9 1633/21/9 1638/21/9
f 1633/21/31 1640/20/38 1639/20/31
f 1640/20/38 1633/21/31 1631/21/38
f 1643/20/8 1642/20/8 1641/20/8
f 1642/20/8 1643/20/8 1640/20/8
f 1640/20/8 1643/20/8 1639/20/8
f 1639/20/8 1643/20/8 1644/20/8
f 1643/20/7 1638/21/32 1644/20/32
f 1638/21/32 1643/20/7 1637/21/7
f 1637/21/7 1643/20/7 1645/21/7
f 1630/21/5 1642/20/40 1629/21/40
f 1642/20/40 1630/21/5 1641/20/5
f 1641/20/5 1630/21/5 1646/21/5
f 1638/21/32 1639/20/31 1644/20/32
f 1639/20/31 1638/21/32 1633/21/31
f 1629/21/40 1640/20/38 1631/21/38
f 1640/20/38 1629/21/40 1642/20/40
f 1649/42/16 1648/42/8 1647/42/16
f 1648/42/8 1649/42/16 1650/42/14
f 1648/42/8 1650/42/14 1651/42/8
f 1651/42/8 1650/42/14 1652/42/14
f 1650/42/14 1653/43/15 1652/42/14
f 1653/43/15 1650/42/14 1654/43/15
f 1656/43/17 1647/42/16 1655/43/17
f 1647/42/16 1656/43/17 1649/42/16
f 1657/43/9 1656/43/17 1655/43/17
f 1656/43/17 1657/43/9 1654/43/15
f 1654/43/15 1657/43/9 1658/43/9
f 1654/43/15 1658/43/9 1653/43/15
f 1653/43/4 1659/40/4 1652/42/4
f 1652/42/4 1659/40/4 1651/42/4
f 1653/43/4 1660/20/4 1659/40/4
f 1660/20/4 1653/43/4 1661/20/4
f 1655/43/4 1661/20/4 1653/43/4
f 1655/43/4 1653/43/4 1658/43/4
f 1661/20/4 1655/43/4 1662/40/4
f 1655/43/4 1658/43/4 1657/43/4
f 1651/42/4 1657/43/4 1658/43/4
f 1662/40/4 1655/43/4 1647/42/4
f 1662/40/4 1647/42/4 1659/40/4
f 1657/43/4 1651/42/4 1648/42/4
f 1651/42/4 1659/40/4 1648/42/4
f 1648/42/4 1659/40/4 1647/42/4
f 1665/34/14 1664/34/16 1663/34/16
f 1664/34/16 1665/34/14 1666/34/14
f 237/41/7 1664/34/16 1667/41/7
f 1664/34/16 237/41/7 1663/34/16
f 1665/34/14 1668/41/5 1666/34/14
f 1668/41/5 1665/34/14 238/41/5
f 1670/23/9 241/23/9 1669/23/9
f 241/23/9 1670/23/9 242/23/9
f 1670/23/4 1672/20/4 1671/20/4
f 1672/20/4 1670/23/4 1669/23/4
f 1674/31/4 1668/41/4 1673/41/4
f 1668/41/4 1674/31/4 1666/34/4
f 1666/34/4 1674/31/4 1664/34/4
f 1675/31/4 1664/34/4 1674/31/4
f 1676/41/4 1664/34/4 1675/31/4
f 1664/34/4 1676/41/4 1667/41/4
f 240/41/7 1674/31/7 1673/41/7
f 1674/31/7 240/41/7 246/31/7
f 1674/31/9 244/31/9 1675/31/9
f 244/31/9 1674/31/9 246/31/9
f 244/31/5 1676/41/5 1675/31/5
f 1676/41/5 244/31/5 239/41/5
f 1678/20/8 1672/20/8 1677/20/8
f 1672/20/8 1678/20/8 1671/20/8
f 1681/21/9 1680/21/9 1679/21/9
f 1680/21/9 1681/21/9 1682/21/9
f 1682/21/9 1681/21/9 1683/21/9
f 1682/21/9 1683/21/9 1684/21/9
f 1684/21/9 1683/21/9 1685/21/9
f 1686/21/9 1684/21/9 1685/21/9
f 1685/21/9 1683/21/9 1687/21/9
f 1687/21/9 1683/21/9 1688/21/9
f 1683/21/31 1690/20/38 1689/20/31
f 1690/20/38 1683/21/31 1681/21/38
f 1693/20/8 1692/20/8 1691/20/8
f 1692/20/8 1693/20/8 1690/20/8
f 1690/20/8 1693/20/8 1689/20/8
f 1689/20/8 1693/20/8 1694/20/8
f 1693/20/7 1688/21/32 1694/20/32
f 1688/21/32 1693/20/7 1687/21/7
f 1687/21/7 1693/20/7 1695/21/7
f 1680/21/5 1692/20/40 1679/21/40
f 1692/20/40 1680/21/5 1691/20/5
f 1691/20/5 1680/21/5 1696/21/5
f 1688/21/32 1689/20/31 1694/20/32
f 1689/20/31 1688/21/32 1683/21/31
f 1679/21/40 1690/20/38 1681/21/38
f 1690/20/38 1679/21/40 1692/20/40
f 1699/42/16 1698/42/8 1697/42/16
f 1698/42/8 1699/42/16 1700/42/14
f 1698/42/8 1700/42/14 1701/42/8
f 1701/42/8 1700/42/14 1702/42/14
f 1700/42/14 1703/43/15 1702/42/14
f 1703/43/15 1700/42/14 1704/43/15
f 1706/43/17 1697/42/16 1705/43/17
f 1697/42/16 1706/43/17 1699/42/16
f 1707/43/9 1706/43/17 1705/43/17
f 1706/43/17 1707/43/9 1704/43/15
f 1704/43/15 1707/43/9 1708/43/9
f 1704/43/15 1708/43/9 1703/43/15
f 1703/43/4 1709/40/4 1702/42/4
f 1702/42/4 1709/40/4 1701/42/4
f 1703/43/4 1710/20/4 1709/40/4
f 1710/20/4 1703/43/4 1711/20/4
f 1705/43/4 1711/20/4 1703/43/4
f 1705/43/4 1703/43/4 1708/43/4
f 1711/20/4 1705/43/4 1712/40/4
f 1705/43/4 1708/43/4 1707/43/4
f 1701/42/4 1707/43/4 1708/43/4
f 1712/40/4 1705/43/4 1697/42/4
f 1712/40/4 1697/42/4 1709/40/4
f 1707/43/4 1701/42/4 1698/42/4
f 1701/42/4 1709/40/4 1698/42/4
f 1698/42/4 1709/40/4 1697/42/4
f 249/41/7 253/31/7 1728/41/7
f 1727/31/7 1728/41/7 253/31/7
f 254/31/9 1726/31/9 253/31/9
f 1727/31/9 253/31/9 1726/31/9
f 254/31/5 250/41/5 1726/31/5
f 1725/41/5 1726/31/5 250/41/5
f 1720/41/4 1728/41/4 1713/34/4
f 1727/31/4 1713/34/4 1728/41/4
f 1726/31/4 1713/34/4 1727/31/4
f 1713/34/4 1726/31/4 1714/34/4
f 1714/34/4 1726/31/4 1721/41/4
f 1725/41/4 1721/41/4 1726/31/4
f 1718/20/32 1724/23/32 1719/20/31
f 1722/23/31 1719/20/31 1724/23/32
f 1722/23/31 1009/23/4 1719/20/31
f 1010/20/4 1719/20/31 1009/23/4
f 1717/20/7 1723/23/7 1718/20/32
f 1724/23/32 1718/20/32 1723/23/7
f 1724/23/9 1723/23/9 1722/23/9
f 256/23/9 1722/23/9 1723/23/9
f 251/23/9 1722/23/9 256/23/9
f 1722/23/9 251/23/9 1009/23/9
f 71/23/9 1009/23/9 251/23/9
f 248/41/7 1716/34/16 1721/41/7
f 1714/34/16 1721/41/7 1716/34/16
f 1715/34/14 247/41/5 1713/34/14
f 1720/41/5 1713/34/14 247/41/5
f 1010/20/8 1015/20/8 1719/20/8
f 1719/20/8 1015/20/8 1718/20/8
f 1717/20/8 1718/20/8 1015/20/8
f 1716/34/16 1715/34/14 1714/34/16
f 1713/34/14 1714/34/16 1715/34/14
f 1742/20/32 1729/21/32 1740/20/31
f 1731/21/31 1740/20/31 1729/21/32
f 1733/21/38 1738/21/40 1739/20/38
f 1744/20/40 1739/20/38 1738/21/40
f 1746/21/7 1730/21/7 1741/20/7
f 1741/20/7 1730/21/7 1742/20/32
f 1729/21/32 1742/20/32 1730/21/7
f 1745/21/5 1743/20/5 1737/21/5
f 1737/21/5 1743/20/5 1738/21/40
f 1744/20/40 1738/21/40 1743/20/5
f 1744/20/8 1743/20/8 1739/20/8
f 1739/20/8 1743/20/8 1740/20/8
f 1740/20/8 1743/20/8 1742/20/8
f 1741/20/8 1742/20/8 1743/20/8
f 1731/21/31 1733/21/38 1740/20/31
f 1739/20/38 1740/20/31 1733/21/38
f 1738/21/9 1733/21/9 1737/21/9
f 1737/21/9 1733/21/9 1735/21/9
f 1735/21/9 1734/21/9 1736/21/9
f 1735/21/9 1733/21/9 1734/21/9
f 1734/21/9 1733/21/9 1732/21/9
f 1733/21/9 1731/21/9 1732/21/9
f 1732/21/9 1731/21/9 1730/21/9
f 1729/21/9 1730/21/9 1731/21/9
f 1747/42/4 1759/40/4 1748/42/4
f 1748/42/4 1759/40/4 1751/42/4
f 1748/42/4 1751/42/4 1757/43/4
f 1759/40/4 1747/42/4 1762/40/4
f 1747/42/4 1755/43/4 1762/40/4
f 1758/43/4 1757/43/4 1751/42/4
f 1757/43/4 1758/43/4 1755/43/4
f 1762/40/4 1755/43/4 1761/20/4
f 1758/43/4 1753/43/4 1755/43/4
f 1753/43/4 1761/20/4 1755/43/4
f 1761/20/4 1753/43/4 1760/20/4
f 1759/40/4 1760/20/4 1753/43/4
f 1751/42/4 1759/40/4 1752/42/4
f 1752/42/4 1759/40/4 1753/43/4
f 1753/43/17 1758/43/9 1754/43/17
f 1758/43/9 1757/43/9 1754/43/17
f 1754/43/17 1757/43/9 1756/43/15
f 1755/43/15 1756/43/15 1757/43/9
f 1749/42/14 1756/43/15 1747/42/14
f 1755/43/15 1747/42/14 1756/43/15
f 1754/43/17 1750/42/16 1753/43/17
f 1752/42/16 1753/43/17 1750/42/16
f 1752/42/16 1750/42/16 1751/42/8
f 1751/42/8 1750/42/16 1748/42/8
f 1750/42/16 1749/42/14 1748/42/8
f 1747/42/14 1748/42/8 1749/42/14
f 359/20/8 1770/20/8 358/20/8
f 1771/20/8 607/20/8 359/20/8
f 359/20/8 607/20/8 1770/20/8
f 1770/20/8 607/20/8 1769/20/8
f 605/20/8 1769/20/8 607/20/8
f 1764/23/31 1763/23/4 1770/20/31
f 1770/20/31 1763/23/4 358/20/4
f 355/34/4 358/20/4 1763/23/4
f 1766/35/4 355/34/4 1763/23/4
f 1767/31/4 1768/31/4 1766/35/4
f 1766/35/4 1768/31/4 355/34/4
f 357/34/4 355/34/4 1768/31/4
f 1769/20/32 1765/23/32 1770/20/31
f 1764/23/31 1770/20/31 1765/23/32
f 605/20/7 606/23/7 1769/20/32
f 1765/23/32 1769/20/32 606/23/7
f 363/35/81 361/31/84 1766/35/81
f 1767/31/84 1766/35/81 361/31/84
f 360/31/9 1768/31/9 361/31/84
f 1767/31/84 361/31/84 1768/31/9
f 364/23/7 363/35/81 1763/23/7
f 1766/35/81 1763/23/7 363/35/81
f 1765/23/9 606/23/9 1764/23/9
f 304/23/9 1764/23/9 606/23/9
f 353/23/9 1764/23/9 304/23/9
f 1764/23/9 353/23/9 1763/23/9
f 364/23/9 1763/23/9 353/23/9
f 1772/23/9 324/23/9 1345/23/9
f 324/23/9 1772/23/9 384/23/9
f 383/35/82 1772/23/5 1773/35/82
f 1772/23/5 383/35/82 384/23/5
f 1768/31/9 382/31/83 1774/31/83
f 382/31/83 1768/31/9 360/31/9
f 382/31/83 1773/35/82 1774/31/83
f 1773/35/82 382/31/83 383/35/82
f 1768/31/4 379/34/4 357/34/4
f 379/34/4 1768/31/4 1773/35/4
f 1773/35/4 1768/31/4 1774/31/4
f 1772/23/4 379/34/4 1773/35/4
f 1772/23/4 380/20/4 379/34/4
f 380/20/4 1772/23/4 1344/20/4
f 1344/20/4 1772/23/4 1345/23/4
f 607/20/8 1344/20/8 1775/20/8
f 1344/20/8 607/20/8 381/20/8
f 381/20/8 607/20/8 1771/20/8
f 380/20/8 1344/20/8 381/20/8
f 403/20/8 1352/20/8 402/20/8
f 1782/20/8 1781/20/8 403/20/8
f 403/20/8 1781/20/8 1352/20/8
f 1780/20/8 1352/20/8 1781/20/8
f 1353/23/4 1776/23/4 1352/20/4
f 1352/20/4 1776/23/4 402/20/4
f 399/34/4 402/20/4 1776/23/4
f 1777/35/4 399/34/4 1776/23/4
f 1778/31/4 1779/31/4 1777/35/4
f 1777/35/4 1779/31/4 399/34/4
f 401/34/4 399/34/4 1779/31/4
f 407/35/81 405/31/84 1777/35/81
f 1778/31/84 1777/35/81 405/31/84
f 404/31/9 1779/31/9 405/31/84
f 1778/31/84 405/31/84 1779/31/9
f 408/23/7 407/35/81 1776/23/7
f 1777/35/81 1776/23/7 407/35/81
f 408/23/9 1776/23/9 334/23/9
f 1353/23/9 334/23/9 1776/23/9
f 423/23/9 1783/23/9 434/23/9
f 1783/23/9 423/23/9 1784/23/9
f 322/23/9 1784/23/9 423/23/9
f 633/23/9 1784/23/9 322/23/9
f 1784/23/9 633/23/9 1785/23/9
f 433/35/82 1783/23/5 1786/35/82
f 1783/23/5 433/35/82 434/23/5
f 1788/31/9 431/31/83 1787/31/83
f 431/31/83 1788/31/9 430/31/9
f 431/31/83 1786/35/82 1787/31/83
f 1786/35/82 431/31/83 433/35/82
f 633/23/5 1789/20/40 1785/23/40
f 1789/20/40 633/23/5 632/20/5
f 1785/23/40 1790/20/38 1784/23/38
f 1790/20/38 1785/23/40 1789/20/40
f 1788/31/4 425/34/4 427/34/4
f 425/34/4 1788/31/4 1786/35/4
f 1786/35/4 1788/31/4 1787/31/4
f 1783/23/4 425/34/4 1786/35/4
f 1783/23/4 428/20/4 425/34/4
f 428/20/4 1783/23/4 1790/20/38
f 1790/20/38 1783/23/4 1784/23/38
f 634/20/8 1789/20/8 632/20/8
f 1789/20/8 634/20/8 1790/20/8
f 1790/20/8 634/20/8 429/20/8
f 429/20/8 634/20/8 1791/20/8
f 428/20/8 1790/20/8 429/20/8
f 1794/44/85 1793/20/86 1792/44/85
f 1793/20/86 1794/44/85 1795/20/86
f 404/20/8 1793/20/86 1795/20/86
f 1793/20/86 404/20/8 1796/20/8
f 1799/21/9 1798/21/83 1797/21/83
f 1798/21/83 1799/21/9 406/21/9
f 1801/28/82 1792/44/85 1800/28/82
f 1792/44/85 1801/28/82 1794/44/85
f 1798/21/83 1800/28/82 1797/21/83
f 1800/28/82 1798/21/83 1801/28/82
f 1811/28/81 1808/21/84 1810/28/81
f 1807/21/84 1810/28/81 1808/21/84
f 1804/44/87 1811/28/81 1802/44/87
f 1810/28/81 1802/44/87 1811/28/81
f 362/21/9 1809/21/9 1808/21/84
f 1807/21/84 1808/21/84 1809/21/9
f 1806/20/8 360/20/8 1803/20/88
f 1805/20/88 1803/20/88 360/20/8
f 1805/20/88 1804/44/87 1803/20/88
f 1802/44/87 1803/20/88 1804/44/87
f 1819/21/9 1818/21/9 1817/21/9
f 1816/21/9 1817/21/9 1818/21/9
f 1815/20/8 1814/20/8 1813/20/8
f 1812/20/8 1813/20/8 1814/20/8
f 1827/21/9 1826/21/9 1825/21/9
f 1824/21/9 1825/21/9 1826/21/9
f 1823/20/8 1822/20/8 1821/20/8
f 1820/20/8 1821/20/8 1822/20/8
f 1835/21/9 1834/21/9 1833/21/9
f 1832/21/9 1833/21/9 1834/21/9
f 1831/20/8 1830/20/8 1829/20/8
f 1828/20/8 1829/20/8 1830/20/8
f 1838/30/52 1837/31/4 1836/31/52
f 1837/31/4 1838/30/52 1839/30/4
f 1842/30/43 1841/31/5 1840/30/5
f 1841/31/5 1842/30/43 1843/31/43
f 1839/30/4 1844/31/47 1837/31/4
f 1844/31/47 1839/30/4 1845/30/47
f 1840/30/5 1844/31/47 1845/30/47
f 1844/31/47 1840/30/5 1841/31/5
f 1842/30/43 1846/31/1 1843/31/43
f 1846/31/1 1842/30/43 1847/30/1
f 1847/30/1 1848/31/46 1846/31/1
f 1848/31/46 1847/30/1 1849/30/46
f 1848/31/46 1851/30/7 1850/31/7
f 1851/30/7 1848/31/46 1849/30/46
f 1850/31/7 1838/30/52 1836/31/52
f 1838/30/52 1850/31/7 1851/30/7
f 1843/31/8 1844/31/8 1841/31/8
f 1844/31/8 1843/31/8 1846/31/8
f 1844/31/8 1846/31/8 1837/31/8
f 1837/31/8 1846/31/8 1848/31/8
f 1837/31/8 1848/31/8 1836/31/8
f 1836/31/8 1848/31/8 1850/31/8
f 1854/30/8 1853/30/8 1852/30/8
f 1853/30/8 1854/30/8 1855/30/8
f 1858/31/89 1857/31/9 1856/31/9
f 1857/31/9 1858/31/89 1859/31/89
f 1857/31/1 1854/30/1 1852/30/1
f 1854/30/1 1857/31/1 1860/45/1
f 1860/45/1 1857/31/1 1859/31/1
f 1857/31/5 1853/30/5 1856/31/5
f 1853/30/5 1857/31/5 1852/30/5
f 1861/45/4 1853/30/4 1855/30/4
f 1853/30/4 1861/45/4 1856/31/4
f 1856/31/4 1861/45/4 1858/31/4
f 1854/30/7 1861/45/90 1855/30/7
f 1861/45/90 1854/30/7 1860/45/90
f 1860/45/90 1858/31/89 1861/45/90
f 1858/31/89 1860/45/90 1859/31/89
f 1864/30/7 1863/31/52 1862/30/52
f 1863/31/52 1864/30/7 1865/31/7
f 1863/31/52 1866/30/4 1862/30/52
f 1866/30/4 1863/31/52 1867/31/4
f 1870/31/43 1869/30/5 1868/31/5
f 1869/30/5 1870/31/43 1871/30/43
f 1868/31/5 1873/30/47 1872/31/47
f 1873/30/47 1868/31/5 1869/30/5
f 1874/30/46 1865/31/7 1864/30/7
f 1865/31/7 1874/30/46 1875/31/46
f 1877/31/1 1874/30/46 1876/30/1
f 1874/30/46 1877/31/1 1875/31/46
f 1867/31/4 1873/30/47 1866/30/4
f 1873/30/47 1867/31/4 1872/31/47
f 1870/31/43 1876/30/1 1871/30/43
f 1876/30/1 1870/31/43 1877/31/1
f 1872/31/9 1870/31/9 1868/31/9
f 1870/31/9 1872/31/9 1867/31/9
f 1870/31/9 1867/31/9 1877/31/9
f 1877/31/9 1867/31/9 1863/31/9
f 1877/31/9 1863/31/9 1875/31/9
f 1875/31/9 1863/31/9 1865/31/9
f 1871/30/8 1873/30/8 1869/30/8
f 1873/30/8 1871/30/8 1876/30/8
f 1873/30/8 1876/30/8 1866/30/8
f 1866/30/8 1876/30/8 1874/30/8
f 1866/30/8 1874/30/8 1862/30/8
f 1862/30/8 1874/30/8 1864/30/8
f 1880/30/7 1879/31/52 1878/30/52
f 1879/31/52 1880/30/7 1881/31/7
f 1879/31/52 1882/30/4 1878/30/52
f 1882/30/4 1879/31/52 1883/31/4
f 1886/31/43 1885/30/5 1884/31/5
f 1885/30/5 1886/31/43 1887/30/43
f 1884/31/5 1889/30/47 1888/31/47
f 1889/30/47 1884/31/5 1885/30/5
f 1890/30/46 1881/31/7 1880/30/7
f 1881/31/7 1890/30/46 1891/31/46
f 1893/31/1 1890/30/46 1892/30/1
f 1890/30/46 1893/31/1 1891/31/46
f 1883/31/4 1889/30/47 1882/30/4
f 1889/30/47 1883/31/4 1888/31/47
f 1886/31/43 1892/30/1 1887/30/43
f 1892/30/1 1886/31/43 1893/31/1
f 1888/31/9 1886/31/9 1884/31/9
f 1886/31/9 1888/31/9 1883/31/9
f 1886/31/9 1883/31/9 1893/31/9
f 1893/31/9 1883/31/9 1879/31/9
f 1893/31/9 1879/31/9 1891/31/9
f 1891/31/9 1879/31/9 1881/31/9
f 1887/30/8 1889/30/8 1885/30/8
f 1889/30/8 1887/30/8 1892/30/8
f 1889/30/8 1892/30/8 1882/30/8
f 1882/30/8 1892/30/8 1890/30/8
f 1882/30/8 1890/30/8 1878/30/8
f 1878/30/8 1890/30/8 1880/30/8
f 1896/30/7 1895/31/52 1894/30/52
f 1895/31/52 1896/30/7 1897/31/7
f 1895/31/52 1898/30/4 1894/30/52
f 1898/30/4 1895/31/52 1899/31/4
f 1902/31/43 1901/30/5 1900/31/5
f 1901/30/5 1902/31/43 1903/30/43
f 1900/31/5 1905/30/47 1904/31/47
f 1905/30/47 1900/31/5 1901/30/5
f 1906/30/46 1897/31/7 1896/30/7
f 1897/31/7 1906/30/46 1907/31/46
f 1909/31/1 1906/30/46 1908/30/1
f 1906/30/46 1909/31/1 1907/31/46
f 1899/31/4 1905/30/47 1898/30/4
f 1905/30/47 1899/31/4 1904/31/47
f 1902/31/43 1908/30/1 1903/30/43
f 1908/30/1 1902/31/43 1909/31/1
f 1904/31/9 1902/31/9 1900/31/9
f 1902/31/9 1904/31/9 1899/31/9
f 1902/31/9 1899/31/9 1909/31/9
f 1909/31/9 1899/31/9 1895/31/9
f 1909/31/9 1895/31/9 1907/31/9
f 1907/31/9 1895/31/9 1897/31/9
f 1903/30/8 1905/30/8 1901/30/8
f 1905/30/8 1903/30/8 1908/30/8
f 1905/30/8 1908/30/8 1898/30/8
f 1898/30/8 1908/30/8 1906/30/8
f 1898/30/8 1906/30/8 1894/30/8
f 1894/30/8 1906/30/8 1896/30/8
f 1912/30/7 1911/31/52 1910/30/52
f 1911/31/52 1912/30/7 1913/31/7
f 1911/31/52 1914/30/4 1910/30/52
f 1914/30/4 1911/31/52 1915/31/4
f 1918/31/43 1917/30/5 1916/31/5
f 1917/30/5 1918/31/43 1919/30/43
f 1916/31/5 1921/30/47 1920/31/47
f 1921/30/47 1916/31/5 1917/30/5
f 1922/30/46 1913/31/7 1912/30/7
f 1913/31/7 1922/30/46 1923/31/46
f 1925/31/1 1922/30/46 1924/30/1
f 1922/30/46 1925/31/1 1923/31/46
f 1915/31/4 1921/30/47 1914/30/4
f 1921/30/47 1915/31/4 1920/31/47
f 1918/31/43 1924/30/1 1919/30/43
f 1924/30/1 1918/31/43 1925/31/1
f 1920/31/9 1918/31/9 1916/31/9
f 1918/31/9 1920/31/9 1915/31/9
f 1918/31/9 1915/31/9 1925/31/9
f 1925/31/9 1915/31/9 1911/31/9
f 1925/31/9 1911/31/9 1923/31/9
f 1923/31/9 1911/31/9 1913/31/9
f 1919/30/8 1921/30/8 1917/30/8
f 1921/30/8 1919/30/8 1924/30/8
f 1921/30/8 1924/30/8 1914/30/8
f 1914/30/8 1924/30/8 1922/30/8
f 1914/30/8 1922/30/8 1910/30/8
f 1910/30/8 1922/30/8 1912/30/8
f 707/47/4 710/47/4 709/46/4
f 710/47/4 707/47/4 708/48/4
f 710/47/4 708/48/4 711/48/4
f 711/48/4 708/48/4 714/49/4
f 711/48/4 714/49/4 712/49/4
f 712/49/4 714/49/4 713/50/4
f 1929/50/4 1928/50/4 1927/51/4
f 1926/51/4 1927/51/4 1928/50/4
f 1932/50/4 1931/51/4 1930/51/4
f 1931/51/4 1932/50/4 1933/50/4
f 1937/50/4 1936/50/4 1935/51/4
f 1934/51/4 1935/51/4 1936/50/4
f 1940/50/4 1939/51/4 1938/51/4
f 1939/51/4 1940/50/4 1941/50/4
f 1944/50/4 1943/46/4 1942/46/4
f 1943/46/4 1944/50/4 1945/52/4
f 1945/52/4 1944/50/4 1946/53/4
f 1946/53/4 1944/50/4 1947/50/4
f 1949/46/86 1945/52/85 1948/52/85
f 1945/52/85 1949/46/86 1943/46/86
f 1950/50/83 1946/53/82 1947/50/83
f 1946/53/82 1950/50/83 1951/53/82
f 1951/53/82 1945/52/85 1946/53/82
f 1945/52/85 1951/53/82 1948/52/85
f 1944/50/9 1950/50/83 1947/50/83
f 1950/50/83 1944/50/9 1952/50/9
f 1953/46/8 1943/46/86 1949/46/86
f 1943/46/86 1953/46/8 1942/46/8
f 1954/46/8 1965/46/8 1955/46/88
f 1961/46/88 1955/46/88 1965/46/8
f 1964/50/9 1956/50/9 1962/50/84
f 1959/50/84 1962/50/84 1956/50/9
f 1960/52/87 1963/53/81 1957/52/87
f 1958/53/81 1957/52/87 1963/53/81
f 1963/53/81 1962/50/84 1958/53/81
f 1959/50/84 1958/53/81 1962/50/84
f 1955/46/88 1961/46/88 1957/52/87
f 1960/52/87 1957/52/87 1961/46/88
f 1959/50/4 1956/50/4 1958/53/4
f 1958/53/4 1956/50/4 1957/52/4
f 1957/52/4 1956/50/4 1955/46/4
f 1954/46/4 1955/46/4 1956/50/4
f 1956/50/4 1966/50/4 1954/46/4
f 1969/46/4 1954/46/4 1966/50/4
f 1969/46/8 1968/46/8 1954/46/8
f 1965/46/8 1954/46/8 1968/46/8
f 1967/50/9 1966/50/9 1964/50/9
f 1956/50/9 1964/50/9 1966/50/9
f 1970/50/4 1972/50/4 1975/46/4
f 1977/46/4 1975/46/4 1972/50/4
f 1977/46/8 1976/46/8 1975/46/8
f 1974/46/8 1975/46/8 1976/46/8
f 1973/50/9 1972/50/9 1971/50/9
f 1970/50/9 1971/50/9 1972/50/9
f 1978/50/4 1980/50/4 1983/46/4
f 1985/46/4 1983/46/4 1980/50/4
f 1985/46/8 1984/46/8 1983/46/8
f 1982/46/8 1983/46/8 1984/46/8
f 1981/50/9 1980/50/9 1979/50/9
f 1978/50/9 1979/50/9 1980/50/9
f 790/55/2 794/54/2 799/54/2
f 794/54/2 790/55/2 788/55/2
f 844/57/4 850/56/4 848/56/4
f 850/56/4 844/57/4 843/57/4
f 894/57/4 900/56/4 898/56/4
f 900/56/4 894/57/4 893/57/4
f 944/57/4 950/56/4 948/56/4
f 950/56/4 944/57/4 943/57/4
f 989/55/2 993/54/2 998/54/2
f 993/54/2 989/55/2 987/55/2
f 1037/57/4 1043/56/4 1041/56/4
f 1043/56/4 1037/57/4 1036/57/4
f 1084/57/4 1090/56/4 1088/56/4
f 1090/56/4 1084/57/4 1083/57/4
f 1132/55/2 1136/54/2 1141/54/2
f 1136/54/2 1132/55/2 1130/55/2
f 1178/55/2 1182/54/2 1187/54/2
f 1182/54/2 1178/55/2 1176/55/2
f 1225/55/2 1227/55/2 1231/54/2
f 1236/54/2 1231/54/2 1227/55/2
f 1273/55/2 1277/54/2 1282/54/2
f 1277/54/2 1273/55/2 1271/55/2
f 1320/55/2 1322/55/2 1326/54/2
f 1331/54/2 1326/54/2 1322/55/2
f 339/58/4 162/59/4 160/58/4
f 162/59/4 339/58/4 338/59/4
f 159/58/4 344/59/4 341/58/4
f 344/59/4 159/58/4 161/59/4
f 1404/55/2 1408/54/2 1413/54/2
f 1408/54/2 1404/55/2 1402/55/2
f 1450/55/2 1454/54/2 1459/54/2
f 1454/54/2 1450/55/2 1448/55/2
f 1496/55/2 1500/54/2 1505/54/2
f 1500/54/2 1496/55/2 1494/55/2
f 1550/57/4 1556/56/4 1554/56/4
f 1556/56/4 1550/57/4 1549/57/4
f 1599/57/4 1600/57/4 1606/56/4
f 1604/56/4 1606/56/4 1600/57/4
f 1650/57/4 1656/56/4 1654/56/4
f 1656/56/4 1650/57/4 1649/57/4
f 1700/57/4 1706/56/4 1704/56/4
f 1706/56/4 1700/57/4 1699/57/4
f 1749/57/4 1750/57/4 1756/56/4
f 1754/56/4 1756/56/4 1750/57/4
f 375/59/4 377/59/4 376/60/4
f 1986/60/4 376/60/4 377/59/4
f 397/59/4 396/60/4 1987/60/4
f 396/60/4 397/59/4 395/59/4
f 419/59/4 421/59/4 420/60/4
f 1988/60/4 420/60/4 421/59/4
f 447/59/4 446/60/4 1989/60/4
f 446/60/4 447/59/4 445/59/4
usemtl plaster
f 3/901/1 2/902/1 1/903/1
f 2/904/1 3/905/1 4/906/1
f 7/907/2 6/908/2 5/909/2
f 7/910/2 8/911/2 6/912/2
f 7/913/2 9/914/2 8/915/2
f 10/916/2 8/917/2 9/918/2
f 9/919/2 7/920/2 11/921/2
f 8/922/2 10/923/2 12/924/2
f 11/925/2 7/926/2 13/927/2
f 8/928/2 12/929/2 14/930/2
f 11/931/2 13/932/2 15/933/2
f 11/934/2 15/935/2 12/936/2
f 15/937/2 13/938/2 16/939/2
f 16/940/2 12/941/2 15/942/2
f 17/943/2 12/944/2 16/945/2
f 14/946/2 12/947/2 18/948/2
f 18/949/2 12/950/2 17/951/2
f 17/952/2 14/953/2 18/954/2
f 19/955/3 12/956/3 10/957/3
f 12/958/3 19/959/3 20/960/3
f 23/961/4 22/962/4 21/963/4
f 23/964/4 24/965/4 22/966/4
f 23/967/4 25/968/4 24/969/4
f 26/970/4 24/971/4 25/972/4
f 25/973/4 23/974/4 27/975/4
f 27/976/4 23/977/4 28/978/4
f 24/979/4 26/980/4 29/981/4
f 27/982/4 28/983/4 29/984/4
f 24/985/4 29/986/4 30/987/4
f 30/988/4 29/989/4 28/990/4
f 31/991/5 25/992/5 27/993/5
f 25/994/5 31/995/5 32/996/5
f 35/997/4 34/998/4 33/999/4
f 35/1000/4 36/1001/4 34/1002/4
f 35/1003/4 37/1004/4 36/1005/4
f 38/1006/4 36/1007/4 37/1008/4
f 37/1009/4 35/1010/4 39/1011/4
f 39/1012/4 35/1013/4 40/1014/4
f 36/1015/4 38/1016/4 41/1017/4
f 39/1018/4 40/1019/4 41/1020/4
f 36/1021/4 41/1022/4 42/1023/4
f 42/1024/4 41/1025/4 40/1026/4
f 45/1027/4 44/1028/4 43/1029/4
f 45/1030/4 46/1031/4 44/1032/4
f 45/1033/4 47/1034/4 46/1035/4
f 48/1036/4 46/1037/4 47/1038/4
f 47/1039/4 45/1040/4 49/1041/4
f 49/1042/4 45/1043/4 50/1044/4
f 46/1045/4 48/1046/4 51/1047/4
f 49/1048/4 50/1049/4 51/1050/4
f 46/1051/4 51/1052/4 52/1053/4
f 52/1054/4 51/1055/4 50/1056/4
f 55/1057/2 54/1058/2 53/1059/2
f 55/1060/2 56/1061/2 54/1062/2
f 55/1063/2 57/1064/2 56/1065/2
f 58/1066/2 56/1067/2 57/1068/2
f 57/1069/2 55/1070/2 59/1071/2
f 56/1072/2 58/1073/2 60/1074/2
f 59/1075/2 55/1076/2 61/1077/2
f 56/1078/2 60/1079/2 62/1080/2
f 59/1081/2 61/1082/2 63/1083/2
f 59/1084/2 63/1085/2 60/1086/2
f 63/1087/2 61/1088/2 64/1089/2
f 64/1090/2 60/1091/2 63/1092/2
f 65/1093/2 60/1094/2 64/1095/2
f 62/1096/2 60/1097/2 66/1098/2
f 66/1099/2 60/1100/2 65/1101/2
f 65/1102/2 62/1103/2 66/1104/2
f 69/1105/4 68/1106/4 67/1107/4
f 69/1108/4 70/1109/4 68/1110/4
f 69/1111/4 48/1112/4 70/1113/4
f 71/1114/4 70/1115/4 48/1116/4
f 48/1117/4 69/1118/4 51/1119/4
f 51/1120/4 69/1121/4 72/1122/4
f 70/1123/4 71/1124/4 73/1125/4
f 51/1126/4 72/1127/4 73/1128/4
f 70/1129/4 73/1130/4 74/1131/4
f 74/1132/4 73/1133/4 72/1134/4
f 77/1135/4 76/1136/4 75/1137/4
f 77/1138/4 78/1139/4 76/1140/4
f 77/1141/4 38/1142/4 78/1143/4
f 79/1144/4 78/1145/4 38/1146/4
f 38/1147/4 77/1148/4 41/1149/4
f 41/1150/4 77/1151/4 80/1152/4
f 78/1153/4 79/1154/4 81/1155/4
f 41/1156/4 80/1157/4 81/1158/4
f 78/1159/4 81/1160/4 82/1161/4
f 82/1162/4 81/1163/4 80/1164/4
f 85/1165/2 84/1166/2 83/1167/2
f 85/1168/2 86/1169/2 84/1170/2
f 85/1171/2 87/1172/2 86/1173/2
f 88/1174/2 86/1175/2 87/1176/2
f 87/1177/2 85/1178/2 89/1179/2
f 86/1180/2 88/1181/2 90/1182/2
f 89/1183/2 85/1184/2 91/1185/2
f 86/1186/2 90/1187/2 92/1188/2
f 89/1189/2 91/1190/2 93/1191/2
f 89/1192/2 93/1193/2 90/1194/2
f 93/1195/2 91/1196/2 94/1197/2
f 94/1198/2 90/1199/2 93/1200/2
f 95/1201/2 90/1202/2 94/1203/2
f 92/1204/2 90/1205/2 96/1206/2
f 96/1207/2 90/1208/2 95/1209/2
f 95/1210/2 92/1211/2 96/1212/2
f 97/1213/3 90/1214/3 88/1215/3
f 90/1216/3 97/1217/3 98/1218/3
f 101/1219/2 100/1220/2 99/1221/2
f 101/1222/2 102/1223/2 100/1224/2
f 101/1225/2 103/1226/2 102/1227/2
f 104/1228/2 102/1229/2 103/1230/2
f 103/1231/2 101/1232/2 105/1233/2
f 102/1234/2 104/1235/2 106/1236/2
f 105/1237/2 101/1238/2 107/1239/2
f 102/1240/2 106/1241/2 108/1242/2
f 105/1243/2 107/1244/2 109/1245/2
f 105/1246/2 109/1247/2 106/1248/2
f 109/1249/2 107/1250/2 110/1251/2
f 110/1252/2 106/1253/2 109/1254/2
f 111/1255/2 106/1256/2 110/1257/2
f 108/1258/2 106/1259/2 112/1260/2
f 112/1261/2 106/1262/2 111/1263/2
f 111/1264/2 108/1265/2 112/1266/2
f 128/1267/6 127/1268/6 120/1269/6
f 118/1270/6 120/1271/6 127/1272/6
f 126/1273/2 122/1274/2 125/1275/2
f 125/1276/2 120/1277/2 126/1278/2
f 126/1279/2 120/1280/2 122/1281/2
f 124/1282/2 120/1283/2 125/1284/2
f 123/1285/2 120/1286/2 124/1287/2
f 124/1288/2 121/1289/2 123/1290/2
f 120/1291/2 123/1292/2 119/1293/2
f 123/1294/2 121/1295/2 119/1296/2
f 122/1297/2 120/1298/2 116/1299/2
f 121/1300/2 115/1301/2 119/1302/2
f 120/1303/2 118/1304/2 116/1305/2
f 119/1306/2 115/1307/2 117/1308/2
f 117/1309/2 116/1310/2 118/1311/2
f 116/1312/2 117/1313/2 115/1314/2
f 114/1315/2 116/1316/2 115/1317/2
f 113/1318/2 114/1319/2 115/1320/2
f 131/1321/2 130/1322/2 129/1323/2
f 131/1324/2 132/1325/2 130/1326/2
f 131/1327/2 133/1328/2 132/1329/2
f 134/1330/2 132/1331/2 133/1332/2
f 133/1333/2 131/1334/2 135/1335/2
f 132/1336/2 134/1337/2 136/1338/2
f 135/1339/2 131/1340/2 137/1341/2
f 132/1342/2 136/1343/2 138/1344/2
f 135/1345/2 137/1346/2 139/1347/2
f 135/1348/2 139/1349/2 136/1350/2
f 139/1351/2 137/1352/2 140/1353/2
f 140/1354/2 136/1355/2 139/1356/2
f 141/1357/2 136/1358/2 140/1359/2
f 138/1360/2 136/1361/2 142/1362/2
f 142/1363/2 136/1364/2 141/1365/2
f 141/1366/2 138/1367/2 142/1368/2
f 158/1369/6 157/1370/6 150/1371/6
f 148/1372/6 150/1373/6 157/1374/6
f 156/1375/2 152/1376/2 155/1377/2
f 155/1378/2 150/1379/2 156/1380/2
f 156/1381/2 150/1382/2 152/1383/2
f 154/1384/2 150/1385/2 155/1386/2
f 153/1387/2 150/1388/2 154/1389/2
f 154/1390/2 151/1391/2 153/1392/2
f 150/1393/2 153/1394/2 149/1395/2
f 153/1396/2 151/1397/2 149/1398/2
f 152/1399/2 150/1400/2 146/1401/2
f 151/1402/2 145/1403/2 149/1404/2
f 150/1405/2 148/1406/2 146/1407/2
f 149/1408/2 145/1409/2 147/1410/2
f 147/1411/2 146/1412/2 148/1413/2
f 146/1414/2 147/1415/2 145/1416/2
f 144/1417/2 146/1418/2 145/1419/2
f 143/1420/2 144/1421/2 145/1422/2
f 161/1423/1 160/1424/1 159/1425/1
f 160/1426/1 161/1427/1 162/1428/1
f 165/1429/2 164/1430/2 163/1431/2
f 165/1432/2 166/1433/2 164/1434/2
f 165/1435/2 167/1436/2 166/1437/2
f 168/1438/2 166/1439/2 167/1440/2
f 167/1441/2 165/1442/2 169/1443/2
f 166/1444/2 168/1445/2 170/1446/2
f 169/1447/2 165/1448/2 171/1449/2
f 166/1450/2 170/1451/2 172/1452/2
f 169/1453/2 171/1454/2 173/1455/2
f 169/1456/2 173/1457/2 170/1458/2
f 173/1459/2 171/1460/2 174/1461/2
f 174/1462/2 170/1463/2 173/1464/2
f 175/1465/2 170/1466/2 174/1467/2
f 172/1468/2 170/1469/2 176/1470/2
f 176/1471/2 170/1472/2 175/1473/2
f 175/1474/2 172/1475/2 176/1476/2
f 179/1477/2 178/1478/2 177/1479/2
f 179/1480/2 180/1481/2 178/1482/2
f 179/1483/2 181/1484/2 180/1485/2
f 182/1486/2 180/1487/2 181/1488/2
f 181/1489/2 179/1490/2 183/1491/2
f 180/1492/2 182/1493/2 184/1494/2
f 183/1495/2 179/1496/2 185/1497/2
f 180/1498/2 184/1499/2 186/1500/2
f 183/1501/2 185/1502/2 187/1503/2
f 183/1504/2 187/1505/2 184/1506/2
f 187/1507/2 185/1508/2 188/1509/2
f 188/1510/2 184/1511/2 187/1512/2
f 189/1513/2 184/1514/2 188/1515/2
f 186/1516/2 184/1517/2 190/1518/2
f 190/1519/2 184/1520/2 189/1521/2
f 189/1522/2 186/1523/2 190/1524/2
f 193/1525/2 192/1526/2 191/1527/2
f 193/1528/2 194/1529/2 192/1530/2
f 193/1531/2 195/1532/2 194/1533/2
f 196/1534/2 194/1535/2 195/1536/2
f 195/1537/2 193/1538/2 197/1539/2
f 194/1540/2 196/1541/2 198/1542/2
f 197/1543/2 193/1544/2 199/1545/2
f 194/1546/2 198/1547/2 200/1548/2
f 197/1549/2 199/1550/2 201/1551/2
f 197/1552/2 201/1553/2 198/1554/2
f 201/1555/2 199/1556/2 202/1557/2
f 202/1558/2 198/1559/2 201/1560/2
f 203/1561/2 198/1562/2 202/1563/2
f 200/1564/2 198/1565/2 204/1566/2
f 204/1567/2 198/1568/2 203/1569/2
f 203/1570/2 200/1571/2 204/1572/2
f 207/1573/4 206/1574/4 205/1575/4
f 207/1576/4 208/1577/4 206/1578/4
f 207/1579/4 209/1580/4 208/1581/4
f 210/1582/4 208/1583/4 209/1584/4
f 209/1585/4 207/1586/4 211/1587/4
f 211/1588/4 207/1589/4 212/1590/4
f 208/1591/4 210/1592/4 213/1593/4
f 211/1594/4 212/1595/4 213/1596/4
f 208/1597/4 213/1598/4 214/1599/4
f 214/1600/4 213/1601/4 212/1602/4
f 215/1603/5 209/1604/5 211/1605/5
f 209/1606/5 215/1607/5 216/1608/5
f 226/1609/7 225/1610/7 221/1611/7
f 222/1612/7 221/1613/7 225/1614/7
f 223/1615/4 81/1616/4 224/1617/4
f 224/1618/4 81/1619/4 220/1620/4
f 81/1621/4 223/1622/4 222/1623/4
f 81/1624/4 79/1625/4 220/1626/4
f 223/1627/4 219/1628/4 222/1629/4
f 222/1630/4 219/1631/4 221/1632/4
f 221/1633/4 220/1634/4 79/1635/4
f 220/1636/4 221/1637/4 219/1638/4
f 218/1639/4 220/1640/4 219/1641/4
f 217/1642/4 218/1643/4 219/1644/4
f 229/1645/4 228/1646/4 227/1647/4
f 229/1648/4 230/1649/4 228/1650/4
f 229/1651/4 231/1652/4 230/1653/4
f 232/1654/4 230/1655/4 231/1656/4
f 231/1657/4 229/1658/4 233/1659/4
f 233/1660/4 229/1661/4 234/1662/4
f 230/1663/4 232/1664/4 235/1665/4
f 233/1666/4 234/1667/4 235/1668/4
f 230/1669/4 235/1670/4 236/1671/4
f 236/1672/4 235/1673/4 234/1674/4
f 239/1675/4 238/1676/4 237/1677/4
f 239/1678/4 240/1679/4 238/1680/4
f 239/1681/4 241/1682/4 240/1683/4
f 242/1684/4 240/1685/4 241/1686/4
f 241/1687/4 239/1688/4 243/1689/4
f 243/1690/4 239/1691/4 244/1692/4
f 240/1693/4 242/1694/4 245/1695/4
f 243/1696/4 244/1697/4 245/1698/4
f 240/1699/4 245/1700/4 246/1701/4
f 246/1702/4 245/1703/4 244/1704/4
f 256/1705/7 255/1706/7 251/1707/7
f 252/1708/7 251/1709/7 255/1710/7
f 253/1711/4 73/1712/4 254/1713/4
f 254/1714/4 73/1715/4 250/1716/4
f 73/1717/4 253/1718/4 252/1719/4
f 73/1720/4 71/1721/4 250/1722/4
f 253/1723/4 249/1724/4 252/1725/4
f 252/1726/4 249/1727/4 251/1728/4
f 251/1729/4 250/1730/4 71/1731/4
f 250/1732/4 251/1733/4 249/1734/4
f 248/1735/4 250/1736/4 249/1737/4
f 247/1738/4 248/1739/4 249/1740/4
usemtl palette
f 259/11/4 258/10/4 257/10/4
f 258/10/4 259/11/4 260/11/4
f 3/11/5 258/10/5 260/11/5
f 258/10/5 3/11/5 1/10/5
f 2/10/8 258/10/8 1/10/8
f 258/10/8 2/10/8 257/10/8
f 2/10/7 259/11/7 257/10/7
f 259/11/7 2/10/7 4/11/7
f 259/11/9 3/11/9 260/11/9
f 3/11/9 259/11/9 4/11/9
f 263/10/9 262/10/9 261/10/9
f 262/10/9 263/10/9 264/10/9
f 267/10/9 266/10/9 265/10/9
f 266/10/9 267/10/9 268/10/9
f 271/10/9 270/10/9 269/10/9
f 270/10/9 271/10/9 272/10/9
f 275/10/9 274/10/9 273/10/9
f 274/10/9 275/10/9 276/10/9
f 278/10/9 277/10/9 274/10/9
f 277/10/9 278/10/9 279/10/9
f 282/10/9 281/10/9 280/10/9
f 281/10/9 282/10/9 283/10/9
f 286/10/9 285/10/9 284/10/9
f 285/10/9 286/10/9 287/10/9
f 290/10/9 289/10/9 288/10/9
f 289/10/9 290/10/9 291/10/9
f 294/10/9 293/10/9 292/10/9
f 293/10/9 294/10/9 295/10/9
f 298/10/9 297/10/9 296/10/9
f 297/10/9 298/10/9 299/10/9
f 305/11/11 304/12/11 302/11/11
f 300/12/11 302/11/11 304/12/11
f 303/11/10 302/11/10 301/12/10
f 300/12/10 301/12/10 302/11/10
f 308/11/12 307/12/12 306/11/12
f 307/12/12 308/11/12 309/12/12
f 312/11/12 311/12/12 310/11/12
f 311/12/12 312/11/12 313/12/12
f 316/11/12 315/12/12 314/11/12
f 315/12/12 316/11/12 317/12/12
f 320/11/10 319/12/10 318/12/10
f 319/12/10 320/11/10 321/11/10
f 322/12/13 320/11/13 318/12/13
f 320/11/13 322/12/13 323/11/13
f 326/11/4 325/12/4 324/12/4
f 325/12/4 326/11/4 327/13/4
f 327/13/4 326/11/4 328/14/4
f 329/14/4 327/13/4 328/14/4
f 328/14/4 326/11/4 329/14/4
f 329/14/4 326/11/4 330/14/4
f 330/14/4 326/11/4 331/14/4
f 332/11/4 331/14/4 326/11/4
f 331/14/4 333/13/4 330/14/4
f 332/11/4 333/13/4 331/14/4
f 334/12/4 333/13/4 332/11/4
f 333/13/4 334/12/4 335/12/4
f 338/15/14 337/16/15 336/15/14
f 337/16/15 338/15/14 339/16/15
f 342/16/15 341/16/9 340/16/9
f 341/16/9 342/16/15 159/16/15
f 341/16/7 343/15/16 340/16/7
f 343/15/16 341/16/7 344/15/16
f 159/16/4 160/16/4 161/15/4
f 162/15/4 161/15/4 160/16/4
f 161/15/14 342/16/15 345/15/14
f 342/16/15 161/15/14 159/16/15
f 345/15/17 342/16/16 161/15/17
f 159/16/16 161/15/17 342/16/16
f 160/16/17 347/15/16 346/16/17
f 347/15/16 160/16/17 162/15/16
f 346/16/14 347/15/15 160/16/14
f 162/15/15 160/16/14 347/15/15
f 337/16/15 160/16/17 346/16/17
f 160/16/17 337/16/15 339/16/15
f 338/15/14 347/15/16 162/15/16
f 347/15/16 338/15/14 336/15/14
f 161/15/14 343/15/16 344/15/16
f 343/15/16 161/15/14 345/15/14
f 337/16/4 348/17/4 336/15/4
f 336/15/4 348/17/4 347/15/4
f 337/16/4 349/10/4 348/17/4
f 349/10/4 337/16/4 350/10/4
f 350/10/4 337/16/4 346/16/4
f 350/10/4 346/16/4 340/16/4
f 340/16/4 351/17/4 350/10/4
f 346/16/4 342/16/4 340/16/4
f 342/16/4 346/16/4 347/15/4
f 351/17/4 340/16/4 343/15/4
f 351/17/4 343/15/4 348/17/4
f 342/16/4 347/15/4 345/15/4
f 347/15/4 348/17/4 345/15/4
f 345/15/4 348/17/4 343/15/4
f 353/12/4 352/11/4 364/12/4
f 363/13/4 364/12/4 352/11/4
f 361/14/4 363/13/4 352/11/4
f 362/11/4 361/14/4 352/11/4
f 360/14/4 361/14/4 362/11/4
f 354/18/14 359/10/5 355/18/14
f 358/10/5 355/18/14 359/10/5
f 357/18/8 356/18/8 355/18/14
f 354/18/14 355/18/14 356/18/8
f 304/12/7 305/11/7 353/12/7
f 352/11/7 353/12/7 305/11/7
f 369/15/8 377/15/8 370/15/14
f 375/15/14 370/15/14 377/15/8
f 376/19/5 366/16/15 375/15/14
f 375/15/14 366/16/15 370/15/14
f 365/16/15 370/15/14 366/16/15
f 374/10/4 373/10/4 367/16/4
f 365/16/4 367/16/4 373/10/4
f 372/17/4 365/16/4 373/10/4
f 370/15/4 365/16/4 372/17/4
f 371/17/4 370/15/4 372/17/4
f 369/15/4 370/15/4 371/17/4
f 368/16/9 367/16/9 366/16/15
f 365/16/15 366/16/15 367/16/9
f 356/18/8 379/18/16 378/18/16
f 379/18/16 356/18/8 357/18/8
f 381/10/7 379/18/16 380/10/7
f 379/18/16 381/10/7 378/18/16
f 362/11/4 382/14/4 360/14/4
f 326/11/4 382/14/4 362/11/4
f 326/11/4 383/13/4 382/14/4
f 326/11/4 384/12/4 383/13/4
f 384/12/4 326/11/4 324/12/4
f 387/16/9 386/16/17 385/16/17
f 386/16/17 387/16/9 388/16/9
f 391/17/4 390/15/4 389/15/4
f 392/17/4 390/15/4 391/17/4
f 392/17/4 385/16/4 390/15/4
f 393/10/4 385/16/4 392/17/4
f 393/10/4 387/16/4 385/16/4
f 387/16/4 393/10/4 394/10/4
f 386/16/17 390/15/16 385/16/17
f 390/15/16 386/16/17 395/15/16
f 395/15/16 386/16/17 396/19/7
f 397/15/8 390/15/16 395/15/16
f 390/15/16 397/15/8 389/15/8
f 334/12/4 332/11/4 408/12/4
f 407/13/4 408/12/4 332/11/4
f 405/14/4 407/13/4 332/11/4
f 406/11/4 405/14/4 332/11/4
f 404/14/4 405/14/4 406/11/4
f 398/18/14 403/10/5 399/18/14
f 402/10/5 399/18/14 403/10/5
f 401/18/8 400/18/8 399/18/14
f 398/18/14 399/18/14 400/18/8
f 413/15/8 421/15/8 414/15/14
f 419/15/14 414/15/14 421/15/8
f 420/19/5 410/16/15 419/15/14
f 419/15/14 410/16/15 414/15/14
f 409/16/15 414/15/14 410/16/15
f 418/10/4 417/10/4 411/16/4
f 409/16/4 411/16/4 417/10/4
f 416/17/4 409/16/4 417/10/4
f 414/15/4 409/16/4 416/17/4
f 415/17/4 414/15/4 416/17/4
f 413/15/4 414/15/4 415/17/4
f 412/16/9 411/16/9 410/16/15
f 409/16/15 410/16/15 411/16/9
f 323/11/5 423/12/5 422/11/5
f 423/12/5 323/11/5 322/12/5
f 426/18/8 425/18/16 424/18/16
f 425/18/16 426/18/8 427/18/8
f 429/10/7 425/18/16 428/10/7
f 425/18/16 429/10/7 424/18/16
f 432/11/4 431/14/4 430/14/4
f 422/11/4 431/14/4 432/11/4
f 422/11/4 433/13/4 431/14/4
f 422/11/4 434/12/4 433/13/4
f 434/12/4 422/11/4 423/12/4
f 437/16/9 436/16/17 435/16/17
f 436/16/17 437/16/9 438/16/9
f 441/17/4 440/15/4 439/15/4
f 442/17/4 440/15/4 441/17/4
f 442/17/4 435/16/4 440/15/4
f 443/10/4 435/16/4 442/17/4
f 443/10/4 437/16/4 435/16/4
f 437/16/4 443/10/4 444/10/4
f 436/16/17 440/15/16 435/16/17
f 440/15/16 436/16/17 445/15/16
f 445/15/16 436/16/17 446/19/7
f 447/15/8 440/15/16 445/15/16
f 440/15/16 447/15/8 439/15/8
f 448/21/18 135/20/18 264/20/18
f 135/20/18 448/21/18 449/22/18
f 449/22/18 448/21/18 450/22/18
f 450/22/18 448/21/18 451/21/18
f 135/20/19 453/22/19 452/20/19
f 453/22/19 135/20/19 449/22/19
f 453/22/20 454/20/20 452/20/20
f 454/20/20 453/22/20 455/22/20
f 458/21/21 457/22/21 456/21/21
f 457/22/21 458/21/21 455/22/21
f 455/22/21 458/21/21 454/20/21
f 454/20/21 458/21/21 261/20/21
f 448/21/21 263/20/21 459/21/21
f 263/20/21 448/21/21 264/20/21
f 461/21/22 457/22/20 460/22/22
f 457/22/20 461/21/22 456/21/20
f 450/22/8 453/22/8 449/22/8
f 453/22/8 450/22/8 460/22/8
f 460/22/8 450/22/8 462/22/8
f 457/22/8 453/22/8 460/22/8
f 453/22/8 457/22/8 455/22/8
f 461/21/9 458/21/9 456/21/9
f 458/21/9 461/21/9 459/21/9
f 459/21/9 461/21/9 448/21/9
f 448/21/9 461/21/9 451/21/9
f 451/21/9 461/21/9 463/21/9
f 450/22/19 463/21/23 462/22/23
f 463/21/23 450/22/19 451/21/19
f 462/22/23 461/21/22 460/22/22
f 461/21/22 462/22/23 463/21/23
f 458/21/18 263/20/18 261/20/18
f 263/20/18 458/21/18 459/21/18
f 466/22/8 465/22/8 464/22/8
f 465/22/8 466/22/8 467/22/8
f 469/20/19 465/22/19 468/20/19
f 465/22/19 469/20/19 464/22/19
f 471/21/21 268/20/21 470/21/21
f 268/20/21 471/21/21 266/20/21
f 470/21/9 472/21/9 471/21/9
f 472/21/9 470/21/9 473/21/9
f 466/22/19 473/21/19 467/22/19
f 473/21/19 466/22/19 472/21/19
f 476/22/8 475/22/8 474/22/8
f 475/22/8 476/22/8 477/22/8
f 479/20/19 475/22/19 478/20/19
f 475/22/19 479/20/19 474/22/19
f 481/21/21 272/20/21 480/21/21
f 272/20/21 481/21/21 270/20/21
f 480/21/9 482/21/9 481/21/9
f 482/21/9 480/21/9 483/21/9
f 476/22/19 483/21/19 477/22/19
f 483/21/19 476/22/19 482/21/19
f 486/22/8 485/22/8 484/22/8
f 485/22/8 486/22/8 487/22/8
f 11/20/19 485/22/19 488/20/19
f 485/22/19 11/20/19 484/22/19
f 490/21/21 276/20/21 489/21/21
f 276/20/21 490/21/21 274/20/21
f 489/21/9 491/21/9 490/21/9
f 491/21/9 489/21/9 492/21/9
f 486/22/19 492/21/19 487/22/19
f 492/21/19 486/22/19 491/21/19
f 494/21/24 493/20/24 279/20/24
f 493/20/24 494/21/24 495/22/24
f 495/22/24 494/21/24 496/22/24
f 496/22/24 494/21/24 497/21/24
f 493/20/25 498/22/25 12/20/25
f 498/22/25 493/20/25 495/22/25
f 498/22/26 11/20/26 12/20/26
f 11/20/26 498/22/26 484/22/26
f 490/21/27 486/22/27 491/21/27
f 486/22/27 490/21/27 484/22/27
f 484/22/27 490/21/27 11/20/27
f 11/20/27 490/21/27 274/20/27
f 494/21/27 278/20/27 499/21/27
f 278/20/27 494/21/27 279/20/27
f 501/21/28 486/22/26 500/22/28
f 486/22/26 501/21/28 491/21/26
f 496/22/8 498/22/8 495/22/8
f 498/22/8 496/22/8 500/22/8
f 500/22/8 496/22/8 502/22/8
f 486/22/8 498/22/8 500/22/8
f 498/22/8 486/22/8 484/22/8
f 501/21/9 490/21/9 491/21/9
f 490/21/9 501/21/9 499/21/9
f 499/21/9 501/21/9 494/21/9
f 494/21/9 501/21/9 497/21/9
f 497/21/9 501/21/9 503/21/9
f 496/22/25 503/21/29 502/22/29
f 503/21/29 496/22/25 497/21/25
f 502/22/29 501/21/28 500/22/28
f 501/21/28 502/22/29 503/21/29
f 490/21/24 278/20/24 274/20/24
f 278/20/24 490/21/24 499/21/24
f 506/22/8 505/22/8 504/22/8
f 505/22/8 506/22/8 507/22/8
f 509/20/30 505/22/30 508/20/30
f 505/22/30 509/20/30 504/22/30
f 511/21/12 283/20/12 510/21/12
f 283/20/12 511/21/12 281/20/12
f 510/21/9 512/21/9 511/21/9
f 512/21/9 510/21/9 513/21/9
f 506/22/30 513/21/30 507/22/30
f 513/21/30 506/22/30 512/21/30
f 514/21/1 158/20/1 287/20/1
f 158/20/1 514/21/1 515/22/1
f 515/22/1 514/21/1 516/22/1
f 516/22/1 514/21/1 517/21/1
f 158/20/7 519/22/7 518/20/7
f 519/22/7 158/20/7 515/22/7
f 519/22/4 520/20/4 518/20/4
f 520/20/4 519/22/4 521/22/4
f 524/21/5 523/22/5 522/21/5
f 523/22/5 524/21/5 521/22/5
f 521/22/5 524/21/5 520/20/5
f 520/20/5 524/21/5 284/20/5
f 514/21/5 286/20/5 525/21/5
f 286/20/5 514/21/5 287/20/5
f 527/21/31 523/22/4 526/22/31
f 523/22/4 527/21/31 522/21/4
f 516/22/8 519/22/8 515/22/8
f 519/22/8 516/22/8 526/22/8
f 526/22/8 516/22/8 528/22/8
f 523/22/8 519/22/8 526/22/8
f 519/22/8 523/22/8 521/22/8
f 527/21/9 524/21/9 522/21/9
f 524/21/9 527/21/9 525/21/9
f 525/21/9 527/21/9 514/21/9
f 514/21/9 527/21/9 517/21/9
f 517/21/9 527/21/9 529/21/9
f 516/22/7 529/21/32 528/22/32
f 529/21/32 516/22/7 517/21/7
f 528/22/32 527/21/31 526/22/31
f 527/21/31 528/22/32 529/21/32
f 524/21/1 286/20/1 284/20/1
f 286/20/1 524/21/1 525/21/1
f 532/22/8 531/22/8 530/22/8
f 531/22/8 532/22/8 533/22/8
f 535/20/30 531/22/30 534/20/30
f 531/22/30 535/20/30 530/22/30
f 537/21/12 291/20/12 536/21/12
f 291/20/12 537/21/12 289/20/12
f 536/21/9 538/21/9 537/21/9
f 538/21/9 536/21/9 539/21/9
f 532/22/30 539/21/30 533/22/30
f 539/21/30 532/22/30 538/21/30
f 542/22/8 541/22/8 540/22/8
f 541/22/8 542/22/8 543/22/8
f 545/20/30 541/22/30 544/20/30
f 541/22/30 545/20/30 540/22/30
f 547/21/12 295/20/12 546/21/12
f 295/20/12 547/21/12 293/20/12
f 546/21/9 548/21/9 547/21/9
f 548/21/9 546/21/9 549/21/9
f 542/22/30 549/21/30 543/22/30
f 549/21/30 542/22/30 548/21/30
f 551/21/33 550/20/33 299/20/33
f 550/20/33 551/21/33 552/22/33
f 552/22/33 551/21/33 553/22/33
f 553/22/33 551/21/33 554/21/33
f 550/20/30 556/22/30 555/20/30
f 556/22/30 550/20/30 552/22/30
f 556/22/34 557/20/34 555/20/34
f 557/20/34 556/22/34 558/22/34
f 561/21/12 560/22/12 559/21/12
f 560/22/12 561/21/12 558/22/12
f 558/22/12 561/21/12 557/20/12
f 557/20/12 561/21/12 296/20/12
f 551/21/12 298/20/12 562/21/12
f 298/20/12 551/21/12 299/20/12
f 564/21/35 560/22/34 563/22/35
f 560/22/34 564/21/35 559/21/34
f 553/22/8 556/22/8 552/22/8
f 556/22/8 553/22/8 563/22/8
f 563/22/8 553/22/8 565/22/8
f 560/22/8 556/22/8 563/22/8
f 556/22/8 560/22/8 558/22/8
f 564/21/9 561/21/9 559/21/9
f 561/21/9 564/21/9 562/21/9
f 562/21/9 564/21/9 551/21/9
f 551/21/9 564/21/9 554/21/9
f 554/21/9 564/21/9 566/21/9
f 553/22/30 566/21/36 565/22/36
f 566/21/36 553/22/30 554/21/30
f 565/22/36 564/21/35 563/22/35
f 564/21/35 565/22/36 566/21/36
f 561/21/33 298/20/33 296/20/33
f 298/20/33 561/21/33 562/21/33
f 569/20/37 568/21/32 567/20/32
f 568/21/32 569/20/37 570/21/37
f 573/21/31 572/20/38 571/20/31
f 572/20/38 573/21/31 574/21/38
f 577/21/28 576/20/39 575/20/28
f 576/20/39 577/21/28 578/21/39
f 581/21/29 580/20/40 579/21/40
f 580/20/40 581/21/29 582/20/29
f 567/20/32 573/21/31 571/20/31
f 573/21/31 567/20/32 568/21/32
f 576/20/39 570/21/37 569/20/37
f 570/21/37 576/20/39 578/21/39
f 577/21/28 582/20/29 581/21/29
f 582/20/29 577/21/28 575/20/28
f 579/21/40 572/20/38 574/21/38
f 572/20/38 579/21/40 580/20/40
f 574/21/9 581/21/9 579/21/9
f 581/21/9 574/21/9 577/21/9
f 577/21/9 574/21/9 573/21/9
f 577/21/9 573/21/9 578/21/9
f 578/21/9 573/21/9 568/21/9
f 578/21/9 568/21/9 570/21/9
f 585/20/37 584/21/32 583/20/32
f 584/21/32 585/20/37 586/21/37
f 589/21/31 588/20/38 587/20/31
f 588/20/38 589/21/31 590/21/38
f 593/21/28 592/20/39 591/20/28
f 592/20/39 593/21/28 594/21/39
f 597/21/29 596/20/40 595/21/40
f 596/20/40 597/21/29 598/20/29
f 583/20/32 589/21/31 587/20/31
f 589/21/31 583/20/32 584/21/32
f 592/20/39 586/21/37 585/20/37
f 586/21/37 592/20/39 594/21/39
f 593/21/28 598/20/29 597/21/29
f 598/20/29 593/21/28 591/20/28
f 595/21/40 588/20/38 590/21/38
f 588/20/38 595/21/40 596/20/40
f 590/21/9 597/21/9 595/21/9
f 597/21/9 590/21/9 593/21/9
f 593/21/9 590/21/9 589/21/9
f 593/21/9 589/21/9 594/21/9
f 594/21/9 589/21/9 584/21/9
f 594/21/9 584/21/9 586/21/9
f 606/23/9 604/23/9 304/23/9
f 304/23/9 604/23/9 300/23/9
f 604/23/9 601/23/9 300/23/9
f 601/23/9 602/23/9 300/23/9
f 301/23/9 300/23/9 602/23/9
f 603/20/8 605/20/8 599/20/8
f 599/20/8 605/20/8 600/20/8
f 607/20/8 600/20/8 605/20/8
f 601/23/39 604/23/37 599/20/39
f 603/20/37 599/20/39 604/23/37
f 606/23/11 605/20/11 604/23/37
f 603/20/37 604/23/37 605/20/11
f 602/23/10 601/23/39 600/20/10
f 599/20/39 600/20/10 601/23/39
f 610/23/12 609/20/12 608/23/12
f 609/20/12 610/23/12 611/20/12
f 307/23/9 610/23/9 608/23/9
f 610/23/9 307/23/9 309/23/9
f 612/20/8 609/20/8 611/20/8
f 609/20/8 612/20/8 613/20/8
f 616/23/12 615/20/12 614/23/12
f 615/20/12 616/23/12 617/20/12
f 311/23/9 616/23/9 614/23/9
f 616/23/9 311/23/9 313/23/9
f 618/20/8 615/20/8 617/20/8
f 615/20/8 618/20/8 619/20/8
f 622/23/12 621/20/12 620/23/12
f 621/20/12 622/23/12 623/20/12
f 315/23/9 622/23/9 620/23/9
f 622/23/9 315/23/9 317/23/9
f 624/20/8 621/20/8 623/20/8
f 621/20/8 624/20/8 625/20/8
f 628/23/28 627/20/10 626/20/28
f 627/20/10 628/23/28 629/23/10
f 632/20/13 631/23/29 630/20/29
f 631/23/29 632/20/13 633/23/13
f 631/23/29 626/20/28 630/20/29
f 626/20/28 631/23/29 628/23/28
f 632/20/8 627/20/8 634/20/8
f 627/20/8 632/20/8 626/20/8
f 626/20/8 632/20/8 630/20/8
f 629/23/9 318/23/9 319/23/9
f 318/23/9 629/23/9 628/23/9
f 318/23/9 628/23/9 631/23/9
f 318/23/9 631/23/9 322/23/9
f 322/23/9 631/23/9 633/23/9
f 637/25/5 636/24/42 635/24/41
f 636/24/42 637/25/5 638/25/43
f 641/24/45 640/25/7 639/24/44
f 640/25/7 641/24/45 642/25/46
f 636/24/43 644/26/1 643/26/43
f 644/26/1 636/24/43 645/24/1
f 637/25/5 647/24/48 646/25/47
f 647/24/48 637/25/5 635/24/41
f 648/25/1 641/24/45 645/24/49
f 641/24/45 648/25/1 642/25/46
f 650/25/4 647/24/48 649/24/50
f 647/24/48 650/25/4 646/25/47
f 652/25/52 649/24/50 651/24/51
f 649/24/50 652/25/52 650/25/4
f 654/21/54 637/25/5 653/21/53
f 637/25/5 654/21/54 638/25/43
f 645/24/1 655/26/46 644/26/1
f 655/26/46 645/24/1 641/24/46
f 651/24/52 657/26/4 656/26/52
f 657/26/4 651/24/52 649/24/4
f 658/26/7 651/24/52 656/26/52
f 651/24/52 658/26/7 639/24/7
f 638/25/43 645/24/49 636/24/42
f 645/24/49 638/25/43 648/25/1
f 659/21/55 650/25/4 652/25/52
f 650/25/4 659/21/55 660/21/56
f 661/21/57 637/25/5 646/25/47
f 637/25/5 661/21/57 653/21/53
f 660/21/56 646/25/47 650/25/4
f 646/25/47 660/21/56 661/21/57
f 651/24/51 640/25/7 652/25/52
f 640/25/7 651/24/51 639/24/44
f 662/21/58 642/25/46 648/25/1
f 642/25/46 662/21/58 663/21/59
f 640/25/7 659/21/55 652/25/52
f 659/21/55 640/25/7 664/21/60
f 661/21/9 654/21/9 653/21/9
f 654/21/9 661/21/9 660/21/9
f 654/21/9 660/21/9 662/21/9
f 662/21/9 660/21/9 659/21/9
f 662/21/9 659/21/9 663/21/9
f 663/21/9 659/21/9 664/21/9
f 635/24/5 665/26/47 647/24/47
f 665/26/47 635/24/5 666/26/5
f 649/24/4 665/26/47 657/26/4
f 665/26/47 649/24/4 647/24/47
f 640/25/7 663/21/59 664/21/60
f 663/21/59 640/25/7 642/25/46
f 636/24/43 666/26/5 635/24/5
f 666/26/5 636/24/43 643/26/43
f 654/21/54 648/25/1 638/25/43
f 648/25/1 654/21/54 662/21/58
f 655/26/46 639/24/7 658/26/7
f 639/24/7 655/26/46 641/24/46
f 669/25/5 668/24/42 667/24/41
f 668/24/42 669/25/5 670/25/43
f 673/24/45 672/25/7 671/24/44
f 672/25/7 673/24/45 674/25/46
f 668/24/43 676/26/1 675/26/43
f 676/26/1 668/24/43 677/24/1
f 669/25/5 679/24/48 678/25/47
f 679/24/48 669/25/5 667/24/41
f 680/25/1 673/24/45 677/24/49
f 673/24/45 680/25/1 674/25/46
f 682/25/4 679/24/48 681/24/50
f 679/24/48 682/25/4 678/25/47
f 684/25/52 681/24/50 683/24/51
f 681/24/50 684/25/52 682/25/4
f 686/21/54 669/25/5 685/21/53
f 669/25/5 686/21/54 670/25/43
f 677/24/1 687/26/46 676/26/1
f 687/26/46 677/24/1 673/24/46
f 683/24/52 689/26/4 688/26/52
f 689/26/4 683/24/52 681/24/4
f 690/26/7 683/24/52 688/26/52
f 683/24/52 690/26/7 671/24/7
f 670/25/43 677/24/49 668/24/42
f 677/24/49 670/25/43 680/25/1
f 691/21/55 682/25/4 684/25/52
f 682/25/4 691/21/55 692/21/56
f 693/21/57 669/25/5 678/25/47
f 669/25/5 693/21/57 685/21/53
f 692/21/56 678/25/47 682/25/4
f 678/25/47 692/21/56 693/21/57
f 683/24/51 672/25/7 684/25/52
f 672/25/7 683/24/51 671/24/44
f 694/21/58 674/25/46 680/25/1
f 674/25/46 694/21/58 695/21/59
f 672/25/7 691/21/55 684/25/52
f 691/21/55 672/25/7 696/21/60
f 693/21/9 686/21/9 685/21/9
f 686/21/9 693/21/9 692/21/9
f 686/21/9 692/21/9 694/21/9
f 694/21/9 692/21/9 691/21/9
f 694/21/9 691/21/9 695/21/9
f 695/21/9 691/21/9 696/21/9
f 667/24/5 697/26/47 679/24/47
f 697/26/47 667/24/5 698/26/5
f 681/24/4 697/26/47 689/26/4
f 697/26/47 681/24/4 679/24/47
f 672/25/7 695/21/59 696/21/60
f 695/21/59 672/25/7 674/25/46
f 668/24/43 698/26/5 667/24/5
f 698/26/5 668/24/43 675/26/43
f 686/21/54 680/25/1 670/25/43
f 680/25/1 686/21/54 694/21/58
f 687/26/46 671/24/7 690/26/7
f 671/24/7 687/26/46 673/24/46
f 701/27/1 700/27/1 699/26/1
f 700/27/1 701/27/1 702/28/1
f 700/27/1 702/28/1 703/28/1
f 703/28/1 702/28/1 704/29/1
f 703/28/1 704/29/1 705/29/1
f 705/29/1 704/29/1 706/21/1
f 700/27/16 708/28/7 707/27/16
f 708/28/7 700/27/16 703/28/7
f 700/27/16 709/26/8 699/26/8
f 709/26/8 700/27/16 707/27/16
f 699/26/8 710/27/14 701/27/14
f 710/27/14 699/26/8 709/26/8
f 702/28/5 710/27/14 711/28/5
f 710/27/14 702/28/5 701/27/14
f 704/29/15 711/28/5 712/29/15
f 711/28/5 704/29/15 702/28/5
f 713/21/9 704/29/15 712/29/15
f 704/29/15 713/21/9 706/21/9
f 714/29/17 706/21/9 713/21/9
f 706/21/9 714/29/17 705/29/17
f 703/28/7 714/29/17 708/28/7
f 714/29/17 703/28/7 705/29/17
f 717/21/46 716/20/7 715/21/7
f 716/20/7 717/21/46 718/20/46
f 715/21/7 720/20/52 719/21/52
f 720/20/52 715/21/7 716/20/7
f 720/20/52 721/21/4 719/21/52
f 721/21/4 720/20/52 722/20/4
f 722/20/4 723/21/47 721/21/4
f 723/21/47 722/20/4 724/20/47
f 725/20/5 723/21/47 724/20/47
f 723/21/47 725/20/5 726/21/5
f 727/20/43 726/21/5 725/20/5
f 726/21/5 727/20/43 728/21/43
f 727/20/43 729/21/1 728/21/43
f 729/21/1 727/20/43 730/20/1
f 730/20/1 717/21/46 729/21/1
f 717/21/46 730/20/1 718/20/46
f 733/30/8 732/30/8 731/30/8
f 732/30/8 733/30/8 734/30/8
f 732/30/8 734/30/8 735/30/8
f 735/30/8 734/30/8 736/30/8
f 735/30/8 736/30/8 737/30/8
f 737/30/8 736/30/8 738/30/8
f 741/31/9 740/31/9 739/31/9
f 740/31/9 741/31/9 742/31/9
f 740/31/9 742/31/9 743/31/9
f 743/31/9 742/31/9 744/31/9
f 743/31/9 744/31/9 745/31/9
f 745/31/9 744/31/9 746/31/9
f 745/31/62 747/32/61 743/31/61
f 747/32/61 745/31/62 748/32/62
f 750/32/64 741/31/63 749/32/63
f 741/31/63 750/32/64 742/31/64
f 739/31/65 752/32/66 751/32/65
f 752/32/66 739/31/65 740/31/66
f 746/31/67 748/32/62 745/31/62
f 748/32/62 746/31/67 753/32/67
f 754/32/68 742/31/64 750/32/64
f 742/31/64 754/32/68 744/31/68
f 749/32/63 739/31/65 751/32/65
f 739/31/65 749/32/63 741/31/63
f 740/31/66 747/32/61 752/32/66
f 747/32/61 740/31/66 743/31/61
f 754/32/68 746/31/67 744/31/68
f 746/31/67 754/32/68 753/32/67
f 747/32/1 736/30/46 734/30/1
f 736/30/46 747/32/1 748/32/46
f 750/32/4 732/30/47 735/30/4
f 732/30/47 750/32/4 749/32/47
f 752/32/43 731/30/5 751/32/5
f 731/30/5 752/32/43 733/30/43
f 738/30/7 754/32/52 737/30/52
f 754/32/52 738/30/7 753/32/7
f 752/32/43 734/30/1 733/30/43
f 734/30/1 752/32/43 747/32/1
f 736/30/46 753/32/7 738/30/7
f 753/32/7 736/30/46 748/32/46
f 751/32/5 732/30/47 749/32/47
f 732/30/47 751/32/5 731/30/5
f 754/32/52 735/30/4 737/30/52
f 735/30/4 754/32/52 750/32/4
f 5/33/8 755/33/8 7/33/8
f 755/33/8 5/33/8 756/33/8
f 759/34/69 758/33/6 757/34/69
f 758/33/6 759/34/69 6/33/6
f 759/34/69 761/34/70 760/34/70
f 761/34/70 759/34/69 757/34/69
f 5/33/3 761/34/70 756/33/3
f 761/34/70 5/33/3 760/34/70
f 8/33/3 763/35/71 762/33/3
f 763/35/71 8/33/3 14/35/71
f 763/35/2 758/33/2 762/33/2
f 758/33/2 763/35/2 757/34/2
f 757/34/2 763/35/2 761/34/2
f 764/35/2 761/34/2 763/35/2
f 764/35/2 763/35/2 765/31/2
f 764/35/2 765/31/2 766/31/2
f 755/33/2 761/34/2 764/35/2
f 761/34/2 755/33/2 756/33/2
f 8/33/8 758/33/8 6/33/8
f 758/33/8 8/33/8 762/33/8
f 769/23/72 768/20/2 767/20/72
f 768/20/2 769/23/72 770/23/2
f 771/20/73 769/23/72 767/20/72
f 769/23/72 771/20/73 772/23/73
f 773/20/3 772/23/73 771/20/73
f 772/23/73 773/20/3 774/23/3
f 769/23/9 9/23/9 770/23/9
f 9/23/9 769/23/9 10/23/9
f 10/23/9 769/23/9 772/23/9
f 10/23/9 772/23/9 19/23/9
f 19/23/9 772/23/9 774/23/9
f 773/20/8 768/20/8 775/20/8
f 768/20/8 773/20/8 767/20/8
f 767/20/8 773/20/8 771/20/8
f 765/31/75 16/31/74 766/31/74
f 16/31/74 765/31/75 17/31/75
f 16/31/74 764/35/76 766/31/74
f 764/35/76 16/31/74 13/35/76
f 13/35/76 755/33/6 764/35/76
f 755/33/6 13/35/76 7/33/6
f 14/35/71 765/31/75 763/35/71
f 765/31/75 14/35/71 17/31/75
f 778/21/72 777/20/77 776/20/72
f 777/20/77 778/21/72 779/21/77
f 782/20/3 781/21/73 780/20/73
f 781/21/73 782/20/3 783/21/3
f 786/21/6 785/20/78 784/21/78
f 785/20/78 786/21/6 787/20/6
f 784/21/78 777/20/77 779/21/77
f 777/20/77 784/21/78 785/20/78
f 782/20/8 785/20/8 787/20/8
f 785/20/8 782/20/8 777/20/8
f 777/20/8 782/20/8 776/20/8
f 776/20/8 782/20/8 780/20/8
f 780/20/73 778/21/72 776/20/72
f 778/21/72 780/20/73 781/21/73
f 779/21/9 786/21/9 784/21/9
f 786/21/9 779/21/9 783/21/9
f 783/21/9 779/21/9 778/21/9
f 783/21/9 778/21/9 781/21/9
f 790/36/69 789/36/70 788/36/70
f 789/36/70 790/36/69 791/36/69
f 794/37/79 793/38/3 792/37/79
f 793/38/3 794/37/79 795/39/3
f 795/39/3 794/37/79 789/36/70
f 789/36/70 794/37/79 788/36/70
f 790/36/69 796/39/6 791/36/69
f 796/39/6 790/36/69 797/38/6
f 797/38/6 790/36/69 798/37/80
f 798/37/80 790/36/69 799/37/80
f 798/37/80 794/37/79 792/37/79
f 794/37/79 798/37/80 799/37/80
f 796/39/2 800/40/2 791/36/2
f 791/36/2 800/40/2 789/36/2
f 801/40/2 789/36/2 800/40/2
f 801/40/2 795/39/2 789/36/2
f 793/38/2 796/39/2 795/39/2
f 801/40/2 793/38/2 795/39/2
f 796/39/2 793/38/2 797/38/2
f 797/38/2 800/40/2 796/39/2
f 801/40/2 792/37/2 793/38/2
f 802/20/2 792/37/2 801/40/2
f 798/37/2 800/40/2 797/38/2
f 792/37/2 802/20/2 798/37/2
f 798/37/2 803/20/2 800/40/2
f 803/20/2 798/37/2 802/20/2
f 806/34/16 805/34/14 804/34/16
f 805/34/14 806/34/16 807/34/14
f 810/20/8 809/20/8 808/20/8
f 809/20/8 810/20/8 811/20/8
f 811/20/8 810/20/8 812/20/8
f 21/41/7 804/34/16 813/41/7
f 804/34/16 21/41/7 806/34/16
f 807/34/14 814/41/5 805/34/14
f 814/41/5 807/34/14 22/41/5
f 25/23/9 815/23/9 26/23/9
f 815/23/9 25/23/9 816/23/9
f 32/23/9 816/23/9 25/23/9
f 817/23/9 816/23/9 32/23/9
f 816/23/9 817/23/9 818/23/9
f 817/23/5 809/20/40 818/23/40
f 809/20/40 817/23/5 808/20/5
f 815/23/4 811/20/38 812/20/4
f 811/20/38 815/23/4 816/23/38
f 818/23/40 811/20/38 816/23/38
f 811/20/38 818/23/40 809/20/40
f 820/31/4 814/41/4 819/41/4
f 814/41/4 820/31/4 805/34/4
f 805/34/4 820/31/4 804/34/4
f 821/31/4 804/34/4 820/31/4
f 822/41/4 804/34/4 821/31/4
f 804/34/4 822/41/4 813/41/4
f 24/41/7 820/31/7 819/41/7
f 820/31/7 24/41/7 30/31/7
f 820/31/9 28/31/9 821/31/9
f 28/31/9 820/31/9 30/31/9
f 28/31/5 822/41/5 821/31/5
f 822/41/5 28/31/5 23/41/5
f 825/21/9 824/21/9 823/21/9
f 824/21/9 825/21/9 826/21/9
f 826/21/9 825/21/9 827/21/9
f 826/21/9 827/21/9 828/21/9
f 828/21/9 827/21/9 829/21/9
f 830/21/9 828/21/9 829/21/9
f 829/21/9 827/21/9 831/21/9
f 831/21/9 827/21/9 832/21/9
f 827/21/31 834/20/38 833/20/31
f 834/20/38 827/21/31 825/21/38
f 837/20/8 836/20/8 835/20/8
f 836/20/8 837/20/8 834/20/8
f 834/20/8 837/20/8 833/20/8
f 833/20/8 837/20/8 838/20/8
f 837/20/7 832/21/32 838/20/32
f 832/21/32 837/20/7 831/21/7
f 831/21/7 837/20/7 839/21/7
f 824/21/5 836/20/40 823/21/40
f 836/20/40 824/21/5 835/20/5
f 835/20/5 824/21/5 840/21/5
f 832/21/32 833/20/31 838/20/32
f 833/20/31 832/21/32 827/21/31
f 823/21/40 834/20/38 825/21/38
f 834/20/38 823/21/40 836/20/40
f 843/42/16 842/42/8 841/42/16
f 842/42/8 843/42/16 844/42/14
f 842/42/8 844/42/14 845/42/8
f 845/42/8 844/42/14 846/42/14
f 844/42/14 847/43/15 846/42/14
f 847/43/15 844/42/14 848/43/15
f 850/43/17 841/42/16 849/43/17
f 841/42/16 850/43/17 843/42/16
f 851/43/9 850/43/17 849/43/17
f 850/43/17 851/43/9 848/43/15
f 848/43/15 851/43/9 852/43/9
f 848/43/15 852/43/9 847/43/15
f 847/43/4 853/40/4 846/42/4
f 846/42/4 853/40/4 845/42/4
f 847/43/4 854/20/4 853/40/4
f 854/20/4 847/43/4 855/20/4
f 849/43/4 855/20/4 847/43/4
f 849/43/4 847/43/4 852/43/4
f 855/20/4 849/43/4 856/40/4
f 849/43/4 852/43/4 851/43/4
f 845/42/4 851/43/4 852/43/4
f 856/40/4 849/43/4 841/42/4
f 856/40/4 841/42/4 853/40/4
f 851/43/4 845/42/4 842/42/4
f 845/42/4 853/40/4 842/42/4
f 842/42/4 853/40/4 841/42/4
f 859/34/14 858/34/16 857/34/16
f 858/34/16 859/34/14 860/34/14
f 33/41/7 858/34/16 861/41/7
f 858/34/16 33/41/7 857/34/16
f 859/34/14 862/41/5 860/34/14
f 862/41/5 859/34/14 34/41/5
f 864/23/9 37/23/9 863/23/9
f 37/23/9 864/23/9 38/23/9
f 864/23/4 866/20/4 865/20/4
f 866/20/4 864/23/4 863/23/4
f 868/31/4 862/41/4 867/41/4
f 862/41/4 868/31/4 860/34/4
f 860/34/4 868/31/4 858/34/4
f 869/31/4 858/34/4 868/31/4
f 870/41/4 858/34/4 869/31/4
f 858/34/4 870/41/4 861/41/4
f 36/41/7 868/31/7 867/41/7
f 868/31/7 36/41/7 42/31/7
f 868/31/9 40/31/9 869/31/9
f 40/31/9 868/31/9 42/31/9
f 40/31/5 870/41/5 869/31/5
f 870/41/5 40/31/5 35/41/5
f 872/20/8 866/20/8 871/20/8
f 866/20/8 872/20/8 865/20/8
f 875/21/9 874/21/9 873/21/9
f 874/21/9 875/21/9 876/21/9
f 876/21/9 875/21/9 877/21/9
f 876/21/9 877/21/9 878/21/9
f 878/21/9 877/21/9 879/21/9
f 880/21/9 878/21/9 879/21/9
f 879/21/9 877/21/9 881/21/9
f 881/21/9 877/21/9 882/21/9
f 877/21/31 884/20/38 883/20/31
f 884/20/38 877/21/31 875/21/38
f 887/20/8 886/20/8 885/20/8
f 886/20/8 887/20/8 884/20/8
f 884/20/8 887/20/8 883/20/8
f 883/20/8 887/20/8 888/20/8
f 887/20/7 882/21/32 888/20/32
f 882/21/32 887/20/7 881/21/7
f 881/21/7 887/20/7 889/21/7
f 874/21/5 886/20/40 873/21/40
f 886/20/40 874/21/5 885/20/5
f 885/20/5 874/21/5 890/21/5
f 882/21/32 883/20/31 888/20/32
f 883/20/31 882/21/32 877/21/31
f 873/21/40 884/20/38 875/21/38
f 884/20/38 873/21/40 886/20/40
f 893/42/16 892/42/8 891/42/16
f 892/42/8 893/42/16 894/42/14
f 892/42/8 894/42/14 895/42/8
f 895/42/8 894/42/14 896/42/14
f 894/42/14 897/43/15 896/42/14
f 897/43/15 894/42/14 898/43/15
f 900/43/17 891/42/16 899/43/17
f 891/42/16 900/43/17 893/42/16
f 901/43/9 900/43/17 899/43/17
f 900/43/17 901/43/9 898/43/15
f 898/43/15 901/43/9 902/43/9
f 898/43/15 902/43/9 897/43/15
f 897/43/4 903/40/4 896/42/4
f 896/42/4 903/40/4 895/42/4
f 897/43/4 904/20/4 903/40/4
f 904/20/4 897/43/4 905/20/4
f 899/43/4 905/20/4 897/43/4
f 899/43/4 897/43/4 902/43/4
f 905/20/4 899/43/4 906/40/4
f 899/43/4 902/43/4 901/43/4
f 895/42/4 901/43/4 902/43/4
f 906/40/4 899/43/4 891/42/4
f 906/40/4 891/42/4 903/40/4
f 901/43/4 895/42/4 892/42/4
f 895/42/4 903/40/4 892/42/4
f 892/42/4 903/40/4 891/42/4
f 909/34/14 908/34/16 907/34/16
f 908/34/16 909/34/14 910/34/14
f 43/41/7 908/34/16 911/41/7
f 908/34/16 43/41/7 907/34/16
f 909/34/14 912/41/5 910/34/14
f 912/41/5 909/34/14 44/41/5
f 914/23/9 47/23/9 913/23/9
f 47/23/9 914/23/9 48/23/9
f 914/23/4 916/20/4 915/20/4
f 916/20/4 914/23/4 913/23/4
f 918/31/4 912/41/4 917/41/4
f 912/41/4 918/31/4 910/34/4
f 910/34/4 918/31/4 908/34/4
f 919/31/4 908/34/4 918/31/4
f 920/41/4 908/34/4 919/31/4
f 908/34/4 920/41/4 911/41/4
f 46/41/7 918/31/7 917/41/7
f 918/31/7 46/41/7 52/31/7
f 918/31/9 50/31/9 919/31/9
f 50/31/9 918/31/9 52/31/9
f 50/31/5 920/41/5 919/31/5
f 920/41/5 50/31/5 45/41/5
f 922/20/8 916/20/8 921/20/8
f 916/20/8 922/20/8 915/20/8
f 925/21/9 924/21/9 923/21/9
f 924/21/9 925/21/9 926/21/9
f 926/21/9 925/21/9 927/21/9
f 926/21/9 927/21/9 928/21/9
f 928/21/9 927/21/9 929/21/9
f 930/21/9 928/21/9 929/21/9
f 929/21/9 927/21/9 931/21/9
f 931/21/9 927/21/9 932/21/9
f 927/21/31 934/20/38 933/20/31
f 934/20/38 927/21/31 925/21/38
f 937/20/8 936/20/8 935/20/8
f 936/20/8 937/20/8 934/20/8
f 934/20/8 937/20/8 933/20/8
f 933/20/8 937/20/8 938/20/8
f 937/20/7 932/21/32 938/20/32
f 932/21/32 937/20/7 931/21/7
f 931/21/7 937/20/7 939/21/7
f 924/21/5 936/20/40 923/21/40
f 936/20/40 924/21/5 935/20/5
f 935/20/5 924/21/5 940/21/5
f 932/21/32 933/20/31 938/20/32
f 933/20/31 932/21/32 927/21/31
f 923/21/40 934/20/38 925/21/38
f 934/20/38 923/21/40 936/20/40
f 943/42/16 942/42/8 941/42/16
f 942/42/8 943/42/16 944/42/14
f 942/42/8 944/42/14 945/42/8
f 945/42/8 944/42/14 946/42/14
f 944/42/14 947/43/15 946/42/14
f 947/43/15 944/42/14 948/43/15
f 950/43/17 941/42/16 949/43/17
f 941/42/16 950/43/17 943/42/16
f 951/43/9 950/43/17 949/43/17
f 950/43/17 951/43/9 948/43/15
f 948/43/15 951/43/9 952/43/9
f 948/43/15 952/43/9 947/43/15
f 947/43/4 953/40/4 946/42/4
f 946/42/4 953/40/4 945/42/4
f 947/43/4 954/20/4 953/40/4
f 954/20/4 947/43/4 955/20/4
f 949/43/4 955/20/4 947/43/4
f 949/43/4 947/43/4 952/43/4
f 955/20/4 949/43/4 956/40/4
f 949/43/4 952/43/4 951/43/4
f 945/42/4 951/43/4 952/43/4
f 956/40/4 949/43/4 941/42/4
f 956/40/4 941/42/4 953/40/4
f 951/43/4 945/42/4 942/42/4
f 945/42/4 953/40/4 942/42/4
f 942/42/4 953/40/4 941/42/4
f 53/33/8 957/33/8 55/33/8
f 957/33/8 53/33/8 958/33/8
f 961/34/69 960/33/6 959/34/69
f 960/33/6 961/34/69 54/33/6
f 961/34/69 963/34/70 962/34/70
f 963/34/70 961/34/69 959/34/69
f 53/33/3 963/34/70 958/33/3
f 963/34/70 53/33/3 962/34/70
f 56/33/3 965/35/71 964/33/3
f 965/35/71 56/33/3 62/35/71
f 965/35/2 960/33/2 964/33/2
f 960/33/2 965/35/2 959/34/2
f 959/34/2 965/35/2 963/34/2
f 966/35/2 963/34/2 965/35/2
f 966/35/2 965/35/2 967/31/2
f 966/35/2 967/31/2 968/31/2
f 957/33/2 963/34/2 966/35/2
f 963/34/2 957/33/2 958/33/2
f 56/33/8 960/33/8 54/33/8
f 960/33/8 56/33/8 964/33/8
f 971/23/2 970/20/2 969/20/2
f 970/20/2 971/23/2 972/23/2
f 974/20/8 970/20/8 973/20/8
f 970/20/8 974/20/8 969/20/8
f 967/31/75 64/31/74 968/31/74
f 64/31/74 967/31/75 65/31/75
f 64/31/74 966/35/76 968/31/74
f 966/35/76 64/31/74 61/35/76
f 61/35/76 957/33/6 966/35/76
f 957/33/6 61/35/76 55/33/6
f 62/35/71 967/31/75 965/35/71
f 967/31/75 62/35/71 65/31/75
f 971/23/9 57/23/9 972/23/9
f 57/23/9 971/23/9 58/23/9
f 977/21/72 976/20/77 975/20/72
f 976/20/77 977/21/72 978/21/77
f 981/20/3 980/21/73 979/20/73
f 980/21/73 981/20/3 982/21/3
f 985/21/6 984/20/78 983/21/78
f 984/20/78 985/21/6 986/20/6
f 983/21/78 976/20/77 978/21/77
f 976/20/77 983/21/78 984/20/78
f 981/20/8 984/20/8 986/20/8
f 984/20/8 981/20/8 976/20/8
f 976/20/8 981/20/8 975/20/8
f 975/20/8 981/20/8 979/20/8
f 979/20/73 977/21/72 975/20/72
f 977/21/72 979/20/73 980/21/73
f 978/21/9 985/21/9 983/21/9
f 985/21/9 978/21/9 982/21/9
f 982/21/9 978/21/9 977/21/9
f 982/21/9 977/21/9 980/21/9
f 989/36/69 988/36/70 987/36/70
f 988/36/70 989/36/69 990/36/69
f 993/37/79 992/38/3 991/37/79
f 992/38/3 993/37/79 994/39/3
f 994/39/3 993/37/79 988/36/70
f 988/36/70 993/37/79 987/36/70
f 989/36/69 995/39/6 990/36/69
f 995/39/6 989/36/69 996/38/6
f 996/38/6 989/36/69 997/37/80
f 997/37/80 989/36/69 998/37/80
f 997/37/80 993/37/79 991/37/79
f 993/37/79 997/37/80 998/37/80
f 995/39/2 999/40/2 990/36/2
f 990/36/2 999/40/2 988/36/2
f 1000/40/2 988/36/2 999/40/2
f 1000/40/2 994/39/2 988/36/2
f 992/38/2 995/39/2 994/39/2
f 1000/40/2 992/38/2 994/39/2
f 995/39/2 992/38/2 996/38/2
f 996/38/2 999/40/2 995/39/2
f 1000/40/2 991/37/2 992/38/2
f 1001/20/2 991/37/2 1000/40/2
f 997/37/2 999/40/2 996/38/2
f 991/37/2 1001/20/2 997/37/2
f 997/37/2 1002/20/2 999/40/2
f 1002/20/2 997/37/2 1001/20/2
f 1005/34/14 1004/34/16 1003/34/16
f 1004/34/16 1005/34/14 1006/34/14
f 67/41/7 1004/34/16 1007/41/7
f 1004/34/16 67/41/7 1003/34/16
f 1005/34/14 1008/41/5 1006/34/14
f 1008/41/5 1005/34/14 68/41/5
f 1009/23/9 48/23/9 914/23/9
f 48/23/9 1009/23/9 71/23/9
f 1009/23/4 915/20/4 1010/20/4
f 915/20/4 1009/23/4 914/23/4
f 1012/31/4 1008/41/4 1011/41/4
f 1008/41/4 1012/31/4 1006/34/4
f 1006/34/4 1012/31/4 1004/34/4
f 1013/31/4 1004/34/4 1012/31/4
f 1014/41/4 1004/34/4 1013/31/4
f 1004/34/4 1014/41/4 1007/41/4
f 70/41/7 1012/31/7 1011/41/7
f 1012/31/7 70/41/7 74/31/7
f 1012/31/9 72/31/9 1013/31/9
f 72/31/9 1012/31/9 74/31/9
f 72/31/5 1014/41/5 1013/31/5
f 1014/41/5 72/31/5 69/41/5
f 1015/20/8 915/20/8 922/20/8
f 915/20/8 1015/20/8 1010/20/8
f 1018/21/9 1017/21/9 1016/21/9
f 1017/21/9 1018/21/9 1019/21/9
f 1019/21/9 1018/21/9 1020/21/9
f 1019/21/9 1020/21/9 1021/21/9
f 1021/21/9 1020/21/9 1022/21/9
f 1023/21/9 1021/21/9 1022/21/9
f 1022/21/9 1020/21/9 1024/21/9
f 1024/21/9 1020/21/9 1025/21/9
f 1020/21/31 1027/20/38 1026/20/31
f 1027/20/38 1020/21/31 1018/21/38
f 1030/20/8 1029/20/8 1028/20/8
f 1029/20/8 1030/20/8 1027/20/8
f 1027/20/8 1030/20/8 1026/20/8
f 1026/20/8 1030/20/8 1031/20/8
f 1030/20/7 1025/21/32 1031/20/32
f 1025/21/32 1030/20/7 1024/21/7
f 1024/21/7 1030/20/7 1032/21/7
f 1017/21/5 1029/20/40 1016/21/40
f 1029/20/40 1017/21/5 1028/20/5
f 1028/20/5 1017/21/5 1033/21/5
f 1025/21/32 1026/20/31 1031/20/32
f 1026/20/31 1025/21/32 1020/21/31
f 1016/21/40 1027/20/38 1018/21/38
f 1027/20/38 1016/21/40 1029/20/40
f 1036/42/16 1035/42/8 1034/42/16
f 1035/42/8 1036/42/16 1037/42/14
f 1035/42/8 1037/42/14 1038/42/8
f 1038/42/8 1037/42/14 1039/42/14
f 1037/42/14 1040/43/15 1039/42/14
f 1040/43/15 1037/42/14 1041/43/15
f 1043/43/17 1034/42/16 1042/43/17
f 1034/42/16 1043/43/17 1036/42/16
f 1044/43/9 1043/43/17 1042/43/17
f 1043/43/17 1044/43/9 1041/43/15
f 1041/43/15 1044/43/9 1045/43/9
f 1041/43/15 1045/43/9 1040/43/15
f 1040/43/4 1046/40/4 1039/42/4
f 1039/42/4 1046/40/4 1038/42/4
f 1040/43/4 1047/20/4 1046/40/4
f 1047/20/4 1040/43/4 1048/20/4
f 1042/43/4 1048/20/4 1040/43/4
f 1042/43/4 1040/43/4 1045/43/4
f 1048/20/4 1042/43/4 1049/40/4
f 1042/43/4 1045/43/4 1044/43/4
f 1038/42/4 1044/43/4 1045/43/4
f 1049/40/4 1042/43/4 1034/42/4
f 1049/40/4 1034/42/4 1046/40/4
f 1044/43/4 1038/42/4 1035/42/4
f 1038/42/4 1046/40/4 1035/42/4
f 1035/42/4 1046/40/4 1034/42/4
f 1052/34/14 1051/34/16 1050/34/16
f 1051/34/16 1052/34/14 1053/34/14
f 75/41/7 1051/34/16 1054/41/7
f 1051/34/16 75/41/7 1050/34/16
f 1052/34/14 1055/41/5 1053/34/14
f 1055/41/5 1052/34/14 76/41/5
f 1056/23/9 38/23/9 864/23/9
f 38/23/9 1056/23/9 79/23/9
f 1056/23/4 865/20/4 1057/20/4
f 865/20/4 1056/23/4 864/23/4
f 1059/31/4 1055/41/4 1058/41/4
f 1055/41/4 1059/31/4 1053/34/4
f 1053/34/4 1059/31/4 1051/34/4
f 1060/31/4 1051/34/4 1059/31/4
f 1061/41/4 1051/34/4 1060/31/4
f 1051/34/4 1061/41/4 1054/41/4
f 78/41/7 1059/31/7 1058/41/7
f 1059/31/7 78/41/7 82/31/7
f 1059/31/9 80/31/9 1060/31/9
f 80/31/9 1059/31/9 82/31/9
f 80/31/5 1061/41/5 1060/31/5
f 1061/41/5 80/31/5 77/41/5
f 1062/20/8 865/20/8 872/20/8
f 865/20/8 1062/20/8 1057/20/8
f 1065/21/9 1064/21/9 1063/21/9
f 1064/21/9 1065/21/9 1066/21/9
f 1066/21/9 1065/21/9 1067/21/9
f 1066/21/9 1067/21/9 1068/21/9
f 1068/21/9 1067/21/9 1069/21/9
f 1070/21/9 1068/21/9 1069/21/9
f 1069/21/9 1067/21/9 1071/21/9
f 1071/21/9 1067/21/9 1072/21/9
f 1067/21/31 1074/20/38 1073/20/31
f 1074/20/38 1067/21/31 1065/21/38
f 1077/20/8 1076/20/8 1075/20/8
f 1076/20/8 1077/20/8 1074/20/8
f 1074/20/8 1077/20/8 1073/20/8
f 1073/20/8 1077/20/8 1078/20/8
f 1077/20/7 1072/21/32 1078/20/32
f 1072/21/32 1077/20/7 1071/21/7
f 1071/21/7 1077/20/7 1079/21/7
f 1064/21/5 1076/20/40 1063/21/40
f 1076/20/40 1064/21/5 1075/20/5
f 1075/20/5 1064/21/5 1080/21/5
f 1072/21/32 1073/20/31 1078/20/32
f 1073/20/31 1072/21/32 1067/21/31
f 1063/21/40 1074/20/38 1065/21/38
f 1074/20/38 1063/21/40 1076/20/40
f 1083/42/16 1082/42/8 1081/42/16
f 1082/42/8 1083/42/16 1084/42/14
f 1082/42/8 1084/42/14 1085/42/8
f 1085/42/8 1084/42/14 1086/42/14
f 1084/42/14 1087/43/15 1086/42/14
f 1087/43/15 1084/42/14 1088/43/15
f 1090/43/17 1081/42/16 1089/43/17
f 1081/42/16 1090/43/17 1083/42/16
f 1091/43/9 1090/43/17 1089/43/17
f 1090/43/17 1091/43/9 1088/43/15
f 1088/43/15 1091/43/9 1092/43/9
f 1088/43/15 1092/43/9 1087/43/15
f 1087/43/4 1093/40/4 1086/42/4
f 1086/42/4 1093/40/4 1085/42/4
f 1087/43/4 1094/20/4 1093/40/4
f 1094/20/4 1087/43/4 1095/20/4
f 1089/43/4 1095/20/4 1087/43/4
f 1089/43/4 1087/43/4 1092/43/4
f 1095/20/4 1089/43/4 1096/40/4
f 1089/43/4 1092/43/4 1091/43/4
f 1085/42/4 1091/43/4 1092/43/4
f 1096/40/4 1089/43/4 1081/42/4
f 1096/40/4 1081/42/4 1093/40/4
f 1091/43/4 1085/42/4 1082/42/4
f 1085/42/4 1093/40/4 1082/42/4
f 1082/42/4 1093/40/4 1081/42/4
f 83/33/8 1097/33/8 85/33/8
f 1097/33/8 83/33/8 1098/33/8
f 1101/34/69 1100/33/6 1099/34/69
f 1100/33/6 1101/34/69 84/33/6
f 1101/34/69 1103/34/70 1102/34/70
f 1103/34/70 1101/34/69 1099/34/69
f 83/33/3 1103/34/70 1098/33/3
f 1103/34/70 83/33/3 1102/34/70
f 86/33/3 1105/35/71 1104/33/3
f 1105/35/71 86/33/3 92/35/71
f 1105/35/2 1100/33/2 1104/33/2
f 1100/33/2 1105/35/2 1099/34/2
f 1099/34/2 1105/35/2 1103/34/2
f 1106/35/2 1103/34/2 1105/35/2
f 1106/35/2 1105/35/2 1107/31/2
f 1106/35/2 1107/31/2 1108/31/2
f 1097/33/2 1103/34/2 1106/35/2
f 1103/34/2 1097/33/2 1098/33/2
f 86/33/8 1100/33/8 84/33/8
f 1100/33/8 86/33/8 1104/33/8
f 1111/23/72 1110/20/2 1109/20/72
f 1110/20/2 1111/23/72 1112/23/2
f 1113/20/73 1111/23/72 1109/20/72
f 1111/23/72 1113/20/73 1114/23/73
f 1115/20/3 1114/23/73 1113/20/73
f 1114/23/73 1115/20/3 1116/23/3
f 1111/23/9 87/23/9 1112/23/9
f 87/23/9 1111/23/9 88/23/9
f 88/23/9 1111/23/9 1114/23/9
f 88/23/9 1114/23/9 97/23/9
f 97/23/9 1114/23/9 1116/23/9
f 1115/20/8 1110/20/8 1117/20/8
f 1110/20/8 1115/20/8 1109/20/8
f 1109/20/8 1115/20/8 1113/20/8
f 1107/31/75 94/31/74 1108/31/74
f 94/31/74 1107/31/75 95/31/75
f 94/31/74 1106/35/76 1108/31/74
f 1106/35/76 94/31/74 91/35/76
f 91/35/76 1097/33/6 1106/35/76
f 1097/33/6 91/35/76 85/33/6
f 92/35/71 1107/31/75 1105/35/71
f 1107/31/75 92/35/71 95/31/75
f 1120/21/72 1119/20/77 1118/20/72
f 1119/20/77 1120/21/72 1121/21/77
f 1124/20/3 1123/21/73 1122/20/73
f 1123/21/73 1124/20/3 1125/21/3
f 1128/21/6 1127/20/78 1126/21/78
f 1127/20/78 1128/21/6 1129/20/6
f 1126/21/78 1119/20/77 1121/21/77
f 1119/20/77 1126/21/78 1127/20/78
f 1124/20/8 1127/20/8 1129/20/8
f 1127/20/8 1124/20/8 1119/20/8
f 1119/20/8 1124/20/8 1118/20/8
f 1118/20/8 1124/20/8 1122/20/8
f 1122/20/73 1120/21/72 1118/20/72
f 1120/21/72 1122/20/73 1123/21/73
f 1121/21/9 1128/21/9 1126/21/9
f 1128/21/9 1121/21/9 1125/21/9
f 1125/21/9 1121/21/9 1120/21/9
f 1125/21/9 1120/21/9 1123/21/9
f 1132/36/69 1131/36/70 1130/36/70
f 1131/36/70 1132/36/69 1133/36/69
f 1136/37/79 1135/38/3 1134/37/79
f 1135/38/3 1136/37/79 1137/39/3
f 1137/39/3 1136/37/79 1131/36/70
f 1131/36/70 1136/37/79 1130/36/70
f 1132/36/69 1138/39/6 1133/36/69
f 1138/39/6 1132/36/69 1139/38/6
f 1139/38/6 1132/36/69 1140/37/80
f 1140/37/80 1132/36/69 1141/37/80
f 1140/37/80 1136/37/79 1134/37/79
f 1136/37/79 1140/37/80 1141/37/80
f 1138/39/2 1142/40/2 1133/36/2
f 1133/36/2 1142/40/2 1131/36/2
f 1143/40/2 1131/36/2 1142/40/2
f 1143/40/2 1137/39/2 1131/36/2
f 1135/38/2 1138/39/2 1137/39/2
f 1143/40/2 1135/38/2 1137/39/2
f 1138/39/2 1135/38/2 1139/38/2
f 1139/38/2 1142/40/2 1138/39/2
f 1143/40/2 1134/37/2 1135/38/2
f 1144/20/2 1134/37/2 1143/40/2
f 1140/37/2 1142/40/2 1139/38/2
f 1134/37/2 1144/20/2 1140/37/2
f 1140/37/2 1145/20/2 1142/40/2
f 1145/20/2 1140/37/2 1144/20/2
f 99/33/8 1146/33/8 101/33/8
f 1146/33/8 99/33/8 1147/33/8
f 1150/34/69 1149/33/6 1148/34/69
f 1149/33/6 1150/34/69 100/33/6
f 1150/34/69 1152/34/70 1151/34/70
f 1152/34/70 1150/34/69 1148/34/69
f 99/33/3 1152/34/70 1147/33/3
f 1152/34/70 99/33/3 1151/34/70
f 102/33/3 1154/35/71 1153/33/3
f 1154/35/71 102/33/3 108/35/71
f 1154/35/2 1149/33/2 1153/33/2
f 1149/33/2 1154/35/2 1148/34/2
f 1148/34/2 1154/35/2 1152/34/2
f 1155/35/2 1152/34/2 1154/35/2
f 1155/35/2 1154/35/2 1156/31/2
f 1155/35/2 1156/31/2 1157/31/2
f 1146/33/2 1152/34/2 1155/35/2
f 1152/34/2 1146/33/2 1147/33/2
f 102/33/8 1149/33/8 100/33/8
f 1149/33/8 102/33/8 1153/33/8
f 1160/23/2 1159/20/2 1158/20/2
f 1159/20/2 1160/23/2 1161/23/2
f 1163/20/8 1159/20/8 1162/20/8
f 1159/20/8 1163/20/8 1158/20/8
f 1156/31/75 110/31/74 1157/31/74
f 110/31/74 1156/31/75 111/31/75
f 110/31/74 1155/35/76 1157/31/74
f 1155/35/76 110/31/74 107/35/76
f 107/35/76 1146/33/6 1155/35/76
f 1146/33/6 107/35/76 101/33/6
f 108/35/71 1156/31/75 1154/35/71
f 1156/31/75 108/35/71 111/31/75
f 1160/23/9 103/23/9 1161/23/9
f 103/23/9 1160/23/9 104/23/9
f 1166/21/72 1165/20/77 1164/20/72
f 1165/20/77 1166/21/72 1167/21/77
f 1170/20/3 1169/21/73 1168/20/73
f 1169/21/73 1170/20/3 1171/21/3
f 1174/21/6 1173/20/78 1172/21/78
f 1173/20/78 1174/21/6 1175/20/6
f 1172/21/78 1165/20/77 1167/21/77
f 1165/20/77 1172/21/78 1173/20/78
f 1170/20/8 1173/20/8 1175/20/8
f 1173/20/8 1170/20/8 1165/20/8
f 1165/20/8 1170/20/8 1164/20/8
f 1164/20/8 1170/20/8 1168/20/8
f 1168/20/73 1166/21/72 1164/20/72
f 1166/21/72 1168/20/73 1169/21/73
f 1167/21/9 1174/21/9 1172/21/9
f 1174/21/9 1167/21/9 1171/21/9
f 1171/21/9 1167/21/9 1166/21/9
f 1171/21/9 1166/21/9 1169/21/9
f 1178/36/69 1177/36/70 1176/36/70
f 1177/36/70 1178/36/69 1179/36/69
f 1182/37/79 1181/38/3 1180/37/79
f 1181/38/3 1182/37/79 1183/39/3
f 1183/39/3 1182/37/79 1177/36/70
f 1177/36/70 1182/37/79 1176/36/70
f 1178/36/69 1184/39/6 1179/36/69
f 1184/39/6 1178/36/69 1185/38/6
f 1185/38/6 1178/36/69 1186/37/80
f 1186/37/80 1178/36/69 1187/37/80
f 1186/37/80 1182/37/79 1180/37/79
f 1182/37/79 1186/37/80 1187/37/80
f 1184/39/2 1188/40/2 1179/36/2
f 1179/36/2 1188/40/2 1177/36/2
f 1189/40/2 1177/36/2 1188/40/2
f 1189/40/2 1183/39/2 1177/36/2
f 1181/38/2 1184/39/2 1183/39/2
f 1189/40/2 1181/38/2 1183/39/2
f 1184/39/2 1181/38/2 1185/38/2
f 1185/38/2 1188/40/2 1184/39/2
f 1189/40/2 1180/37/2 1181/38/2
f 1190/20/2 1180/37/2 1189/40/2
f 1186/37/2 1188/40/2 1185/38/2
f 1180/37/2 1190/20/2 1186/37/2
f 1186/37/2 1191/20/2 1188/40/2
f 1191/20/2 1186/37/2 1190/20/2
f 125/31/74 122/35/76 1202/31/74
f 1200/35/76 1202/31/74 122/35/76
f 115/33/3 121/35/71 1192/33/3
f 1201/35/71 1192/33/3 121/35/71
f 121/35/71 124/31/75 1201/35/71
f 1203/31/75 1201/35/71 124/31/75
f 125/31/74 1202/31/74 124/31/75
f 1203/31/75 124/31/75 1202/31/74
f 1208/20/8 1210/20/8 1204/20/8
f 1204/20/8 1210/20/8 1205/20/8
f 1212/20/8 1205/20/8 1210/20/8
f 1211/23/9 1209/23/9 127/23/9
f 127/23/9 1209/23/9 118/23/9
f 1209/23/9 1206/23/9 118/23/9
f 118/23/9 1206/23/9 117/23/9
f 1207/23/9 117/23/9 1206/23/9
f 1211/23/6 1210/20/6 1209/23/78
f 1208/20/78 1209/23/78 1210/20/6
f 1209/23/78 1208/20/78 1206/23/77
f 1204/20/77 1206/23/77 1208/20/78
f 1207/23/2 1206/23/77 1205/20/2
f 1204/20/77 1205/20/2 1206/23/77
f 1199/33/8 116/33/8 1195/33/8
f 114/33/8 1195/33/8 116/33/8
f 1193/33/2 1192/33/2 1198/34/2
f 1201/35/2 1198/34/2 1192/33/2
f 1203/31/2 1202/31/2 1201/35/2
f 1202/31/2 1200/35/2 1201/35/2
f 1200/35/2 1198/34/2 1201/35/2
f 1198/34/2 1200/35/2 1194/34/2
f 1194/34/2 1200/35/2 1195/33/2
f 1199/33/2 1195/33/2 1200/35/2
f 122/35/76 116/33/6 1200/35/76
f 1199/33/6 1200/35/76 116/33/6
f 1197/34/69 113/33/6 1198/34/69
f 1193/33/6 1198/34/69 113/33/6
f 1194/34/70 1196/34/70 1198/34/69
f 1197/34/69 1198/34/69 1196/34/70
f 114/33/3 1196/34/70 1195/33/3
f 1194/34/70 1195/33/3 1196/34/70
f 1193/33/8 113/33/8 1192/33/8
f 115/33/8 1192/33/8 113/33/8
f 1218/21/9 1215/21/9 1220/21/9
f 1215/21/9 1216/21/9 1220/21/9
f 1220/21/9 1216/21/9 1223/21/9
f 1221/21/9 1223/21/9 1216/21/9
f 1218/21/78 1217/20/78 1215/21/77
f 1213/20/77 1215/21/77 1217/20/78
f 1217/20/8 1219/20/8 1213/20/8
f 1213/20/8 1219/20/8 1214/20/8
f 1214/20/8 1219/20/8 1222/20/8
f 1224/20/8 1222/20/8 1219/20/8
f 1222/20/73 1221/21/73 1214/20/72
f 1216/21/72 1214/20/72 1221/21/73
f 1224/20/3 1223/21/3 1222/20/73
f 1221/21/73 1222/20/73 1223/21/3
f 1220/21/6 1219/20/6 1218/21/78
f 1217/20/78 1218/21/78 1219/20/6
f 1216/21/72 1215/21/77 1214/20/72
f 1213/20/77 1214/20/72 1215/21/77
f 1239/20/2 1235/37/2 1240/20/2
f 1237/40/2 1240/20/2 1235/37/2
f 1235/37/2 1239/20/2 1229/37/2
f 1234/38/2 1237/40/2 1235/37/2
f 1238/40/2 1229/37/2 1239/20/2
f 1230/38/2 1229/37/2 1238/40/2
f 1233/39/2 1237/40/2 1234/38/2
f 1234/38/2 1230/38/2 1233/39/2
f 1232/39/2 1230/38/2 1238/40/2
f 1232/39/2 1233/39/2 1230/38/2
f 1226/36/2 1232/39/2 1238/40/2
f 1237/40/2 1226/36/2 1238/40/2
f 1226/36/2 1237/40/2 1228/36/2
f 1228/36/2 1237/40/2 1233/39/2
f 1236/37/79 1235/37/79 1231/37/80
f 1229/37/80 1231/37/80 1235/37/79
f 1236/37/79 1227/36/70 1235/37/79
f 1235/37/79 1227/36/70 1234/38/3
f 1234/38/3 1227/36/70 1233/39/3
f 1228/36/70 1233/39/3 1227/36/70
f 1225/36/69 1231/37/80 1226/36/69
f 1226/36/69 1231/37/80 1232/39/6
f 1232/39/6 1231/37/80 1230/38/6
f 1229/37/80 1230/38/6 1231/37/80
f 1228/36/70 1227/36/70 1226/36/69
f 1225/36/69 1226/36/69 1227/36/70
f 129/33/8 1241/33/8 131/33/8
f 1241/33/8 129/33/8 1242/33/8
f 1245/34/69 1244/33/6 1243/34/69
f 1244/33/6 1245/34/69 130/33/6
f 1245/34/69 1247/34/70 1246/34/70
f 1247/34/70 1245/34/69 1243/34/69
f 129/33/3 1247/34/70 1242/33/3
f 1247/34/70 129/33/3 1246/34/70
f 132/33/3 1249/35/71 1248/33/3
f 1249/35/71 132/33/3 138/35/71
f 1249/35/2 1244/33/2 1248/33/2
f 1244/33/2 1249/35/2 1243/34/2
f 1243/34/2 1249/35/2 1247/34/2
f 1250/35/2 1247/34/2 1249/35/2
f 1250/35/2 1249/35/2 1251/31/2
f 1250/35/2 1251/31/2 1252/31/2
f 1241/33/2 1247/34/2 1250/35/2
f 1247/34/2 1241/33/2 1242/33/2
f 132/33/8 1244/33/8 130/33/8
f 1244/33/8 132/33/8 1248/33/8
f 1255/23/2 1254/20/2 1253/20/2
f 1254/20/2 1255/23/2 1256/23/2
f 1258/20/8 1254/20/8 1257/20/8
f 1254/20/8 1258/20/8 1253/20/8
f 1251/31/75 140/31/74 1252/31/74
f 140/31/74 1251/31/75 141/31/75
f 140/31/74 1250/35/76 1252/31/74
f 1250/35/76 140/31/74 137/35/76
f 137/35/76 1241/33/6 1250/35/76
f 1241/33/6 137/35/76 131/33/6
f 138/35/71 1251/31/75 1249/35/71
f 1251/31/75 138/35/71 141/31/75
f 1255/23/9 133/23/9 1256/23/9
f 133/23/9 1255/23/9 134/23/9
f 1261/21/72 1260/20/77 1259/20/72
f 1260/20/77 1261/21/72 1262/21/77
f 1265/20/3 1264/21/73 1263/20/73
f 1264/21/73 1265/20/3 1266/21/3
f 1269/21/6 1268/20/78 1267/21/78
f 1268/20/78 1269/21/6 1270/20/6
f 1267/21/78 1260/20/77 1262/21/77
f 1260/20/77 1267/21/78 1268/20/78
f 1265/20/8 1268/20/8 1270/20/8
f 1268/20/8 1265/20/8 1260/20/8
f 1260/20/8 1265/20/8 1259/20/8
f 1259/20/8 1265/20/8 1263/20/8
f 1263/20/73 1261/21/72 1259/20/72
f 1261/21/72 1263/20/73 1264/21/73
f 1262/21/9 1269/21/9 1267/21/9
f 1269/21/9 1262/21/9 1266/21/9
f 1266/21/9 1262/21/9 1261/21/9
f 1266/21/9 1261/21/9 1264/21/9
f 1273/36/69 1272/36/70 1271/36/70
f 1272/36/70 1273/36/69 1274/36/69
f 1277/37/79 1276/38/3 1275/37/79
f 1276/38/3 1277/37/79 1278/39/3
f 1278/39/3 1277/37/79 1272/36/70
f 1272/36/70 1277/37/79 1271/36/70
f 1273/36/69 1279/39/6 1274/36/69
f 1279/39/6 1273/36/69 1280/38/6
f 1280/38/6 1273/36/69 1281/37/80
f 1281/37/80 1273/36/69 1282/37/80
f 1281/37/80 1277/37/79 1275/37/79
f 1277/37/79 1281/37/80 1282/37/80
f 1279/39/2 1283/40/2 1274/36/2
f 1274/36/2 1283/40/2 1272/36/2
f 1284/40/2 1272/36/2 1283/40/2
f 1284/40/2 1278/39/2 1272/36/2
f 1276/38/2 1279/39/2 1278/39/2
f 1284/40/2 1276/38/2 1278/39/2
f 1279/39/2 1276/38/2 1280/38/2
f 1280/38/2 1283/40/2 1279/39/2
f 1284/40/2 1275/37/2 1276/38/2
f 1285/20/2 1275/37/2 1284/40/2
f 1281/37/2 1283/40/2 1280/38/2
f 1275/37/2 1285/20/2 1281/37/2
f 1281/37/2 1286/20/2 1283/40/2
f 1286/20/2 1281/37/2 1285/20/2
f 155/31/74 152/35/76 1297/31/74
f 1295/35/76 1297/31/74 152/35/76
f 145/33/3 151/35/71 1287/33/3
f 1296/35/71 1287/33/3 151/35/71
f 151/35/71 154/31/75 1296/35/71
f 1298/31/75 1296/35/71 154/31/75
f 155/31/74 1297/31/74 154/31/75
f 1298/31/75 154/31/75 1297/31/74
f 1303/20/8 1305/20/8 1299/20/8
f 1299/20/8 1305/20/8 1300/20/8
f 1307/20/8 1300/20/8 1305/20/8
f 1306/23/9 1304/23/9 157/23/9
f 157/23/9 1304/23/9 148/23/9
f 1304/23/9 1301/23/9 148/23/9
f 148/23/9 1301/23/9 147/23/9
f 1302/23/9 147/23/9 1301/23/9
f 1306/23/6 1305/20/6 1304/23/78
f 1303/20/78 1304/23/78 1305/20/6
f 1304/23/78 1303/20/78 1301/23/77
f 1299/20/77 1301/23/77 1303/20/78
f 1302/23/2 1301/23/77 1300/20/2
f 1299/20/77 1300/20/2 1301/23/77
f 1294/33/8 146/33/8 1290/33/8
f 144/33/8 1290/33/8 146/33/8
f 1288/33/2 1287/33/2 1293/34/2
f 1296/35/2 1293/34/2 1287/33/2
f 1298/31/2 1297/31/2 1296/35/2
f 1297/31/2 1295/35/2 1296/35/2
f 1295/35/2 1293/34/2 1296/35/2
f 1293/34/2 1295/35/2 1289/34/2
f 1289/34/2 1295/35/2 1290/33/2
f 1294/33/2 1290/33/2 1295/35/2
f 152/35/76 146/33/6 1295/35/76
f 1294/33/6 1295/35/76 146/33/6
f 1292/34/69 143/33/6 1293/34/69
f 1288/33/6 1293/34/69 143/33/6
f 1289/34/70 1291/34/70 1293/34/69
f 1292/34/69 1293/34/69 1291/34/70
f 144/33/3 1291/34/70 1290/33/3
f 1289/34/70 1290/33/3 1291/34/70
f 1288/33/8 143/33/8 1287/33/8
f 145/33/8 1287/33/8 143/33/8
f 1313/21/9 1310/21/9 1315/21/9
f 1310/21/9 1311/21/9 1315/21/9
f 1315/21/9 1311/21/9 1318/21/9
f 1316/21/9 1318/21/9 1311/21/9
f 1313/21/78 1312/20/78 1310/21/77
f 1308/20/77 1310/21/77 1312/20/78
f 1312/20/8 1314/20/8 1308/20/8
f 1308/20/8 1314/20/8 1309/20/8
f 1309/20/8 1314/20/8 1317/20/8
f 1319/20/8 1317/20/8 1314/20/8
f 1317/20/73 1316/21/73 1309/20/72
f 1311/21/72 1309/20/72 1316/21/73
f 1319/20/3 1318/21/3 1317/20/73
f 1316/21/73 1317/20/73 1318/21/3
f 1315/21/6 1314/20/6 1313/21/78
f 1312/20/78 1313/21/78 1314/20/6
f 1311/21/72 1310/21/77 1309/20/72
f 1308/20/77 1309/20/72 1310/21/77
f 1334/20/2 1330/37/2 1335/20/2
f 1332/40/2 1335/20/2 1330/37/2
f 1330/37/2 1334/20/2 1324/37/2
f 1329/38/2 1332/40/2 1330/37/2
f 1333/40/2 1324/37/2 1334/20/2
f 1325/38/2 1324/37/2 1333/40/2
f 1328/39/2 1332/40/2 1329/38/2
f 1329/38/2 1325/38/2 1328/39/2
f 1327/39/2 1325/38/2 1333/40/2
f 1327/39/2 1328/39/2 1325/38/2
f 1321/36/2 1327/39/2 1333/40/2
f 1332/40/2 1321/36/2 1333/40/2
f 1321/36/2 1332/40/2 1323/36/2
f 1323/36/2 1332/40/2 1328/39/2
f 1331/37/79 1330/37/79 1326/37/80
f 1324/37/80 1326/37/80 1330/37/79
f 1331/37/79 1322/36/70 1330/37/79
f 1330/37/79 1322/36/70 1329/38/3
f 1329/38/3 1322/36/70 1328/39/3
f 1323/36/70 1328/39/3 1322/36/70
f 1320/36/69 1326/37/80 1321/36/69
f 1321/36/69 1326/37/80 1327/39/6
f 1327/39/6 1326/37/80 1325/38/6
f 1324/37/80 1325/38/6 1326/37/80
f 1323/36/70 1322/36/70 1321/36/69
f 1320/36/69 1321/36/69 1322/36/70
f 1338/20/7 1337/34/7 1336/20/7
f 1337/34/7 1338/20/7 1339/34/7
f 1342/34/5 1341/20/5 1340/34/5
f 1341/20/5 1342/34/5 1343/20/5
f 1342/34/8 1337/34/8 1339/34/8
f 1337/34/8 1342/34/8 1340/34/8
f 1345/23/4 1341/20/4 1344/20/4
f 1341/20/4 1345/23/4 1346/23/4
f 1341/20/4 1346/23/4 1340/34/4
f 1340/34/4 1346/23/4 1347/35/4
f 1340/34/4 1347/35/4 1337/34/4
f 1348/35/4 1337/34/4 1347/35/4
f 1348/35/4 1347/35/4 1349/31/4
f 1348/35/4 1349/31/4 1350/31/4
f 1351/23/4 1337/34/4 1348/35/4
f 1351/23/4 1336/20/4 1337/34/4
f 1336/20/4 1351/23/4 1352/20/4
f 1353/23/4 1352/20/4 1351/23/4
f 325/23/7 1347/35/81 1346/23/7
f 1347/35/81 325/23/7 327/35/81
f 1351/23/9 334/23/9 1353/23/9
f 334/23/9 1351/23/9 335/23/9
f 333/35/82 1351/23/5 1348/35/82
f 1351/23/5 333/35/82 335/23/5
f 1349/31/84 330/31/83 1350/31/83
f 330/31/83 1349/31/84 329/31/84
f 330/31/83 1348/35/82 1350/31/83
f 1348/35/82 330/31/83 333/35/82
f 327/35/81 1349/31/84 1347/35/81
f 1349/31/84 327/35/81 329/31/84
f 1355/20/8 1352/20/8 1354/20/8
f 1352/20/8 1355/20/8 1338/20/8
f 1336/20/8 1352/20/8 1338/20/8
f 1338/20/8 1355/20/8 1343/20/8
f 1343/20/8 1355/20/8 1341/20/8
f 1341/20/8 1355/20/8 1344/20/8
f 1345/23/9 325/23/9 1346/23/9
f 325/23/9 1345/23/9 324/23/9
f 1360/21/4 1362/21/4 1357/20/4
f 1359/20/4 1357/20/4 1362/21/4
f 1363/21/15 1362/21/15 1361/21/17
f 1360/21/17 1361/21/17 1362/21/15
f 1363/21/15 1358/20/14 1362/21/15
f 1359/20/14 1362/21/15 1358/20/14
f 1356/20/16 1361/21/17 1357/20/16
f 1360/21/17 1357/20/16 1361/21/17
f 1359/20/14 1358/20/14 1357/20/16
f 1356/20/16 1357/20/16 1358/20/14
f 1368/21/4 1370/21/4 1365/20/4
f 1367/20/4 1365/20/4 1370/21/4
f 1371/21/15 1370/21/15 1369/21/17
f 1368/21/17 1369/21/17 1370/21/15
f 1371/21/15 1366/20/14 1370/21/15
f 1367/20/14 1370/21/15 1366/20/14
f 1364/20/16 1369/21/17 1365/20/16
f 1368/21/17 1365/20/16 1369/21/17
f 1367/20/14 1366/20/14 1365/20/16
f 1364/20/16 1365/20/16 1366/20/14
f 163/33/8 1372/33/8 165/33/8
f 1372/33/8 163/33/8 1373/33/8
f 1376/34/69 1375/33/6 1374/34/69
f 1375/33/6 1376/34/69 164/33/6
f 1376/34/69 1378/34/70 1377/34/70
f 1378/34/70 1376/34/69 1374/34/69
f 163/33/3 1378/34/70 1373/33/3
f 1378/34/70 163/33/3 1377/34/70
f 166/33/3 1380/35/71 1379/33/3
f 1380/35/71 166/33/3 172/35/71
f 1380/35/2 1375/33/2 1379/33/2
f 1375/33/2 1380/35/2 1374/34/2
f 1374/34/2 1380/35/2 1378/34/2
f 1381/35/2 1378/34/2 1380/35/2
f 1381/35/2 1380/35/2 1382/31/2
f 1381/35/2 1382/31/2 1383/31/2
f 1372/33/2 1378/34/2 1381/35/2
f 1378/34/2 1372/33/2 1373/33/2
f 166/33/8 1375/33/8 164/33/8
f 1375/33/8 166/33/8 1379/33/8
f 1386/23/2 1385/20/2 1384/20/2
f 1385/20/2 1386/23/2 1387/23/2
f 1389/20/8 1385/20/8 1388/20/8
f 1385/20/8 1389/20/8 1384/20/8
f 1382/31/75 174/31/74 1383/31/74
f 174/31/74 1382/31/75 175/31/75
f 174/31/74 1381/35/76 1383/31/74
f 1381/35/76 174/31/74 171/35/76
f 171/35/76 1372/33/6 1381/35/76
f 1372/33/6 171/35/76 165/33/6
f 172/35/71 1382/31/75 1380/35/71
f 1382/31/75 172/35/71 175/31/75
f 1386/23/9 167/23/9 1387/23/9
f 167/23/9 1386/23/9 168/23/9
f 1392/21/72 1391/20/77 1390/20/72
f 1391/20/77 1392/21/72 1393/21/77
f 1396/20/3 1395/21/73 1394/20/73
f 1395/21/73 1396/20/3 1397/21/3
f 1400/21/6 1399/20/78 1398/21/78
f 1399/20/78 1400/21/6 1401/20/6
f 1398/21/78 1391/20/77 1393/21/77
f 1391/20/77 1398/21/78 1399/20/78
f 1396/20/8 1399/20/8 1401/20/8
f 1399/20/8 1396/20/8 1391/20/8
f 1391/20/8 1396/20/8 1390/20/8
f 1390/20/8 1396/20/8 1394/20/8
f 1394/20/73 1392/21/72 1390/20/72
f 1392/21/72 1394/20/73 1395/21/73
f 1393/21/9 1400/21/9 1398/21/9
f 1400/21/9 1393/21/9 1397/21/9
f 1397/21/9 1393/21/9 1392/21/9
f 1397/21/9 1392/21/9 1395/21/9
f 1404/36/69 1403/36/70 1402/36/70
f 1403/36/70 1404/36/69 1405/36/69
f 1408/37/79 1407/38/3 1406/37/79
f 1407/38/3 1408/37/79 1409/39/3
f 1409/39/3 1408/37/79 1403/36/70
f 1403/36/70 1408/37/79 1402/36/70
f 1404/36/69 1410/39/6 1405/36/69
f 1410/39/6 1404/36/69 1411/38/6
f 1411/38/6 1404/36/69 1412/37/80
f 1412/37/80 1404/36/69 1413/37/80
f 1412/37/80 1408/37/79 1406/37/79
f 1408/37/79 1412/37/80 1413/37/80
f 1410/39/2 1414/40/2 1405/36/2
f 1405/36/2 1414/40/2 1403/36/2
f 1415/40/2 1403/36/2 1414/40/2
f 1415/40/2 1409/39/2 1403/36/2
f 1407/38/2 1410/39/2 1409/39/2
f 1415/40/2 1407/38/2 1409/39/2
f 1410/39/2 1407/38/2 1411/38/2
f 1411/38/2 1414/40/2 1410/39/2
f 1415/40/2 1406/37/2 1407/38/2
f 1416/20/2 1406/37/2 1415/40/2
f 1412/37/2 1414/40/2 1411/38/2
f 1406/37/2 1416/20/2 1412/37/2
f 1412/37/2 1417/20/2 1414/40/2
f 1417/20/2 1412/37/2 1416/20/2
f 177/33/8 1418/33/8 179/33/8
f 1418/33/8 177/33/8 1419/33/8
f 1422/34/69 1421/33/6 1420/34/69
f 1421/33/6 1422/34/69 178/33/6
f 1422/34/69 1424/34/70 1423/34/70
f 1424/34/70 1422/34/69 1420/34/69
f 177/33/3 1424/34/70 1419/33/3
f 1424/34/70 177/33/3 1423/34/70
f 180/33/3 1426/35/71 1425/33/3
f 1426/35/71 180/33/3 186/35/71
f 1426/35/2 1421/33/2 1425/33/2
f 1421/33/2 1426/35/2 1420/34/2
f 1420/34/2 1426/35/2 1424/34/2
f 1427/35/2 1424/34/2 1426/35/2
f 1427/35/2 1426/35/2 1428/31/2
f 1427/35/2 1428/31/2 1429/31/2
f 1418/33/2 1424/34/2 1427/35/2
f 1424/34/2 1418/33/2 1419/33/2
f 180/33/8 1421/33/8 178/33/8
f 1421/33/8 180/33/8 1425/33/8
f 1432/23/2 1431/20/2 1430/20/2
f 1431/20/2 1432/23/2 1433/23/2
f 1435/20/8 1431/20/8 1434/20/8
f 1431/20/8 1435/20/8 1430/20/8
f 1428/31/75 188/31/74 1429/31/74
f 188/31/74 1428/31/75 189/31/75
f 188/31/74 1427/35/76 1429/31/74
f 1427/35/76 188/31/74 185/35/76
f 185/35/76 1418/33/6 1427/35/76
f 1418/33/6 185/35/76 179/33/6
f 186/35/71 1428/31/75 1426/35/71
f 1428/31/75 186/35/71 189/31/75
f 1432/23/9 181/23/9 1433/23/9
f 181/23/9 1432/23/9 182/23/9
f 1438/21/72 1437/20/77 1436/20/72
f 1437/20/77 1438/21/72 1439/21/77
f 1442/20/3 1441/21/73 1440/20/73
f 1441/21/73 1442/20/3 1443/21/3
f 1446/21/6 1445/20/78 1444/21/78
f 1445/20/78 1446/21/6 1447/20/6
f 1444/21/78 1437/20/77 1439/21/77
f 1437/20/77 1444/21/78 1445/20/78
f 1442/20/8 1445/20/8 1447/20/8
f 1445/20/8 1442/20/8 1437/20/8
f 1437/20/8 1442/20/8 1436/20/8
f 1436/20/8 1442/20/8 1440/20/8
f 1440/20/73 1438/21/72 1436/20/72
f 1438/21/72 1440/20/73 1441/21/73
f 1439/21/9 1446/21/9 1444/21/9
f 1446/21/9 1439/21/9 1443/21/9
f 1443/21/9 1439/21/9 1438/21/9
f 1443/21/9 1438/21/9 1441/21/9
f 1450/36/69 1449/36/70 1448/36/70
f 1449/36/70 1450/36/69 1451/36/69
f 1454/37/79 1453/38/3 1452/37/79
f 1453/38/3 1454/37/79 1455/39/3
f 1455/39/3 1454/37/79 1449/36/70
f 1449/36/70 1454/37/79 1448/36/70
f 1450/36/69 1456/39/6 1451/36/69
f 1456/39/6 1450/36/69 1457/38/6
f 1457/38/6 1450/36/69 1458/37/80
f 1458/37/80 1450/36/69 1459/37/80
f 1458/37/80 1454/37/79 1452/37/79
f 1454/37/79 1458/37/80 1459/37/80
f 1456/39/2 1460/40/2 1451/36/2
f 1451/36/2 1460/40/2 1449/36/2
f 1461/40/2 1449/36/2 1460/40/2
f 1461/40/2 1455/39/2 1449/36/2
f 1453/38/2 1456/39/2 1455/39/2
f 1461/40/2 1453/38/2 1455/39/2
f 1456/39/2 1453/38/2 1457/38/2
f 1457/38/2 1460/40/2 1456/39/2
f 1461/40/2 1452/37/2 1453/38/2
f 1462/20/2 1452/37/2 1461/40/2
f 1458/37/2 1460/40/2 1457/38/2
f 1452/37/2 1462/20/2 1458/37/2
f 1458/37/2 1463/20/2 1460/40/2
f 1463/20/2 1458/37/2 1462/20/2
f 191/33/8 1464/33/8 193/33/8
f 1464/33/8 191/33/8 1465/33/8
f 1468/34/69 1467/33/6 1466/34/69
f 1467/33/6 1468/34/69 192/33/6
f 1468/34/69 1470/34/70 1469/34/70
f 1470/34/70 1468/34/69 1466/34/69
f 191/33/3 1470/34/70 1465/33/3
f 1470/34/70 191/33/3 1469/34/70
f 194/33/3 1472/35/71 1471/33/3
f 1472/35/71 194/33/3 200/35/71
f 1472/35/2 1467/33/2 1471/33/2
f 1467/33/2 1472/35/2 1466/34/2
f 1466/34/2 1472/35/2 1470/34/2
f 1473/35/2 1470/34/2 1472/35/2
f 1473/35/2 1472/35/2 1474/31/2
f 1473/35/2 1474/31/2 1475/31/2
f 1464/33/2 1470/34/2 1473/35/2
f 1470/34/2 1464/33/2 1465/33/2
f 194/33/8 1467/33/8 192/33/8
f 1467/33/8 194/33/8 1471/33/8
f 1478/23/2 1477/20/2 1476/20/2
f 1477/20/2 1478/23/2 1479/23/2
f 1481/20/8 1477/20/8 1480/20/8
f 1477/20/8 1481/20/8 1476/20/8
f 1474/31/75 202/31/74 1475/31/74
f 202/31/74 1474/31/75 203/31/75
f 202/31/74 1473/35/76 1475/31/74
f 1473/35/76 202/31/74 199/35/76
f 199/35/76 1464/33/6 1473/35/76
f 1464/33/6 199/35/76 193/33/6
f 200/35/71 1474/31/75 1472/35/71
f 1474/31/75 200/35/71 203/31/75
f 1478/23/9 195/23/9 1479/23/9
f 195/23/9 1478/23/9 196/23/9
f 1484/21/72 1483/20/77 1482/20/72
f 1483/20/77 1484/21/72 1485/21/77
f 1488/20/3 1487/21/73 1486/20/73
f 1487/21/73 1488/20/3 1489/21/3
f 1492/21/6 1491/20/78 1490/21/78
f 1491/20/78 1492/21/6 1493/20/6
f 1490/21/78 1483/20/77 1485/21/77
f 1483/20/77 1490/21/78 1491/20/78
f 1488/20/8 1491/20/8 1493/20/8
f 1491/20/8 1488/20/8 1483/20/8
f 1483/20/8 1488/20/8 1482/20/8
f 1482/20/8 1488/20/8 1486/20/8
f 1486/20/73 1484/21/72 1482/20/72
f 1484/21/72 1486/20/73 1487/21/73
f 1485/21/9 1492/21/9 1490/21/9
f 1492/21/9 1485/21/9 1489/21/9
f 1489/21/9 1485/21/9 1484/21/9
f 1489/21/9 1484/21/9 1487/21/9
f 1496/36/69 1495/36/70 1494/36/70
f 1495/36/70 1496/36/69 1497/36/69
f 1500/37/79 1499/38/3 1498/37/79
f 1499/38/3 1500/37/79 1501/39/3
f 1501/39/3 1500/37/79 1495/36/70
f 1495/36/70 1500/37/79 1494/36/70
f 1496/36/69 1502/39/6 1497/36/69
f 1502/39/6 1496/36/69 1503/38/6
f 1503/38/6 1496/36/69 1504/37/80
f 1504/37/80 1496/36/69 1505/37/80
f 1504/37/80 1500/37/79 1498/37/79
f 1500/37/79 1504/37/80 1505/37/80
f 1502/39/2 1506/40/2 1497/36/2
f 1497/36/2 1506/40/2 1495/36/2
f 1507/40/2 1495/36/2 1506/40/2
f 1507/40/2 1501/39/2 1495/36/2
f 1499/38/2 1502/39/2 1501/39/2
f 1507/40/2 1499/38/2 1501/39/2
f 1502/39/2 1499/38/2 1503/38/2
f 1503/38/2 1506/40/2 1502/39/2
f 1507/40/2 1498/37/2 1499/38/2
f 1508/20/2 1498/37/2 1507/40/2
f 1504/37/2 1506/40/2 1503/38/2
f 1498/37/2 1508/20/2 1504/37/2
f 1504/37/2 1509/20/2 1506/40/2
f 1509/20/2 1504/37/2 1508/20/2
f 1512/34/16 1511/34/14 1510/34/16
f 1511/34/14 1512/34/16 1513/34/14
f 1516/20/8 1515/20/8 1514/20/8
f 1515/20/8 1516/20/8 1517/20/8
f 1517/20/8 1516/20/8 1518/20/8
f 205/41/7 1510/34/16 1519/41/7
f 1510/34/16 205/41/7 1512/34/16
f 1513/34/14 1520/41/5 1511/34/14
f 1520/41/5 1513/34/14 206/41/5
f 209/23/9 1521/23/9 210/23/9
f 1521/23/9 209/23/9 1522/23/9
f 216/23/9 1522/23/9 209/23/9
f 1523/23/9 1522/23/9 216/23/9
f 1522/23/9 1523/23/9 1524/23/9
f 1523/23/5 1515/20/40 1524/23/40
f 1515/20/40 1523/23/5 1514/20/5
f 1521/23/4 1517/20/38 1518/20/4
f 1517/20/38 1521/23/4 1522/23/38
f 1524/23/40 1517/20/38 1522/23/38
f 1517/20/38 1524/23/40 1515/20/40
f 1526/31/4 1520/41/4 1525/41/4
f 1520/41/4 1526/31/4 1511/34/4
f 1511/34/4 1526/31/4 1510/34/4
f 1527/31/4 1510/34/4 1526/31/4
f 1528/41/4 1510/34/4 1527/31/4
f 1510/34/4 1528/41/4 1519/41/4
f 208/41/7 1526/31/7 1525/41/7
f 1526/31/7 208/41/7 214/31/7
f 1526/31/9 212/31/9 1527/31/9
f 212/31/9 1526/31/9 214/31/9
f 212/31/5 1528/41/5 1527/31/5
f 1528/41/5 212/31/5 207/41/5
f 1531/21/9 1530/21/9 1529/21/9
f 1530/21/9 1531/21/9 1532/21/9
f 1532/21/9 1531/21/9 1533/21/9
f 1532/21/9 1533/21/9 1534/21/9
f 1534/21/9 1533/21/9 1535/21/9
f 1536/21/9 1534/21/9 1535/21/9
f 1535/21/9 1533/21/9 1537/21/9
f 1537/21/9 1533/21/9 1538/21/9
f 1533/21/31 1540/20/38 1539/20/31
f 1540/20/38 1533/21/31 1531/21/38
f 1543/20/8 1542/20/8 1541/20/8
f 1542/20/8 1543/20/8 1540/20/8
f 1540/20/8 1543/20/8 1539/20/8
f 1539/20/8 1543/20/8 1544/20/8
f 1543/20/7 1538/21/32 1544/20/32
f 1538/21/32 1543/20/7 1537/21/7
f 1537/21/7 1543/20/7 1545/21/7
f 1530/21/5 1542/20/40 1529/21/40
f 1542/20/40 1530/21/5 1541/20/5
f 1541/20/5 1530/21/5 1546/21/5
f 1538/21/32 1539/20/31 1544/20/32
f 1539/20/31 1538/21/32 1533/21/31
f 1529/21/40 1540/20/38 1531/21/38
f 1540/20/38 1529/21/40 1542/20/40
f 1549/42/16 1548/42/8 1547/42/16
f 1548/42/8 1549/42/16 1550/42/14
f 1548/42/8 1550/42/14 1551/42/8
f 1551/42/8 1550/42/14 1552/42/14
f 1550/42/14 1553/43/15 1552/42/14
f 1553/43/15 1550/42/14 1554/43/15
f 1556/43/17 1547/42/16 1555/43/17
f 1547/42/16 1556/43/17 1549/42/16
f 1557/43/9 1556/43/17 1555/43/17
f 1556/43/17 1557/43/9 1554/43/15
f 1554/43/15 1557/43/9 1558/43/9
f 1554/43/15 1558/43/9 1553/43/15
f 1553/43/4 1559/40/4 1552/42/4
f 1552/42/4 1559/40/4 1551/42/4
f 1553/43/4 1560/20/4 1559/40/4
f 1560/20/4 1553/43/4 1561/20/4
f 1555/43/4 1561/20/4 1553/43/4
f 1555/43/4 1553/43/4 1558/43/4
f 1561/20/4 1555/43/4 1562/40/4
f 1555/43/4 1558/43/4 1557/43/4
f 1551/42/4 1557/43/4 1558/43/4
f 1562/40/4 1555/43/4 1547/42/4
f 1562/40/4 1547/42/4 1559/40/4
f 1557/43/4 1551/42/4 1548/42/4
f 1551/42/4 1559/40/4 1548/42/4
f 1548/42/4 1559/40/4 1547/42/4
f 219/41/7 223/31/7 1578/41/7
f 1577/31/7 1578/41/7 223/31/7
f 224/31/9 1576/31/9 223/31/9
f 1577/31/9 223/31/9 1576/31/9
f 224/31/5 220/41/5 1576/31/5
f 1575/41/5 1576/31/5 220/41/5
f 1570/41/4 1578/41/4 1563/34/4
f 1577/31/4 1563/34/4 1578/41/4
f 1576/31/4 1563/34/4 1577/31/4
f 1563/34/4 1576/31/4 1564/34/4
f 1564/34/4 1576/31/4 1571/41/4
f 1575/41/4 1571/41/4 1576/31/4
f 1568/20/32 1574/23/32 1569/20/31
f 1572/23/31 1569/20/31 1574/23/32
f 1572/23/31 1056/23/4 1569/20/31
f 1057/20/4 1569/20/31 1056/23/4
f 1567/20/7 1573/23/7 1568/20/32
f 1574/23/32 1568/20/32 1573/23/7
f 1574/23/9 1573/23/9 1572/23/9
f 226/23/9 1572/23/9 1573/23/9
f 221/23/9 1572/23/9 226/23/9
f 1572/23/9 221/23/9 1056/23/9
f 79/23/9 1056/23/9 221/23/9
f 218/41/7 1566/34/16 1571/41/7
f 1564/34/16 1571/41/7 1566/34/16
f 1565/34/14 217/41/5 1563/34/14
f 1570/41/5 1563/34/14 217/41/5
f 1057/20/8 1062/20/8 1569/20/8
f 1569/20/8 1062/20/8 1568/20/8
f 1567/20/8 1568/20/8 1062/20/8
f 1566/34/16 1565/34/14 1564/34/16
f 1563/34/14 1564/34/16 1565/34/14
f 1592/20/32 1579/21/32 1590/20/31
f 1581/21/31 1590/20/31 1579/21/32
f 1583/21/38 1588/21/40 1589/20/38
f 1594/20/40 1589/20/38 1588/21/40
f 1596/21/7 1580/21/7 1591/20/7
f 1591/20/7 1580/21/7 1592/20/32
f 1579/21/32 1592/20/32 1580/21/7
f 1595/21/5 1593/20/5 1587/21/5
f 1587/21/5 1593/20/5 1588/21/40
f 1594/20/40 1588/21/40 1593/20/5
f 1594/20/8 1593/20/8 1589/20/8
f 1589/20/8 1593/20/8 1590/20/8
f 1590/20/8 1593/20/8 1592/20/8
f 1591/20/8 1592/20/8 1593/20/8
f 1581/21/31 1583/21/38 1590/20/31
f 1589/20/38 1590/20/31 1583/21/38
f 1588/21/9 1583/21/9 1587/21/9
f 1587/21/9 1583/21/9 1585/21/9
f 1585/21/9 1584/21/9 1586/21/9
f 1585/21/9 1583/21/9 1584/21/9
f 1584/21/9 1583/21/9 1582/21/9
f 1583/21/9 1581/21/9 1582/21/9
f 1582/21/9 1581/21/9 1580/21/9
f 1579/21/9 1580/21/9 1581/21/9
f 1597/42/4 1609/40/4 1598/42/4
f 1598/42/4 1609/40/4 1601/42/4
f 1598/42/4 1601/42/4 1607/43/4
f 1609/40/4 1597/42/4 1612/40/4
f 1597/42/4 1605/43/4 1612/40/4
f 1608/43/4 1607/43/4 1601/42/4
f 1607/43/4 1608/43/4 1605/43/4
f 1612/40/4 1605/43/4 1611/20/4
f 1608/43/4 1603/43/4 1605/43/4
f 1603/43/4 1611/20/4 1605/43/4
f 1611/20/4 1603/43/4 1610/20/4
f 1609/40/4 1610/20/4 1603/43/4
f 1601/42/4 1609/40/4 1602/42/4
f 1602/42/4 1609/40/4 1603/43/4
f 1603/43/17 1608/43/9 1604/43/17
f 1608/43/9 1607/43/9 1604/43/17
f 1604/43/17 1607/43/9 1606/43/15
f 1605/43/15 1606/43/15 1607/43/9
f 1599/42/14 1606/43/15 1597/42/14
f 1605/43/15 1597/42/14 1606/43/15
f 1604/43/17 1600/42/16 1603/43/17
f 1602/42/16 1603/43/17 1600/42/16
f 1602/42/16 1600/42/16 1601/42/8
f 1601/42/8 1600/42/16 1598/42/8
f 1600/42/16 1599/42/14 1598/42/8
f 1597/42/14 1598/42/8 1599/42/14
f 1615/34/14 1614/34/16 1613/34/16
f 1614/34/16 1615/34/14 1616/34/14
f 227/41/7 1614/34/16 1617/41/7
f 1614/34/16 227/41/7 1613/34/16
f 1615/34/14 1618/41/5 1616/34/14
f 1618/41/5 1615/34/14 228/41/5
f 1620/23/9 231/23/9 1619/23/9
f 231/23/9 1620/23/9 232/23/9
f 1620/23/4 1622/20/4 1621/20/4
f 1622/20/4 1620/23/4 1619/23/4
f 1624/31/4 1618/41/4 1623/41/4
f 1618/41/4 1624/31/4 1616/34/4
f 1616/34/4 1624/31/4 1614/34/4
f 1625/31/4 1614/34/4 1624/31/4
f 1626/41/4 1614/34/4 1625/31/4
f 1614/34/4 1626/41/4 1617/41/4
f 230/41/7 1624/31/7 1623/41/7
f 1624/31/7 230/41/7 236/31/7
f 1624/31/9 234/31/9 1625/31/9
f 234/31/9 1624/31/9 236/31/9
f 234/31/5 1626/41/5 1625/31/5
f 1626/41/5 234/31/5 229/41/5
f 1628/20/8 1622/20/8 1627/20/8
f 1622/20/8 1628/20/8 1621/20/8
f 1631/21/9 1630/21/9 1629/21/9
f 1630/21/9 1631/21/9 1632/21/9
f 1632/21/9 1631/21/9 1633/21/9
f 1632/21/9 1633/21/9 1634/21/9
f 1634/21/9 1633/21/9 1635/21/9
f 1636/21/9 1634/21/9 1635/21/9
f 1635/21/9 1633/21/9 1637/21/9
f 1637/21/9 1633/21/9 1638/21/9
f 1633/21/31 1640/20/38 1639/20/31
f 1640/20/38 1633/21/31 1631/21/38
f 1643/20/8 1642/20/8 1641/20/8
f 1642/20/8 1643/20/8 1640/20/8
f 1640/20/8 1643/20/8 1639/20/8
f 1639/20/8 1643/20/8 1644/20/8
f 1643/20/7 1638/21/32 1644/20/32
f 1638/21/32 1643/20/7 1637/21/7
f 1637/21/7 1643/20/7 1645/21/7
f 1630/21/5 1642/20/40 1629/21/40
f 1642/20/40 1630/21/5 1641/20/5
f 1641/20/5 1630/21/5 1646/21/5
f 1638/21/32 1639/20/31 1644/20/32
f 1639/20/31 1638/21/32 1633/21/31
f 1629/21/40 1640/20/38 1631/21/38
f 1640/20/38 1629/21/40 1642/20/40
f 1649/42/16 1648/42/8 1647/42/16
f 1648/42/8 1649/42/16 1650/42/14
f 1648/42/8 1650/42/14 1651/42/8
f 1651/42/8 1650/42/14 1652/42/14
f 1650/42/14 1653/43/15 1652/42/14
f 1653/43/15 1650/42/14 1654/43/15
f 1656/43/17 1647/42/16 1655/43/17
f 1647/42/16 1656/43/17 1649/42/16
f 1657/43/9 1656/43/17 1655/43/17
f 1656/43/17 1657/43/9 1654/43/15
f 1654/43/15 1657/43/9 1658/43/9
f 1654/43/15 1658/43/9 1653/43/15
f 1653/43/4 1659/40/4 1652/42/4
f 1652/42/4 1659/40/4 1651/42/4
f 1653/43/4 1660/20/4 1659/40/4
f 1660/20/4 1653/43/4 1661/20/4
f 1655/43/4 1661/20/4 1653/43/4
f 1655/43/4 1653/43/4 1658/43/4
f 1661/20/4 1655/43/4 1662/40/4
f 1655/43/4 1658/43/4 1657/43/4
f 1651/42/4 1657/43/4 1658/43/4
f 1662/40/4 1655/43/4 1647/42/4
f 1662/40/4 1647/42/4 1659/40/4
f 1657/43/4 1651/42/4 1648/42/4
f 1651/42/4 1659/40/4 1648/42/4
f 1648/42/4 1659/40/4 1647/42/4
f 1665/34/14 1664/34/16 1663/34/16
f 1664/34/16 1665/34/14 1666/34/14
f 237/41/7 1664/34/16 1667/41/7
f 1664/34/16 237/41/7 1663/34/16
f 1665/34/14 1668/41/5 1666/34/14
f 1668/41/5 1665/34/14 238/41/5
f 1670/23/9 241/23/9 1669/23/9
f 241/23/9 1670/23/9 242/23/9
f 1670/23/4 1672/20/4 1671/20/4
f 1672/20/4 1670/23/4 1669/23/4
f 1674/31/4 1668/41/4 1673/41/4
f 1668/41/4 1674/31/4 1666/34/4
f 1666/34/4 1674/31/4 1664/34/4
f 1675/31/4 1664/34/4 1674/31/4
f 1676/41/4 1664/34/4 1675/31/4
f 1664/34/4 1676/41/4 1667/41/4
f 240/41/7 1674/31/7 1673/41/7
f 1674/31/7 240/41/7 246/31/7
f 1674/31/9 244/31/9 1675/31/9
f 244/31/9 1674/31/9 246/31/9
f 244/31/5 1676/41/5 1675/31/5
f 1676/41/5 244/31/5 239/41/5
f 1678/20/8 1672/20/8 1677/20/8
f 1672/20/8 1678/20/8 1671/20/8
f 1681/21/9 1680/21/9 1679/21/9
f 1680/21/9 1681/21/9 1682/21/9
f 1682/21/9 1681/21/9 1683/21/9
f 1682/21/9 1683/21/9 1684/21/9
f 1684/21/9 1683/21/9 1685/21/9
f 1686/21/9 1684/21/9 1685/21/9
f 1685/21/9 1683/21/9 1687/21/9
f 1687/21/9 1683/21/9 1688/21/9
f 1683/21/31 1690/20/38 1689/20/31
f 1690/20/38 1683/21/31 1681/21/38
f 1693/20/8 1692/20/8 1691/20/8
f 1692/20/8 1693/20/8 1690/20/8
f 1690/20/8 1693/20/8 1689/20/8
f 1689/20/8 1693/20/8 1694/20/8
f 1693/20/7 1688/21/32 1694/20/32
f 1688/21/32 1693/20/7 1687/21/7
f 1687/21/7 1693/20/7 1695/21/7
f 1680/21/5 1692/20/40 1679/21/40
f 1692/20/40 1680/21/5 1691/20/5
f 1691/20/5 1680/21/5 1696/21/5
f 1688/21/32 1689/20/31 1694/20/32
f 1689/20/31 1688/21/32 1683/21/31
f 1679/21/40 1690/20/38 1681/21/38
f 1690/20/38 1679/21/40 1692/20/40
f 1699/42/16 1698/42/8 1697/42/16
f 1698/42/8 1699/42/16 1700/42/14
f 1698/42/8 1700/42/14 1701/42/8
f 1701/42/8 1700/42/14 1702/42/14
f 1700/42/14 1703/43/15 1702/42/14
f 1703/43/15 1700/42/14 1704/43/15
f 1706/43/17 1697/42/16 1705/43/17
f 1697/42/16 1706/43/17 1699/42/16
f 1707/43/9 1706/43/17 1705/43/17
f 1706/43/17 1707/43/9 1704/43/15
f 1704/43/15 1707/43/9 1708/43/9
f 1704/43/15 1708/43/9 1703/43/15
f 1703/43/4 1709/40/4 1702/42/4
f 1702/42/4 1709/40/4 1701/42/4
f 1703/43/4 1710/20/4 1709/40/4
f 1710/20/4 1703/43/4 1711/20/4
f 1705/43/4 1711/20/4 1703/43/4
f 1705/43/4 1703/43/4 1708/43/4
f 1711/20/4 1705/43/4 1712/40/4
f 1705/43/4 1708/43/4 1707/43/4
f 1701/42/4 1707/43/4 1708/43/4
f 1712/40/4 1705/43/4 1697/42/4
f 1712/40/4 1697/42/4 1709/40/4
f 1707/43/4 1701/42/4 1698/42/4
f 1701/42/4 1709/40/4 1698/42/4
f 1698/42/4 1709/40/4 1697/42/4
f 249/41/7 253/31/7 1728/41/7
f 1727/31/7 1728/41/7 253/31/7
f 254/31/9 1726/31/9 253/31/9
f 1727/31/9 253/31/9 1726/31/9
f 254/31/5 250/41/5 1726/31/5
f 1725/41/5 1726/31/5 250/41/5
f 1720/41/4 1728/41/4 1713/34/4
f 1727/31/4 1713/34/4 1728/41/4
f 1726/31/4 1713/34/4 1727/31/4
f 1713/34/4 1726/31/4 1714/34/4
f 1714/34/4 1726/31/4 1721/41/4
f 1725/41/4 1721/41/4 1726/31/4
f 1718/20/32 1724/23/32 1719/20/31
f 1722/23/31 1719/20/31 1724/23/32
f 1722/23/31 1009/23/4 1719/20/31
f 1010/20/4 1719/20/31 1009/23/4
f 1717/20/7 1723/23/7 1718/20/32
f 1724/23/32 1718/20/32 1723/23/7
f 1724/23/9 1723/23/9 1722/23/9
f 256/23/9 1722/23/9 1723/23/9
f 251/23/9 1722/23/9 256/23/9
f 1722/23/9 251/23/9 1009/23/9
f 71/23/9 1009/23/9 251/23/9
f 248/41/7 1716/34/16 1721/41/7
f 1714/34/16 1721/41/7 1716/34/16
f 1715/34/14 247/41/5 1713/34/14
f 1720/41/5 1713/34/14 247/41/5
f 1010/20/8 1015/20/8 1719/20/8
f 1719/20/8 1015/20/8 1718/20/8
f 1717/20/8 1718/20/8 1015/20/8
f 1716/34/16 1715/34/14 1714/34/16
f 1713/34/14 1714/34/16 1715/34/14
f 1742/20/32 1729/21/32 1740/20/31
f 1731/21/31 1740/20/31 1729/21/32
f 1733/21/38 1738/21/40 1739/20/38
f 1744/20/40 1739/20/38 1738/21/40
f 1746/21/7 1730/21/7 1741/20/7
f 1741/20/7 1730/21/7 1742/20/32
f 1729/21/32 1742/20/32 1730/21/7
f 1745/21/5 1743/20/5 1737/21/5
f 1737/21/5 1743/20/5 1738/21/40
f 1744/20/40 1738/21/40 1743/20/5
f 1744/20/8 1743/20/8 1739/20/8
f 1739/20/8 1743/20/8 1740/20/8
f 1740/20/8 1743/20/8 1742/20/8
f 1741/20/8 1742/20/8 1743/20/8
f 1731/21/31 1733/21/38 1740/20/31
f 1739/20/38 1740/20/31 1733/21/38
f 1738/21/9 1733/21/9 1737/21/9
f 1737/21/9 1733/21/9 1735/21/9
f 1735/21/9 1734/21/9 1736/21/9
f 1735/21/9 1733/21/9 1734/21/9
f 1734/21/9 1733/21/9 1732/21/9
f 1733/21/9 1731/21/9 1732/21/9
f 1732/21/9 1731/21/9 1730/21/9
f 1729/21/9 1730/21/9 1731/21/9
f 1747/42/4 1759/40/4 1748/42/4
f 1748/42/4 1759/40/4 1751/42/4
f 1748/42/4 1751/42/4 1757/43/4
f 1759/40/4 1747/42/4 1762/40/4
f 1747/42/4 1755/43/4 1762/40/4
f 1758/43/4 1757/43/4 1751/42/4
f 1757/43/4 1758/43/4 1755/43/4
f 1762/40/4 1755/43/4 1761/20/4
f 1758/43/4 1753/43/4 1755/43/4
f 1753/43/4 1761/20/4 1755/43/4
f 1761/20/4 1753/43/4 1760/20/4
f 1759/40/4 1760/20/4 1753/43/4
f 1751/42/4 1759/40/4 1752/42/4
f 1752/42/4 1759/40/4 1753/43/4
f 1753/43/17 1758/43/9 1754/43/17
f 1758/43/9 1757/43/9 1754/43/17
f 1754/43/17 1757/43/9 1756/43/15
f 1755/43/15 1756/43/15 1757/43/9
f 1749/42/14 1756/43/15 1747/42/14
f 1755/43/15 1747/42/14 1756/43/15
f 1754/43/17 1750/42/16 1753/43/17
f 1752/42/16 1753/43/17 1750/42/16
f 1752/42/16 1750/42/16 1751/42/8
f 1751/42/8 1750/42/16 1748/42/8
f 1750/42/16 1749/42/14 1748/42/8
f 1747/42/14 1748/42/8 1749/42/14
f 359/20/8 1770/20/8 358/20/8
f 1771/20/8 607/20/8 359/20/8
f 359/20/8 607/20/8 1770/20/8
f 1770/20/8 607/20/8 1769/20/8
f 605/20/8 1769/20/8 607/20/8
f 1764/23/31 1763/23/4 1770/20/31
f 1770/20/31 1763/23/4 358/20/4
f 355/34/4 358/20/4 1763/23/4
f 1766/35/4 355/34/4 1763/23/4
f 1767/31/4 1768/31/4 1766/35/4
f 1766/35/4 1768/31/4 355/34/4
f 357/34/4 355/34/4 1768/31/4
f 1769/20/32 1765/23/32 1770/20/31
f 1764/23/31 1770/20/31 1765/23/32
f 605/20/7 606/23/7 1769/20/32
f 1765/23/32 1769/20/32 606/23/7
f 363/35/81 361/31/84 1766/35/81
f 1767/31/84 1766/35/81 361/31/84
f 360/31/9 1768/31/9 361/31/84
f 1767/31/84 361/31/84 1768/31/9
f 364/23/7 363/35/81 1763/23/7
f 1766/35/81 1763/23/7 363/35/81
f 1765/23/9 606/23/9 1764/23/9
f 304/23/9 1764/23/9 606/23/9
f 353/23/9 1764/23/9 304/23/9
f 1764/23/9 353/23/9 1763/23/9
f 364/23/9 1763/23/9 353/23/9
f 1772/23/9 324/23/9 1345/23/9
f 324/23/9 1772/23/9 384/23/9
f 383/35/82 1772/23/5 1773/35/82
f 1772/23/5 383/35/82 384/23/5
f 1768/31/9 382/31/83 1774/31/83
f 382/31/83 1768/31/9 360/31/9
f 382/31/83 1773/35/82 1774/31/83
f 1773/35/82 382/31/83 383/35/82
f 1768/31/4 379/34/4 357/34/4
f 379/34/4 1768/31/4 1773/35/4
f 1773/35/4 1768/31/4 1774/31/4
f 1772/23/4 379/34/4 1773/35/4
f 1772/23/4 380/20/4 379/34/4
f 380/20/4 1772/23/4 1344/20/4
f 1344/20/4 1772/23/4 1345/23/4
f 607/20/8 1344/20/8 1775/20/8
f 1344/20/8 607/20/8 381/20/8
f 381/20/8 607/20/8 1771/20/8
f 380/20/8 1344/20/8 381/20/8
f 403/20/8 1352/20/8 402/20/8
f 1782/20/8 1781/20/8 403/20/8
f 403/20/8 1781/20/8 1352/20/8
f 1780/20/8 1352/20/8 1781/20/8
f 1353/23/4 1776/23/4 1352/20/4
f 1352/20/4 1776/23/4 402/20/4
f 399/34/4 402/20/4 1776/23/4
f 1777/35/4 399/34/4 1776/23/4
f 1778/31/4 1779/31/4 1777/35/4
f 1777/35/4 1779/31/4 399/34/4
f 401/34/4 399/34/4 1779/31/4
f 407/35/81 405/31/84 1777/35/81
f 1778/31/84 1777/35/81 405/31/84
f 404/31/9 1779/31/9 405/31/84
f 1778/31/84 405/31/84 1779/31/9
f 408/23/7 407/35/81 1776/23/7
f 1777/35/81 1776/23/7 407/35/81
f 408/23/9 1776/23/9 334/23/9
f 1353/23/9 334/23/9 1776/23/9
f 423/23/9 1783/23/9 434/23/9
f 1783/23/9 423/23/9 1784/23/9
f 322/23/9 1784/23/9 423/23/9
f 633/23/9 1784/23/9 322/23/9
f 1784/23/9 633/23/9 1785/23/9
f 433/35/82 1783/23/5 1786/35/82
f 1783/23/5 433/35/82 434/23/5
f 1788/31/9 431/31/83 1787/31/83
f 431/31/83 1788/31/9 430/31/9
f 431/31/83 1786/35/82 1787/31/83
f 1786/35/82 431/31/83 433/35/82
f 633/23/5 1789/20/40 1785/23/40
f 1789/20/40 633/23/5 632/20/5
f 1785/23/40 1790/20/38 1784/23/38
f 1790/20/38 1785/23/40 1789/20/40
f 1788/31/4 425/34/4 427/34/4
f 425/34/4 1788/31/4 1786/35/4
f 1786/35/4 1788/31/4 1787/31/4
f 1783/23/4 425/34/4 1786/35/4
f 1783/23/4 428/20/4 425/34/4
f 428/20/4 1783/23/4 1790/20/38
f 1790/20/38 1783/23/4 1784/23/38
f 634/20/8 1789/20/8 632/20/8
f 1789/20/8 634/20/8 1790/20/8
f 1790/20/8 634/20/8 429/20/8
f 429/20/8 634/20/8 1791/20/8
f 428/20/8 1790/20/8 429/20/8
f 1794/44/85 1793/20/86 1792/44/85
f 1793/20/86 1794/44/85 1795/20/86
f 404/20/8 1793/20/86 1795/20/86
f 1793/20/86 404/20/8 1796/20/8
f 1799/21/9 1798/21/83 1797/21/83
f 1798/21/83 1799/21/9 406/21/9
f 1801/28/82 1792/44/85 1800/28/82
f 1792/44/85 1801/28/82 1794/44/85
f 1798/21/83 1800/28/82 1797/21/83
f 1800/28/82 1798/21/83 1801/28/82
f 1811/28/81 1808/21/84 1810/28/81
f 1807/21/84 1810/28/81 1808/21/84
f 1804/44/87 1811/28/81 1802/44/87
f 1810/28/81 1802/44/87 1811/28/81
f 362/21/9 1809/21/9 1808/21/84
f 1807/21/84 1808/21/84 1809/21/9
f 1806/20/8 360/20/8 1803/20/88
f 1805/20/88 1803/20/88 360/20/8
f 1805/20/88 1804/44/87 1803/20/88
f 1802/44/87 1803/20/88 1804/44/87
f 1819/21/9 1818/21/9 1817/21/9
f 1816/21/9 1817/21/9 1818/21/9
f 1815/20/8 1814/20/8 1813/20/8
f 1812/20/8 1813/20/8 1814/20/8
f 1827/21/9 1826/21/9 1825/21/9
f 1824/21/9 1825/21/9 1826/21/9
f 1823/20/8 1822/20/8 1821/20/8
f 1820/20/8 1821/20/8 1822/20/8
f 1835/21/9 1834/21/9 1833/21/9
f 1832/21/9 1833/21/9 1834/21/9
f 1831/20/8 1830/20/8 1829/20/8
f 1828/20/8 1829/20/8 1830/20/8
f 1838/30/52 1837/31/4 1836/31/52
f 1837/31/4 1838/30/52 1839/30/4
f 1842/30/43 1841/31/5 1840/30/5
f 1841/31/5 1842/30/43 1843/31/43
f 1839/30/4 1844/31/47 1837/31/4
f 1844/31/47 1839/30/4 1845/30/47
f 1840/30/5 1844/31/47 1845/30/47
f 1844/31/47 1840/30/5 1841/31/5
f 1842/30/43 1846/31/1 1843/31/43
f 1846/31/1 1842/30/43 1847/30/1
f 1847/30/1 1848/31/46 1846/31/1
f 1848/31/46 1847/30/1 1849/30/46
f 1848/31/46 1851/30/7 1850/31/7
f 1851/30/7 1848/31/46 1849/30/46
f 1850/31/7 1838/30/52 1836/31/52
f 1838/30/52 1850/31/7 1851/30/7
f 1843/31/8 1844/31/8 1841/31/8
f 1844/31/8 1843/31/8 1846/31/8
f 1844/31/8 1846/31/8 1837/31/8
f 1837/31/8 1846/31/8 1848/31/8
f 1837/31/8 1848/31/8 1836/31/8
f 1836/31/8 1848/31/8 1850/31/8
f 1854/30/8 1853/30/8 1852/30/8
f 1853/30/8 1854/30/8 1855/30/8
f 1858/31/89 1857/31/9 1856/31/9
f 1857/31/9 1858/31/89 1859/31/89
f 1857/31/1 1854/30/1 1852/30/1
f 1854/30/1 1857/31/1 1860/45/1
f 1860/45/1 1857/31/1 1859/31/1
f 1857/31/5 1853/30/5 1856/31/5
f 1853/30/5 1857/31/5 1852/30/5
f 1861/45/4 1853/30/4 1855/30/4
f 1853/30/4 1861/45/4 1856/31/4
f 1856/31/4 1861/45/4 1858/31/4
f 1854/30/7 1861/45/90 1855/30/7
f 1861/45/90 1854/30/7 1860/45/90
f 1860/45/90 1858/31/89 1861/45/90
f 1858/31/89 1860/45/90 1859/31/89
f 1864/30/7 1863/31/52 1862/30/52
f 1863/31/52 1864/30/7 1865/31/7
f 1863/31/52 1866/30/4 1862/30/52
f 1866/30/4 1863/31/52 1867/31/4
f 1870/31/43 1869/30/5 1868/31/5
f 1869/30/5 1870/31/43 1871/30/43
f 1868/31/5 1873/30/47 1872/31/47
f 1873/30/47 1868/31/5 1869/30/5
f 1874/30/46 1865/31/7 1864/30/7
f 1865/31/7 1874/30/46 1875/31/46
f 1877/31/1 1874/30/46 1876/30/1
f 1874/30/46 1877/31/1 1875/31/46
f 1867/31/4 1873/30/47 1866/30/4
f 1873/30/47 1867/31/4 1872/31/47
f 1870/31/43 1876/30/1 1871/30/43
f 1876/30/1 1870/31/43 1877/31/1
f 1872/31/9 1870/31/9 1868/31/9
f 1870/31/9 1872/31/9 1867/31/9
f 1870/31/9 1867/31/9 1877/31/9
f 1877/31/9 1867/31/9 1863/31/9
f 1877/31/9 1863/31/9 1875/31/9
f 1875/31/9 1863/31/9 1865/31/9
f 1871/30/8 1873/30/8 1869/30/8
f 1873/30/8 1871/30/8 1876/30/8
f 1873/30/8 1876/30/8 1866/30/8
f 1866/30/8 1876/30/8 1874/30/8
f 1866/30/8 1874/30/8 1862/30/8
f 1862/30/8 1874/30/8 1864/30/8
f 1880/30/7 1879/31/52 1878/30/52
f 1879/31/52 1880/30/7 1881/31/7
f 1879/31/52 1882/30/4 1878/30/52
f 1882/30/4 1879/31/52 1883/31/4
f 1886/31/43 1885/30/5 1884/31/5
f 1885/30/5 1886/31/43 1887/30/43
f 1884/31/5 1889/30/47 1888/31/47
f 1889/30/47 1884/31/5 1885/30/5
f 1890/30/46 1881/31/7 1880/30/7
f 1881/31/7 1890/30/46 1891/31/46
f 1893/31/1 1890/30/46 1892/30/1
f 1890/30/46 1893/31/1 1891/31/46
f 1883/31/4 1889/30/47 1882/30/4
f 1889/30/47 1883/31/4 1888/31/47
f 1886/31/43 1892/30/1 1887/30/43
f 1892/30/1 1886/31/43 1893/31/1
f 1888/31/9 1886/31/9 1884/31/9
f 1886/31/9 1888/31/9 1883/31/9
f 1886/31/9 1883/31/9 1893/31/9
f 1893/31/9 1883/31/9 1879/31/9
f 1893/31/9 1879/31/9 1891/31/9
f 1891/31/9 1879/31/9 1881/31/9
f 1887/30/8 1889/30/8 1885/30/8
f 1889/30/8 1887/30/8 1892/30/8
f 1889/30/8 1892/30/8 1882/30/8
f 1882/30/8 1892/30/8 1890/30/8
f 1882/30/8 1890/30/8 1878/30/8
f 1878/30/8 1890/30/8 1880/30/8
f 1896/30/7 1895/31/52 1894/30/52
f 1895/31/52 1896/30/7 1897/31/7
f 1895/31/52 1898/30/4 1894/30/52
f 1898/30/4 1895/31/52 1899/31/4
f 1902/31/43 1901/30/5 1900/31/5
f 1901/30/5 1902/31/43 1903/30/43
f 1900/31/5 1905/30/47 1904/31/47
f 1905/30/47 1900/31/5 1901/30/5
f 1906/30/46 1897/31/7 1896/30/7
f 1897/31/7 1906/30/46 1907/31/46
f 1909/31/1 1906/30/46 1908/30/1
f 1906/30/46 1909/31/1 1907/31/46
f 1899/31/4 1905/30/47 1898/30/4
f 1905/30/47 1899/31/4 1904/31/47
f 1902/31/43 1908/30/1 1903/30/43
f 1908/30/1 1902/31/43 1909/31/1
f 1904/31/9 1902/31/9 1900/31/9
f 1902/31/9 1904/31/9 1899/31/9
f 1902/31/9 1899/31/9 1909/31/9
f 1909/31/9 1899/31/9 1895/31/9
f 1909/31/9 1895/31/9 1907/31/9
f 1907/31/9 1895/31/9 1897/31/9
f 1903/30/8 1905/30/8 1901/30/8
f 1905/30/8 1903/30/8 1908/30/8
f 1905/30/8 1908/30/8 1898/30/8
f 1898/30/8 1908/30/8 1906/30/8
f 1898/30/8 1906/30/8 1894/30/8
f 1894/30/8 1906/30/8 1896/30/8
f 1912/30/7 1911/31/52 1910/30/52
f 1911/31/52 1912/30/7 1913/31/7
f 1911/31/52 1914/30/4 1910/30/52
f 1914/30/4 1911/31/52 1915/31/4
f 1918/31/43 1917/30/5 1916/31/5
f 1917/30/5 1918/31/43 1919/30/43
f 1916/31/5 1921/30/47 1920/31/47
f 1921/30/47 1916/31/5 1917/30/5
f 1922/30/46 1913/31/7 1912/30/7
f 1913/31/7 1922/30/46 1923/31/46
f 1925/31/1 1922/30/46 1924/30/1
f 1922/30/46 1925/31/1 1923/31/46
f 1915/31/4 1921/30/47 1914/30/4
f 1921/30/47 1915/31/4 1920/31/47
f 1918/31/43 1924/30/1 1919/30/43
f 1924/30/1 1918/31/43 1925/31/1
f 1920/31/9 1918/31/9 1916/31/9
f 1918/31/9 1920/31/9 1915/31/9
f 1918/31/9 1915/31/9 1925/31/9
f 1925/31/9 1915/31/9 1911/31/9
f 1925/31/9 1911/31/9 1923/31/9
f 1923/31/9 1911/31/9 1913/31/9
f 1919/30/8 1921/30/8 1917/30/8
f 1921/30/8 1919/30/8 1924/30/8
f 1921/30/8 1924/30/8 1914/30/8
f 1914/30/8 1924/30/8 1922/30/8
f 1914/30/8 1922/30/8 1910/30/8
f 1910/30/8 1922/30/8 1912/30/8
f 707/47/4 710/47/4 709/46/4
f 710/47/4 707/47/4 708/48/4
f 710/47/4 708/48/4 711/48/4
f 711/48/4 708/48/4 714/49/4
f 711/48/4 714/49/4 712/49/4
f 712/49/4 714/49/4 713/50/4
f 1929/50/4 1928/50/4 1927/51/4
f 1926/51/4 1927/51/4 1928/50/4
f 1932/50/4 1931/51/4 1930/51/4
f 1931/51/4 1932/50/4 1933/50/4
f 1937/50/4 1936/50/4 1935/51/4
f 1934/51/4 1935/51/4 1936/50/4
f 1940/50/4 1939/51/4 1938/51/4
f 1939/51/4 1940/50/4 1941/50/4
f 1944/50/4 1943/46/4 1942/46/4
f 1943/46/4 1944/50/4 1945/52/4
f 1945/52/4 1944/50/4 1946/53/4
f 1946/53/4 1944/50/4 1947/50/4
f 1949/46/86 1945/52/85 1948/52/85
f 1945/52/85 1949/46/86 1943/46/86
f 1950/50/83 1946/53/82 1947/50/83
f 1946/53/82 1950/50/83 1951/53/82
f 1951/53/82 1945/52/85 1946/53/82
f 1945/52/85 1951/53/82 1948/52/85
f 1944/50/9 1950/50/83 1947/50/83
f 1950/50/83 1944/50/9 1952/50/9
f 1953/46/8 1943/46/86 1949/46/86
f 1943/46/86 1953/46/8 1942/46/8
f 1954/46/8 1965/46/8 1955/46/88
f 1961/46/88 1955/46/88 1965/46/8
f 1964/50/9 1956/50/9 1962/50/84
f 1959/50/84 1962/50/84 1956/50/9
f 1960/52/87 1963/53/81 1957/52/87
f 1958/53/81 1957/52/87 1963/53/81
f 1963/53/81 1962/50/84 1958/53/81
f 1959/50/84 1958/53/81 1962/50/84
f 1955/46/88 1961/46/88 1957/52/87
f 1960/52/87 1957/52/87 1961/46/88
f 1959/50/4 1956/50/4 1958/53/4
f 1958/53/4 1956/50/4 1957/52/4
f 1957/52/4 1956/50/4 1955/46/4
f 1954/46/4 1955/46/4 1956/50/4
f 1956/50/4 1966/50/4 1954/46/4
f 1969/46/4 1954/46/4 1966/50/4
f 1969/46/8 1968/46/8 1954/46/8
f 1965/46/8 1954/46/8 1968/46/8
f 1967/50/9 1966/50/9 1964/50/9
f 1956/50/9 1964/50/9 1966/50/9
f 1970/50/4 1972/50/4 1975/46/4
f 1977/46/4 1975/46/4 1972/50/4
f 1977/46/8 1976/46/8 1975/46/8
f 1974/46/8 1975/46/8 1976/46/8
f 1973/50/9 1972/50/9 1971/50/9
f 1970/50/9 1971/50/9 1972/50/9
f 1978/50/4 1980/50/4 1983/46/4
f 1985/46/4 1983/46/4 1980/50/4
f 1985/46/8 1984/46/8 1983/46/8
f 1982/46/8 1983/46/8 1984/46/8
f 1981/50/9 1980/50/9 1979/50/9
f 1978/50/9 1979/50/9 1980/50/9
f 790/55/2 794/54/2 799/54/2
f 794/54/2 790/55/2 788/55/2
f 844/57/4 850/56/4 848/56/4
f 850/56/4 844/57/4 843/57/4
f 894/57/4 900/56/4 898/56/4
f 900/56/4 894/57/4 893/57/4
f 944/57/4 950/56/4 948/56/4
f 950/56/4 944/57/4 943/57/4
f 989/55/2 993/54/2 998/54/2
f 993/54/2 989/55/2 987/55/2
f 1037/57/4 1043/56/4 1041/56/4
f 1043/56/4 1037/57/4 1036/57/4
f 1084/57/4 1090/56/4 1088/56/4
f 1090/56/4 1084/57/4 1083/57/4
f 1132/55/2 1136/54/2 1141/54/2
f 1136/54/2 1132/55/2 1130/55/2
f 1178/55/2 1182/54/2 1187/54/2
f 1182/54/2 1178/55/2 1176/55/2
f 1225/55/2 1227/55/2 1231/54/2
f 1236/54/2 1231/54/2 1227/55/2
f 1273/55/2 1277/54/2 1282/54/2
f 1277/54/2 1273/55/2 1271/55/2
f 1320/55/2 1322/55/2 1326/54/2
f 1331/54/2 1326/54/2 1322/55/2
f 339/58/4 162/59/4 160/58/4
f 162/59/4 339/58/4 338/59/4
f 159/58/4 344/59/4 341/58/4
f 344/59/4 159/58/4 161/59/4
f 1404/55/2 1408/54/2 1413/54/2
f 1408/54/2 1404/55/2 1402/55/2
f 1450/55/2 1454/54/2 1459/54/2
f 1454/54/2 1450/55/2 1448/55/2
f 1496/55/2 1500/54/2 1505/54/2
f 1500/54/2 1496/55/2 1494/55/2
f 1550/57/4 1556/56/4 1554/56/4
f 1556/56/4 1550/57/4 1549/57/4
f 1599/57/4 1600/57/4 1606/56/4
f 1604/56/4 1606/56/4 1600/57/4
f 1650/57/4 1656/56/4 1654/56/4
f 1656/56/4 1650/57/4 1649/57/4
f 1700/57/4 1706/56/4 1704/56/4
f 1706/56/4 1700/57/4 1699/57/4
f 1749/57/4 1750/57/4 1756/56/4
f 1754/56/4 1756/56/4 1750/57/4
f 375/59/4 377/59/4 376/60/4
f 1986/60/4 376/60/4 377/59/4
f 397/59/4 396/60/4 1987/60/4
f 396/60/4 397/59/4 395/59/4
f 419/59/4 421/59/4 420/60/4
f 1988/60/4 420/60/4 421/59/4
f 447/59/4 446/60/4 1989/60/4
f 446/60/4 447/59/4 445/59/4
