# Derived from Kenney CC0. Generated by scripts/GenerateTitleMaterials.py.
mtllib building-e.mtl
v 0.8 0.05 0.4439457 1 1 1
v 0.8000001 0.05 0.04394569 1 1 1
v 0.8 0.4 0.4439457 1 1 1
v 0.8000001 0.4 0.04394569 1 1 1
v 0.4 0.05 0.4439457 1 1 1
v 0.4 0.4 0.4439457 1 1 1
v -0.32 0.13 0.4439457 1 1 1
v -0.08000001 0.13 0.4439457 1 1 1
v -0.35 0.13 0.4439457 1 1 1
v -0.05000001 0.13 0.4439457 1 1 1
v -0.4 0.05 0.4439457 1 1 1
v 0 0.05 0.4439457 1 1 1
v -0.4 0.4 0.4439457 1 1 1
v -0.35 0.3 0.4439457 1 1 1
v 0 0.4 0.4439457 1 1 1
v -0.05000001 0.3 0.4439457 1 1 1
v 0.8 0.4 -0.3560544 1 1 1
v 0.8 0.05 -0.3560544 1 1 1
v 0.8 0.4 0.04394564 1 1 1
v 0.8 0.05 0.04394564 1 1 1
v 0.7 0.4 -0.4560544 1 1 1
v 0.7 0.28 -0.4560544 1 1 1
v 0.7 0.12 -0.4560544 1 1 1
v 0.7 0.05 -0.4560544 1 1 1
v 0.5 0.12 -0.4560544 1 1 1
v 0.5 0.05 -0.4560544 1 1 1
v 0.52 0.1 -0.4560544 1 1 1
v 0.68 0.1 -0.4560544 1 1 1
v 0.5 0.28 -0.4560544 1 1 1
v 0.52 0.3 -0.4560544 1 1 1
v 0.5 0.4 -0.4560544 1 1 1
v 0.68 0.3 -0.4560544 1 1 1
v 0.4 0.05 -0.3560544 1 1 1
v 0.4 0.4 -0.3560544 1 1 1
v 0.8 0.8 -0.3560544 1 1 1
v 0.8 0.45 -0.3560544 1 1 1
v 0.8 0.8 0.04394564 1 1 1
v 0.8 0.45 0.04394564 1 1 1
v 0.7 0.8 -0.4560544 1 1 1
v 0.7 0.68 -0.4560544 1 1 1
v 0.7 0.52 -0.4560544 1 1 1
v 0.7 0.45 -0.4560544 1 1 1
v 0.5 0.52 -0.4560544 1 1 1
v 0.5 0.45 -0.4560544 1 1 1
v 0.52 0.5 -0.4560544 1 1 1
v 0.68 0.5 -0.4560544 1 1 1
v 0.5 0.68 -0.4560544 1 1 1
v 0.52 0.7 -0.4560544 1 1 1
v 0.5 0.8 -0.4560544 1 1 1
v 0.68 0.7 -0.4560544 1 1 1
v 0.4 0.45 -0.3560544 1 1 1
v 0.4 0.8 -0.3560544 1 1 1
v 0 0.4 -0.3560543 1 1 1
v 0 0.05 -0.3560543 1 1 1
v 0 0.4 0.04394567 1 1 1
v 0 0.05 0.04394567 1 1 1
v 0.4 0.05 -0.3560543 1 1 1
v 0.3 0.05 -0.3560543 1 1 1
v 0.4 0.4 -0.3560543 1 1 1
v 0.3 0.28 -0.3560543 1 1 1
v 0.28 0.3 -0.3560543 1 1 1
v 0.12 0.3 -0.3560543 1 1 1
v 0.1 0.28 -0.3560543 1 1 1
v 0.1 0.05 -0.3560543 1 1 1
v 0.08 0.53 -0.3560543 1 1 1
v 0.32 0.53 -0.3560543 1 1 1
v 0.05 0.53 -0.3560543 1 1 1
v 0.35 0.53 -0.3560543 1 1 1
v -3.970513E-15 0.45 -0.3560543 1 1 1
v 0.4 0.45 -0.3560543 1 1 1
v -3.970513E-15 0.8 -0.3560543 1 1 1
v 0.05 0.7 -0.3560543 1 1 1
v 0.4 0.8 -0.3560543 1 1 1
v 0.35 0.7 -0.3560543 1 1 1
v 6.631051E-15 0.8 0.04394567 1 1 1
v 6.631051E-15 0.45 0.04394567 1 1 1
v 0.72 0.53 0.4439457 1 1 1
v 0.48 0.53 0.4439457 1 1 1
v 0.75 0.53 0.4439457 1 1 1
v 0.45 0.53 0.4439457 1 1 1
v 0.8 0.45 0.4439457 1 1 1
v 0.4 0.45 0.4439457 1 1 1
v 0.8 0.8 0.4439457 1 1 1
v 0.75 0.7 0.4439457 1 1 1
v 0.4 0.8 0.4439457 1 1 1
v 0.45 0.7 0.4439457 1 1 1
v 0.8 0.8 0.04394567 1 1 1
v 0.8 0.45 0.04394567 1 1 1
v -0.72 0.13 0.4439457 1 1 1
v -0.48 0.13 0.4439457 1 1 1
v -0.75 0.13 0.4439457 1 1 1
v -0.45 0.13 0.4439457 1 1 1
v -0.8 0.05 0.4439457 1 1 1
v -0.8 0.4 0.4439457 1 1 1
v -0.75 0.3 0.4439457 1 1 1
v -0.45 0.3 0.4439457 1 1 1
v -0.8 0.4 0.04394567 1 1 1
v -0.8 0.05 0.04394567 1 1 1
v -0.08 0.13 -0.3560543 1 1 1
v -0.32 0.13 -0.3560543 1 1 1
v -0.05 0.13 -0.3560543 1 1 1
v -0.35 0.13 -0.3560543 1 1 1
v -7.183018E-14 0.05 -0.3560543 1 1 1
v -0.4 0.05 -0.3560543 1 1 1
v -7.183018E-14 0.4 -0.3560543 1 1 1
v -0.05 0.3 -0.3560543 1 1 1
v -0.4 0.4 -0.3560543 1 1 1
v -0.35 0.3 -0.3560543 1 1 1
v -0.72 0.13 -0.3560543 1 1 1
v -0.48 0.13 -0.3560543 1 1 1
v -0.75 0.13 -0.3560543 1 1 1
v -0.45 0.13 -0.3560543 1 1 1
v -0.8 0.05 -0.3560543 1 1 1
v -0.8 0.4 -0.3560543 1 1 1
v -0.75 0.3 -0.3560543 1 1 1
v -0.45 0.3 -0.3560543 1 1 1
v -7.301534E-09 0.53 0.3639457 1 1 1
v -3.591176E-08 0.53 0.1239457 1 1 1
v -5.960449E-09 0.53 0.3939457 1 1 1
v -4.172324E-08 0.53 0.09394565 1 1 1
v 1.479918E-14 0.45 0.4439457 1 1 1
v -4.76837E-08 0.45 0.04394561 1 1 1
v 1.479918E-14 0.8 0.4439457 1 1 1
v -5.960449E-09 0.7 0.3939457 1 1 1
v -4.76837E-08 0.8 0.04394561 1 1 1
v -4.172324E-08 0.7 0.09394565 1 1 1
v 0.4000001 0.8 0.4439456 1 1 1
v 0.4000001 0.45 0.4439456 1 1 1
v 0.4 0.05 0.4439456 1 1 1
v 0.3 0.05 0.4439456 1 1 1
v 0.4 0.4 0.4439456 1 1 1
v 0.3 0.28 0.4439456 1 1 1
v 0.28 0.3 0.4439456 1 1 1
v 0.12 0.3 0.4439456 1 1 1
v 0 0.4 0.4439456 1 1 1
v 0.1 0.28 0.4439456 1 1 1
v 0 0.05 0.4439456 1 1 1
v 0.1 0.05 0.4439456 1 1 1
v 0.82 4.17355E-16 0.4439457 1 1 1
v 0.8200001 4.17355E-16 0.04394569 1 1 1
v 0.82 0.05 0.4439457 1 1 1
v 0.8200001 0.05 0.04394569 1 1 1
v 0.8 4.17355E-16 0.4639457 1 1 1
v 0.8 0.05 0.4639457 1 1 1
v 0.4 4.17355E-16 0.4639457 1 1 1
v 0.4 0.05 0.4639457 1 1 1
v 0.4 4.17355E-16 0.04394563 1 1 1
v 0.05 0.8 0.04394569 1 1 1
v 0 0.8 0.04394569 1 1 1
v 0.05 0.88 0.04394569 1 1 1
v 0 0.83 0.04394569 1 1 1
v -0.02 0.83 0.04394569 1 1 1
v -0.02 0.88 0.04394569 1 1 1
v 0 0.8 0.4439457 1 1 1
v 0 0.83 0.4439457 1 1 1
v 0.4 0.8 0.4439457 1 1 1
v 0.4 0.83 0.4439457 1 1 1
v 0.4 0.88 0.4639457 1 1 1
v 0.4 0.83 0.4639457 1 1 1
v 0.4 0.88 0.3939457 1 1 1
v 0.4 0.8 0.3939457 1 1 1
v 0.05 0.88 0.3939457 1 1 1
v 0.05 0.8 0.3939457 1 1 1
v 0 0.83 0.4639457 1 1 1
v 0 0.88 0.4639457 1 1 1
v -0.02 0.83 0.4439457 1 1 1
v -0.02 0.88 0.4439457 1 1 1
v 0.75 0.8 0.04394569 1 1 1
v 0.8 0.8 0.04394569 1 1 1
v 0.75 0.88 0.04394569 1 1 1
v 0.8 0.83 0.04394569 1 1 1
v 0.82 0.83 0.04394569 1 1 1
v 0.82 0.88 0.04394569 1 1 1
v 0.8 0.83 0.4439457 1 1 1
v 0.4 0.8 0.4439457 1 1 1
v 0.4 0.83 0.4439457 1 1 1
v 0.4 0.88 0.4639457 1 1 1
v 0.4 0.83 0.4639457 1 1 1
v 0.4 0.88 0.3939457 1 1 1
v 0.4 0.8 0.3939457 1 1 1
v 0.75 0.88 0.3939457 1 1 1
v 0.75 0.8 0.3939457 1 1 1
v 0.8 0.83 0.4639457 1 1 1
v 0.8 0.88 0.4639457 1 1 1
v 0.82 0.83 0.4439457 1 1 1
v 0.82 0.88 0.4439457 1 1 1
v 0.05 0.8 0.04394566 1 1 1
v 0 0.8 0.04394566 1 1 1
v 0.05 0.88 0.04394566 1 1 1
v 0 0.83 0.04394566 1 1 1
v -0.02 0.83 0.04394566 1 1 1
v -0.02 0.88 0.04394566 1 1 1
v 0 0.8 -0.3560543 1 1 1
v 0 0.83 -0.3560543 1 1 1
v 0.4 0.8 -0.3560543 1 1 1
v 0.4 0.83 -0.3560543 1 1 1
v 0.4 0.88 -0.3760543 1 1 1
v 0.4 0.83 -0.3760543 1 1 1
v 0.4 0.88 -0.3060544 1 1 1
v 0.4 0.8 -0.3060544 1 1 1
v 0.05 0.88 -0.3060544 1 1 1
v 0.05 0.8 -0.3060544 1 1 1
v 0 0.83 -0.3760543 1 1 1
v 0 0.88 -0.3760543 1 1 1
v -0.02 0.83 -0.3560543 1 1 1
v -0.02 0.88 -0.3560543 1 1 1
v 0.8 0.8 0.04394564 1 1 1
v 0.8 0.8 -0.3560544 1 1 1
v 0.75 0.8 0.04394564 1 1 1
v 0.75 0.8 -0.3353437 1 1 1
v 0.6792893 0.8 -0.4060543 1 1 1
v 0.5207106 0.8 -0.4060543 1 1 1
v 0.4207107 0.8 -0.3060544 1 1 1
v 0.4 0.8 -0.3560544 1 1 1
v 0.4207107 0.88 -0.3060544 1 1 1
v 0.4 0.83 -0.3060544 1 1 1
v 0.3917157 0.83 -0.3060544 1 1 1
v 0.3917157 0.88 -0.3060544 1 1 1
v 0.5207106 0.88 -0.4060543 1 1 1
v 0.6792893 0.88 -0.4060543 1 1 1
v 0.75 0.88 -0.3353437 1 1 1
v 0.75 0.88 0.04394564 1 1 1
v 0.8 0.83 -0.3560544 1 1 1
v 0.8 0.83 0.04394564 1 1 1
v 0.7 0.83 -0.4560544 1 1 1
v 0.5 0.83 -0.4560544 1 1 1
v 0.4 0.83 -0.3560544 1 1 1
v 0.3917157 0.83 -0.3760543 1 1 1
v 0.4917157 0.83 -0.4760543 1 1 1
v 0.7082843 0.83 -0.4760543 1 1 1
v 0.82 0.83 -0.3643386 1 1 1
v 0.82 0.83 0.04394564 1 1 1
v 0.82 0.88 -0.3643386 1 1 1
v 0.82 0.88 0.04394564 1 1 1
v 0.7082843 0.88 -0.4760543 1 1 1
v 0.4917157 0.88 -0.4760543 1 1 1
v 0.3917157 0.88 -0.3760543 1 1 1
v 0.2 0.8 0.06394567 1 1 1
v 0.2 0.84 0.06394567 1 1 1
v 0.2 0.8 0.2239457 1 1 1
v 0.2 0.84 0.2239457 1 1 1
v 0.22 0.8 0.04394566 1 1 1
v 0.38 0.8 0.04394566 1 1 1
v 0.22 0.84 0.04394566 1 1 1
v 0.38 0.84 0.04394566 1 1 1
v 0.38 0.8 0.2439457 1 1 1
v 0.22 0.8 0.2439457 1 1 1
v 0.38 0.84 0.2439457 1 1 1
v 0.22 0.84 0.2439457 1 1 1
v 0.4 0.84 0.06394567 1 1 1
v 0.4 0.8 0.06394567 1 1 1
v 0.4 0.84 0.2239457 1 1 1
v 0.4 0.8 0.2239457 1 1 1
v -0.75 0.4 0.04394569 1 1 1
v -0.8 0.4 0.04394569 1 1 1
v -0.75 0.48 0.04394569 1 1 1
v -0.8 0.43 0.04394569 1 1 1
v -0.82 0.43 0.04394569 1 1 1
v -0.82 0.48 0.04394569 1 1 1
v -0.8 0.43 0.4439457 1 1 1
v -0.4 0.4 0.4439457 1 1 1
v -0.4 0.43 0.4439457 1 1 1
v -0.4 0.48 0.4639457 1 1 1
v -0.4 0.43 0.4639457 1 1 1
v -0.4 0.48 0.3939457 1 1 1
v -0.4 0.4 0.3939457 1 1 1
v -0.75 0.48 0.3939457 1 1 1
v -0.75 0.4 0.3939457 1 1 1
v -0.8 0.43 0.4639457 1 1 1
v -0.8 0.48 0.4639457 1 1 1
v -0.82 0.43 0.4439457 1 1 1
v -0.82 0.48 0.4439457 1 1 1
v -0.75 0.4 0.04394566 1 1 1
v -0.8 0.4 0.04394566 1 1 1
v -0.75 0.48 0.04394566 1 1 1
v -0.8 0.43 0.04394566 1 1 1
v -0.82 0.43 0.04394566 1 1 1
v -0.82 0.48 0.04394566 1 1 1
v -0.8 0.43 -0.3560543 1 1 1
v -0.4 0.4 -0.3560543 1 1 1
v -0.4 0.43 -0.3560543 1 1 1
v -0.4 0.48 -0.3760543 1 1 1
v -0.4 0.43 -0.3760543 1 1 1
v -0.4 0.48 -0.3060544 1 1 1
v -0.4 0.4 -0.3060544 1 1 1
v -0.75 0.48 -0.3060544 1 1 1
v -0.75 0.4 -0.3060544 1 1 1
v -0.8 0.43 -0.3760543 1 1 1
v -0.8 0.48 -0.3760543 1 1 1
v -0.82 0.43 -0.3560543 1 1 1
v -0.82 0.48 -0.3560543 1 1 1
v 5.960464E-08 0.43 -0.3560543 1 1 1
v 5.960464E-08 0.43 -0.3760543 1 1 1
v -0.4 0.43 -0.3560544 1 1 1
v -0.4 0.43 -0.3760544 1 1 1
v 5.960464E-08 0.4 -0.3560543 1 1 1
v -0.4 0.4 -0.3560544 1 1 1
v 4.470348E-08 0.48 -0.3060543 1 1 1
v 4.470348E-08 0.4 -0.3060543 1 1 1
v -0.4 0.48 -0.3060544 1 1 1
v -0.4 0.4 -0.3060544 1 1 1
v 5.960464E-08 0.48 -0.3760543 1 1 1
v -0.4 0.48 -0.3760544 1 1 1
v 5.960464E-08 0.43 0.4439457 1 1 1
v -0.4 0.43 0.4439457 1 1 1
v 5.960464E-08 0.43 0.4639457 1 1 1
v -0.4 0.43 0.4639457 1 1 1
v -0.4 0.4 0.4439457 1 1 1
v 5.960464E-08 0.4 0.4439457 1 1 1
v -0.4 0.48 0.3939457 1 1 1
v -0.4 0.4 0.3939457 1 1 1
v 4.470348E-08 0.48 0.3939457 1 1 1
v 4.470348E-08 0.4 0.3939457 1 1 1
v 5.960464E-08 0.48 0.4639457 1 1 1
v -0.4 0.48 0.4639457 1 1 1
v -0.5 0.4 0.06394567 1 1 1
v -0.5 0.44 0.06394567 1 1 1
v -0.5 0.4 0.2239457 1 1 1
v -0.5 0.44 0.2239457 1 1 1
v -0.48 0.4 0.04394566 1 1 1
v -0.42 0.4 0.04394566 1 1 1
v -0.48 0.44 0.04394566 1 1 1
v -0.42 0.44 0.04394566 1 1 1
v -0.42 0.4 0.2439457 1 1 1
v -0.48 0.4 0.2439457 1 1 1
v -0.42 0.44 0.2439457 1 1 1
v -0.48 0.44 0.2439457 1 1 1
v -0.4 0.44 0.06394567 1 1 1
v -0.4 0.4 0.06394567 1 1 1
v -0.4 0.44 0.2239457 1 1 1
v -0.4 0.4 0.2239457 1 1 1
v -0.66 0.4 0.06394567 1 1 1
v -0.66 0.44 0.06394567 1 1 1
v -0.66 0.4 0.2239457 1 1 1
v -0.66 0.44 0.2239457 1 1 1
v -0.64 0.4 0.04394566 1 1 1
v -0.58 0.4 0.04394566 1 1 1
v -0.64 0.44 0.04394566 1 1 1
v -0.58 0.44 0.04394566 1 1 1
v -0.58 0.4 0.2439457 1 1 1
v -0.64 0.4 0.2439457 1 1 1
v -0.58 0.44 0.2439457 1 1 1
v -0.64 0.44 0.2439457 1 1 1
v -0.56 0.44 0.06394567 1 1 1
v -0.56 0.4 0.06394567 1 1 1
v -0.56 0.44 0.2239457 1 1 1
v -0.56 0.4 0.2239457 1 1 1
v 0.6781429 0.834 0.2765547 1 1 1
v 0.6695026 0.834 0.2974144 1 1 1
v 0.6928929 0.8635 0.2765547 1 1 1
v 0.6799324 0.8635 0.3078442 1 1 1
v 0.6191429 0.834 0.2765547 1 1 1
v 0.6043929 0.8635 0.2765547 1 1 1
v 0.6277832 0.834 0.2974144 1 1 1
v 0.6173534 0.8635 0.3078442 1 1 1
v 0.6695026 0.8 0.2974144 1 1 1
v 0.6486429 0.8 0.3060547 1 1 1
v 0.6486429 0.834 0.3060547 1 1 1
v 0.6799324 0.8635 0.2452653 1 1 1
v 0.6695026 0.834 0.2556951 1 1 1
v 0.6486429 0.8635 0.3208047 1 1 1
v 0.6486429 0.834 0.2470547 1 1 1
v 0.6486429 0.8635 0.2323047 1 1 1
v 0.6277832 0.834 0.2556951 1 1 1
v 0.6173534 0.8635 0.2452653 1 1 1
v 0.6781429 0.893 0.2765547 1 1 1
v 0.6695026 0.893 0.2974144 1 1 1
v 0.6277832 0.8 0.2974144 1 1 1
v 0.6277832 0.8 0.2556951 1 1 1
v 0.6486429 0.8 0.2470547 1 1 1
v 0.6191429 0.8 0.2765547 1 1 1
v 0.6277832 0.893 0.2556951 1 1 1
v 0.6486429 0.893 0.2470547 1 1 1
v 0.6695026 0.893 0.2556951 1 1 1
v 0.6486429 0.893 0.3060547 1 1 1
v 0.6277832 0.893 0.2974144 1 1 1
v 0.6191429 0.893 0.2765547 1 1 1
v 0.6695026 0.8 0.2556951 1 1 1
v 0.6781429 0.8 0.2765547 1 1 1
v 0.5781429 0.834 0.2765547 1 1 1
v 0.5695026 0.834 0.2974144 1 1 1
v 0.5928929 0.8635 0.2765547 1 1 1
v 0.5799324 0.8635 0.3078442 1 1 1
v 0.5191429 0.834 0.2765547 1 1 1
v 0.5043929 0.8635 0.2765547 1 1 1
v 0.5277833 0.834 0.2974144 1 1 1
v 0.5173535 0.8635 0.3078442 1 1 1
v 0.5695026 0.8 0.2974144 1 1 1
v 0.5486429 0.8 0.3060547 1 1 1
v 0.5486429 0.834 0.3060547 1 1 1
v 0.5799324 0.8635 0.2452653 1 1 1
v 0.5695026 0.834 0.2556951 1 1 1
v 0.5486429 0.8635 0.3208047 1 1 1
v 0.5486429 0.834 0.2470547 1 1 1
v 0.5486429 0.8635 0.2323047 1 1 1
v 0.5277833 0.834 0.2556951 1 1 1
v 0.5173535 0.8635 0.2452653 1 1 1
v 0.5781429 0.893 0.2765547 1 1 1
v 0.5695026 0.893 0.2974144 1 1 1
v 0.5277833 0.8 0.2974144 1 1 1
v 0.5277833 0.8 0.2556951 1 1 1
v 0.5486429 0.8 0.2470547 1 1 1
v 0.5191429 0.8 0.2765547 1 1 1
v 0.5277833 0.893 0.2556951 1 1 1
v 0.5486429 0.893 0.2470547 1 1 1
v 0.5695026 0.893 0.2556951 1 1 1
v 0.5486429 0.893 0.3060547 1 1 1
v 0.5277833 0.893 0.2974144 1 1 1
v 0.5191429 0.893 0.2765547 1 1 1
v 0.5695026 0.8 0.2556951 1 1 1
v 0.5781429 0.8 0.2765547 1 1 1
v -0.32 0.27 0.4439457 1 1 1
v -0.32 0.27 0.4639457 1 1 1
v -0.08000001 0.27 0.4439457 1 1 1
v -0.08000001 0.27 0.4639457 1 1 1
v -0.32 0.13 0.4639457 1 1 1
v -0.08000001 0.13 0.4639457 1 1 1
v -0.4 0.05 0.4639457 1 1 1
v 0 0.05 0.4639457 1 1 1
v 0 4.17355E-16 0.4639457 1 1 1
v -0.4 4.17355E-16 0.4639457 1 1 1
v -0.05000001 0.13 0.4639457 1 1 1
v -0.05000001 0.3 0.4639457 1 1 1
v -0.35 0.3 0.4639457 1 1 1
v -0.35 0.13 0.4639457 1 1 1
v -0.4 4.17355E-16 0.04394567 1 1 1
v 0 4.17355E-16 0.04394567 1 1 1
v -0.35 0.13 0.4839459 1 1 1
v -0.35 0.13 0.4639459 1 1 1
v -0.33 0.13 0.5039459 1 1 1
v -0.32 0.13 0.4639459 1 1 1
v -0.06999996 0.13 0.5039459 1 1 1
v -0.32 0.13 0.4439459 1 1 1
v -0.07999995 0.13 0.4639459 1 1 1
v -0.07999995 0.13 0.4439459 1 1 1
v -0.04999995 0.13 0.4639459 1 1 1
v -0.04999995 0.13 0.4839459 1 1 1
v -0.06999996 0.11 0.5039459 1 1 1
v -0.33 0.11 0.5039459 1 1 1
v -0.35 0.11 0.4439459 1 1 1
v -0.35 0.11 0.4839459 1 1 1
v -0.04999995 0.11 0.4439459 1 1 1
v -0.04999995 0.11 0.4839459 1 1 1
v -0.04999995 0.13 0.4439459 1 1 1
v -0.35 0.13 0.4439459 1 1 1
v -0.3 0.25 0.4439454 1 1 1
v -0.21 0.25 0.4439454 1 1 1
v -0.3 0.25 0.4239455 1 1 1
v -0.09999996 0.25 0.4239455 1 1 1
v -0.19 0.25 0.4439454 1 1 1
v -0.09999996 0.25 0.4439454 1 1 1
v -0.09999996 0.15 0.4439454 1 1 1
v -0.09999996 0.15 0.4239455 1 1 1
v -0.3 0.15 0.4439454 1 1 1
v -0.3 0.15 0.4239455 1 1 1
v -0.21 0.15 0.4439454 1 1 1
v -0.19 0.15 0.4439454 1 1 1
v -0.07999995 0.27 0.4439454 1 1 1
v -0.07999995 0.13 0.4439454 1 1 1
v -0.32 0.13 0.4439454 1 1 1
v -0.32 0.27 0.4439454 1 1 1
v 0.82 2.819966E-16 0.04394564 1 1 1
v 0.82 2.819966E-16 -0.3643386 1 1 1
v 0.4 2.819966E-16 0.04394564 1 1 1
v 0.7082843 2.819966E-16 -0.4760543 1 1 1
v 0.4917157 2.819966E-16 -0.4760543 1 1 1
v 0.4 2.819966E-16 -0.3560544 1 1 1
v 0.3858579 2.819966E-16 -0.3701965 1 1 1
v 0.82 0.05 -0.3643386 1 1 1
v 0.82 0.05 0.04394564 1 1 1
v 0.7082843 0.05 -0.4760543 1 1 1
v 0.4917157 0.05 -0.4760543 1 1 1
v 0.3858579 0.05 -0.3701965 1 1 1
v 0.53 0.27 -0.4760543 1 1 1
v 0.53 0.13 -0.4760543 1 1 1
v 0.53 0.27 -0.4560544 1 1 1
v 0.53 0.13 -0.4560544 1 1 1
v 0.67 0.27 -0.4560544 1 1 1
v 0.67 0.27 -0.4760543 1 1 1
v 0.67 0.13 -0.4760543 1 1 1
v 0.67 0.13 -0.4560544 1 1 1
v 0.68 0.1 -0.4760543 1 1 1
v 0.52 0.1 -0.4760543 1 1 1
v 0.7 0.28 -0.4760543 1 1 1
v 0.7 0.12 -0.4760543 1 1 1
v 0.68 0.3 -0.4760543 1 1 1
v 0.52 0.3 -0.4760543 1 1 1
v 0.5 0.28 -0.4760543 1 1 1
v 0.5 0.12 -0.4760543 1 1 1
v 0.65 0.25 -0.4560544 1 1 1
v 0.65 0.25 -0.4360543 1 1 1
v 0.65 0.15 -0.4560544 1 1 1
v 0.65 0.15 -0.4360543 1 1 1
v 0.55 0.25 -0.4560544 1 1 1
v 0.55 0.15 -0.4560544 1 1 1
v 0.55 0.25 -0.4360543 1 1 1
v 0.55 0.15 -0.4360543 1 1 1
v 0.53 0.27 -0.4560544 1 1 1
v 0.53 0.13 -0.4560544 1 1 1
v 0.67 0.27 -0.4560544 1 1 1
v 0.67 0.13 -0.4560544 1 1 1
v 0.82 0.4 0.04394564 1 1 1
v 0.82 0.4 -0.3643386 1 1 1
v 0.4 0.4 0.04394564 1 1 1
v 0.7082843 0.4 -0.4760543 1 1 1
v 0.4917157 0.4 -0.4760543 1 1 1
v 0.3858579 0.4 -0.3701965 1 1 1
v 0.82 0.45 -0.3643386 1 1 1
v 0.82 0.45 0.04394564 1 1 1
v 0.7082843 0.45 -0.4760543 1 1 1
v 0.4917157 0.45 -0.4760543 1 1 1
v 0.3858579 0.45 -0.3701965 1 1 1
v 0.53 0.67 -0.4760543 1 1 1
v 0.53 0.53 -0.4760543 1 1 1
v 0.53 0.67 -0.4560544 1 1 1
v 0.53 0.53 -0.4560544 1 1 1
v 0.67 0.67 -0.4560544 1 1 1
v 0.67 0.67 -0.4760543 1 1 1
v 0.67 0.53 -0.4760543 1 1 1
v 0.67 0.53 -0.4560544 1 1 1
v 0.68 0.5 -0.4760543 1 1 1
v 0.52 0.5 -0.4760543 1 1 1
v 0.7 0.68 -0.4760543 1 1 1
v 0.7 0.52 -0.4760543 1 1 1
v 0.68 0.7 -0.4760543 1 1 1
v 0.52 0.7 -0.4760543 1 1 1
v 0.5 0.68 -0.4760543 1 1 1
v 0.5 0.52 -0.4760543 1 1 1
v 0.65 0.65 -0.4560544 1 1 1
v 0.65 0.65 -0.4360543 1 1 1
v 0.65 0.55 -0.4560544 1 1 1
v 0.65 0.55 -0.4360543 1 1 1
v 0.55 0.65 -0.4560544 1 1 1
v 0.55 0.55 -0.4560544 1 1 1
v 0.55 0.65 -0.4360543 1 1 1
v 0.55 0.55 -0.4360543 1 1 1
v 0.53 0.67 -0.4560544 1 1 1
v 0.53 0.53 -0.4560544 1 1 1
v 0.67 0.67 -0.4560544 1 1 1
v 0.67 0.53 -0.4560544 1 1 1
v 0.13 4.513206E-16 -0.3760543 1 1 1
v 0.13 0.27 -0.3760543 1 1 1
v 0.13 4.618473E-16 -0.3560543 1 1 1
v 0.13 0.27 -0.3560543 1 1 1
v 0.27 0.27 -0.3760543 1 1 1
v 0.27 4.513206E-16 -0.3760543 1 1 1
v 0.27 0.27 -0.3560543 1 1 1
v 0.27 4.618473E-16 -0.3560543 1 1 1
v -0.02 0.05 -0.3560543 1 1 1
v -0.02 2.707168E-16 -0.3560543 1 1 1
v -0.02 0.05 0.04394567 1 1 1
v -0.02 2.813694E-16 0.04394567 1 1 1
v 0.3 0.05 -0.3760543 1 1 1
v 0.4 0.05 -0.3760543 1 1 1
v 0.3 0.28 -0.3760543 1 1 1
v 0.4 2.708428E-16 -0.3760543 1 1 1
v 0.1 0.28 -0.3760543 1 1 1
v 0.28 0.3 -0.3760543 1 1 1
v 0.12 0.3 -0.3760543 1 1 1
v 0.1 0.05 -0.3760543 1 1 1
v 0 0.05 -0.3760543 1 1 1
v 0 2.951879E-16 -0.3760543 1 1 1
v 0.16 0.24 -0.3360543 1 1 1
v 0.16 0.24 -0.3560543 1 1 1
v 0.24 0.24 -0.3360543 1 1 1
v 0.24 0.24 -0.3560543 1 1 1
v 0.16 0.03 -0.3560543 1 1 1
v 0.16 0.03 -0.3360543 1 1 1
v 0.24 0.03 -0.3560543 1 1 1
v 0.24 0.03 -0.3360543 1 1 1
v 0.24 0.15 -0.3560543 1 1 1
v 0.24 0.12 -0.3560543 1 1 1
v 0.16 0.12 -0.3560543 1 1 1
v 0.16 0.15 -0.3560543 1 1 1
v 0.4 2.813694E-16 0.04394567 1 1 1
v 0.1600001 0.1142649 -0.3560543 1 1 1
v 0.1600001 0.1142649 -0.3670543 1 1 1
v 0.14073 0.1142649 -0.3560543 1 1 1
v 0.14073 0.1142649 -0.3670543 1 1 1
v 0.1600001 0.1557351 -0.3670543 1 1 1
v 0.1600001 0.1557351 -0.3560543 1 1 1
v 0.14073 0.1557351 -0.3670543 1 1 1
v 0.14073 0.1557351 -0.3560543 1 1 1
v 0.1473158 0.1332044 -0.3670545 1 1 1
v 0.1473158 0.1463153 -0.3670545 1 1 1
v 0.1782294 0.1332044 -0.3670545 1 1 1
v 0.1782294 0.1463153 -0.3670545 1 1 1
v 0.1473158 0.1332044 -0.3780545 1 1 1
v 0.1782294 0.1332044 -0.3780545 1 1 1
v 0.1473158 0.1463153 -0.3780545 1 1 1
v 0.1782294 0.1463153 -0.3780545 1 1 1
v 0.08 0.67 -0.3760543 1 1 1
v 0.32 0.67 -0.3760543 1 1 1
v 0.08 0.67 -0.3560543 1 1 1
v 0.32 0.67 -0.3560543 1 1 1
v -0.02 0.4 0.04394567 1 1 1
v -0.02 0.4 -0.3560543 1 1 1
v 0.4 0.4 0.04394567 1 1 1
v -4.500591E-15 0.4 -0.3760543 1 1 1
v 0.4 0.4 -0.3760543 1 1 1
v 0.08 0.53 -0.3760543 1 1 1
v 0.32 0.53 -0.3760543 1 1 1
v 0.4 0.45 -0.3760543 1 1 1
v -4.500591E-15 0.45 -0.3760543 1 1 1
v -0.02 0.45 0.04394567 1 1 1
v -0.02 0.45 -0.3560543 1 1 1
v 0.35 0.53 -0.3760543 1 1 1
v 0.35 0.7 -0.3760543 1 1 1
v 0.05 0.7 -0.3760543 1 1 1
v 0.05 0.53 -0.3760543 1 1 1
v 0.05000004 0.53 -0.3960545 1 1 1
v 0.05000004 0.53 -0.3760546 1 1 1
v 0.07000005 0.53 -0.4160545 1 1 1
v 0.08000004 0.53 -0.3760546 1 1 1
v 0.33 0.53 -0.4160545 1 1 1
v 0.08000004 0.53 -0.3560545 1 1 1
v 0.3200001 0.53 -0.3760546 1 1 1
v 0.3200001 0.53 -0.3560545 1 1 1
v 0.3500001 0.53 -0.3760546 1 1 1
v 0.3500001 0.53 -0.3960545 1 1 1
v 0.33 0.51 -0.4160545 1 1 1
v 0.07000005 0.51 -0.4160545 1 1 1
v 0.05000004 0.51 -0.3560545 1 1 1
v 0.05000004 0.51 -0.3960545 1 1 1
v 0.3500001 0.51 -0.3560545 1 1 1
v 0.3500001 0.51 -0.3960545 1 1 1
v 0.3500001 0.53 -0.3560545 1 1 1
v 0.05000004 0.53 -0.3560545 1 1 1
v 0.1 0.65 -0.3560541 1 1 1
v 0.19 0.65 -0.3560541 1 1 1
v 0.1 0.65 -0.3360541 1 1 1
v 0.3 0.65 -0.3360541 1 1 1
v 0.2100001 0.65 -0.3560541 1 1 1
v 0.3 0.65 -0.3560541 1 1 1
v 0.3 0.55 -0.3560541 1 1 1
v 0.3 0.55 -0.3360541 1 1 1
v 0.1 0.55 -0.3560541 1 1 1
v 0.1 0.55 -0.3360541 1 1 1
v 0.19 0.55 -0.3560541 1 1 1
v 0.2100001 0.55 -0.3560541 1 1 1
v 0.3200001 0.67 -0.3560541 1 1 1
v 0.3200001 0.53 -0.3560541 1 1 1
v 0.08000004 0.53 -0.3560541 1 1 1
v 0.08000004 0.67 -0.3560541 1 1 1
v 0.72 0.67 0.4639457 1 1 1
v 0.48 0.67 0.4639457 1 1 1
v 0.72 0.67 0.4439457 1 1 1
v 0.48 0.67 0.4439457 1 1 1
v 0.82 0.4 0.04394567 1 1 1
v 0.82 0.4 0.4439457 1 1 1
v 0.8 0.4 0.4639457 1 1 1
v 0.4 0.4 0.4639457 1 1 1
v 0.72 0.53 0.4639457 1 1 1
v 0.48 0.53 0.4639457 1 1 1
v 0.4 0.45 0.4639457 1 1 1
v 0.8 0.45 0.4639457 1 1 1
v 0.82 0.45 0.04394567 1 1 1
v 0.82 0.45 0.4439457 1 1 1
v 0.45 0.53 0.4639457 1 1 1
v 0.45 0.7 0.4639457 1 1 1
v 0.75 0.7 0.4639457 1 1 1
v 0.75 0.53 0.4639457 1 1 1
v 0.75 0.53 0.4839459 1 1 1
v 0.75 0.53 0.4639459 1 1 1
v 0.73 0.53 0.5039459 1 1 1
v 0.72 0.53 0.4639459 1 1 1
v 0.47 0.53 0.5039459 1 1 1
v 0.72 0.53 0.4439459 1 1 1
v 0.48 0.53 0.4639459 1 1 1
v 0.48 0.53 0.4439459 1 1 1
v 0.45 0.53 0.4639459 1 1 1
v 0.45 0.53 0.4839459 1 1 1
v 0.47 0.51 0.5039459 1 1 1
v 0.73 0.51 0.5039459 1 1 1
v 0.75 0.51 0.4439459 1 1 1
v 0.75 0.51 0.4839459 1 1 1
v 0.45 0.51 0.4439459 1 1 1
v 0.45 0.51 0.4839459 1 1 1
v 0.45 0.53 0.4439459 1 1 1
v 0.75 0.53 0.4439459 1 1 1
v 0.7 0.65 0.4439454 1 1 1
v 0.61 0.65 0.4439454 1 1 1
v 0.7 0.65 0.4239455 1 1 1
v 0.5 0.65 0.4239455 1 1 1
v 0.59 0.65 0.4439454 1 1 1
v 0.5 0.65 0.4439454 1 1 1
v 0.5 0.55 0.4439454 1 1 1
v 0.5 0.55 0.4239455 1 1 1
v 0.7 0.55 0.4439454 1 1 1
v 0.7 0.55 0.4239455 1 1 1
v 0.61 0.55 0.4439454 1 1 1
v 0.59 0.55 0.4439454 1 1 1
v 0.48 0.67 0.4439454 1 1 1
v 0.48 0.53 0.4439454 1 1 1
v 0.72 0.53 0.4439454 1 1 1
v 0.72 0.67 0.4439454 1 1 1
v -0.72 0.27 0.4639457 1 1 1
v -0.48 0.27 0.4639457 1 1 1
v -0.72 0.27 0.4439457 1 1 1
v -0.48 0.27 0.4439457 1 1 1
v -0.82 4.060752E-16 0.04394567 1 1 1
v -0.82 4.060752E-16 0.4439457 1 1 1
v -0.4 4.060752E-16 0.04394567 1 1 1
v -0.8 4.060752E-16 0.4639457 1 1 1
v -0.4 4.060752E-16 0.4639457 1 1 1
v -0.72 0.13 0.4639457 1 1 1
v -0.48 0.13 0.4639457 1 1 1
v -0.8 0.05 0.4639457 1 1 1
v -0.82 0.05 0.04394567 1 1 1
v -0.82 0.05 0.4439457 1 1 1
v -0.45 0.13 0.4639457 1 1 1
v -0.45 0.3 0.4639457 1 1 1
v -0.75 0.3 0.4639457 1 1 1
v -0.75 0.13 0.4639457 1 1 1
v -0.75 0.13 0.4839459 1 1 1
v -0.75 0.13 0.4639459 1 1 1
v -0.73 0.13 0.5039459 1 1 1
v -0.72 0.13 0.4639459 1 1 1
v -0.47 0.13 0.5039459 1 1 1
v -0.72 0.13 0.4439459 1 1 1
v -0.48 0.13 0.4639459 1 1 1
v -0.48 0.13 0.4439459 1 1 1
v -0.45 0.13 0.4639459 1 1 1
v -0.45 0.13 0.4839459 1 1 1
v -0.47 0.11 0.5039459 1 1 1
v -0.73 0.11 0.5039459 1 1 1
v -0.75 0.11 0.4439459 1 1 1
v -0.75 0.11 0.4839459 1 1 1
v -0.45 0.11 0.4439459 1 1 1
v -0.45 0.11 0.4839459 1 1 1
v -0.45 0.13 0.4439459 1 1 1
v -0.75 0.13 0.4439459 1 1 1
v -0.7 0.25 0.4439454 1 1 1
v -0.61 0.25 0.4439454 1 1 1
v -0.7 0.25 0.4239455 1 1 1
v -0.5 0.25 0.4239455 1 1 1
v -0.59 0.25 0.4439454 1 1 1
v -0.5 0.25 0.4439454 1 1 1
v -0.5 0.15 0.4439454 1 1 1
v -0.5 0.15 0.4239455 1 1 1
v -0.7 0.15 0.4439454 1 1 1
v -0.7 0.15 0.4239455 1 1 1
v -0.61 0.15 0.4439454 1 1 1
v -0.59 0.15 0.4439454 1 1 1
v -0.48 0.27 0.4439454 1 1 1
v -0.48 0.13 0.4439454 1 1 1
v -0.72 0.13 0.4439454 1 1 1
v -0.72 0.27 0.4439454 1 1 1
v -0.08 0.27 -0.3560543 1 1 1
v -0.08 0.27 -0.3760543 1 1 1
v -0.32 0.27 -0.3560543 1 1 1
v -0.32 0.27 -0.3760543 1 1 1
v -0.08 0.13 -0.3760543 1 1 1
v -0.32 0.13 -0.3760543 1 1 1
v -7.183018E-14 0.05 -0.3760543 1 1 1
v -0.4 0.05 -0.3760543 1 1 1
v -0.4 4.060752E-16 -0.3760543 1 1 1
v -7.183018E-14 4.060752E-16 -0.3760543 1 1 1
v -0.35 0.13 -0.3760543 1 1 1
v -0.35 0.3 -0.3760543 1 1 1
v -0.05 0.3 -0.3760543 1 1 1
v -0.05 0.13 -0.3760543 1 1 1
v -7.183018E-14 4.060752E-16 0.04394567 1 1 1
v -0.05000004 0.13 -0.3960545 1 1 1
v -0.05000004 0.13 -0.3760546 1 1 1
v -0.07000005 0.13 -0.4160545 1 1 1
v -0.08000004 0.13 -0.3760546 1 1 1
v -0.33 0.13 -0.4160545 1 1 1
v -0.08000004 0.13 -0.3560545 1 1 1
v -0.3200001 0.13 -0.3760546 1 1 1
v -0.3200001 0.13 -0.3560545 1 1 1
v -0.3500001 0.13 -0.3760546 1 1 1
v -0.3500001 0.13 -0.3960545 1 1 1
v -0.33 0.11 -0.4160545 1 1 1
v -0.07000005 0.11 -0.4160545 1 1 1
v -0.05000004 0.11 -0.3560545 1 1 1
v -0.05000004 0.11 -0.3960545 1 1 1
v -0.3500001 0.11 -0.3560545 1 1 1
v -0.3500001 0.11 -0.3960545 1 1 1
v -0.3500001 0.13 -0.3560545 1 1 1
v -0.05000004 0.13 -0.3560545 1 1 1
v -0.1 0.25 -0.3560541 1 1 1
v -0.19 0.25 -0.3560541 1 1 1
v -0.1 0.25 -0.3360541 1 1 1
v -0.3 0.25 -0.3360541 1 1 1
v -0.2100001 0.25 -0.3560541 1 1 1
v -0.3 0.25 -0.3560541 1 1 1
v -0.3 0.15 -0.3560541 1 1 1
v -0.3 0.15 -0.3360541 1 1 1
v -0.1 0.15 -0.3560541 1 1 1
v -0.1 0.15 -0.3360541 1 1 1
v -0.19 0.15 -0.3560541 1 1 1
v -0.2100001 0.15 -0.3560541 1 1 1
v -0.3200001 0.27 -0.3560541 1 1 1
v -0.3200001 0.13 -0.3560541 1 1 1
v -0.08000004 0.13 -0.3560541 1 1 1
v -0.08000004 0.27 -0.3560541 1 1 1
v -0.72 0.27 -0.3760543 1 1 1
v -0.48 0.27 -0.3760543 1 1 1
v -0.72 0.27 -0.3560543 1 1 1
v -0.48 0.27 -0.3560543 1 1 1
v -0.82 4.060752E-16 -0.3560543 1 1 1
v -0.8 4.060752E-16 -0.3760543 1 1 1
v -0.72 0.13 -0.3760543 1 1 1
v -0.48 0.13 -0.3760543 1 1 1
v -0.8 0.05 -0.3760543 1 1 1
v -0.82 0.05 -0.3560543 1 1 1
v -0.45 0.13 -0.3760543 1 1 1
v -0.45 0.3 -0.3760543 1 1 1
v -0.75 0.3 -0.3760543 1 1 1
v -0.75 0.13 -0.3760543 1 1 1
v -0.75 0.13 -0.3960545 1 1 1
v -0.75 0.13 -0.3760546 1 1 1
v -0.73 0.13 -0.4160545 1 1 1
v -0.72 0.13 -0.3760546 1 1 1
v -0.47 0.13 -0.4160545 1 1 1
v -0.72 0.13 -0.3560545 1 1 1
v -0.48 0.13 -0.3760546 1 1 1
v -0.48 0.13 -0.3560545 1 1 1
v -0.45 0.13 -0.3760546 1 1 1
v -0.45 0.13 -0.3960545 1 1 1
v -0.47 0.11 -0.4160545 1 1 1
v -0.73 0.11 -0.4160545 1 1 1
v -0.75 0.11 -0.3560545 1 1 1
v -0.75 0.11 -0.3960545 1 1 1
v -0.45 0.11 -0.3560545 1 1 1
v -0.45 0.11 -0.3960545 1 1 1
v -0.45 0.13 -0.3560545 1 1 1
v -0.75 0.13 -0.3560545 1 1 1
v -0.7 0.25 -0.3560541 1 1 1
v -0.61 0.25 -0.3560541 1 1 1
v -0.7 0.25 -0.3360541 1 1 1
v -0.5 0.25 -0.3360541 1 1 1
v -0.59 0.25 -0.3560541 1 1 1
v -0.5 0.25 -0.3560541 1 1 1
v -0.5 0.15 -0.3560541 1 1 1
v -0.5 0.15 -0.3360541 1 1 1
v -0.7 0.15 -0.3560541 1 1 1
v -0.7 0.15 -0.3360541 1 1 1
v -0.61 0.15 -0.3560541 1 1 1
v -0.59 0.15 -0.3560541 1 1 1
v -0.48 0.27 -0.3560541 1 1 1
v -0.48 0.13 -0.3560541 1 1 1
v -0.72 0.13 -0.3560541 1 1 1
v -0.72 0.27 -0.3560541 1 1 1
v -0.02000001 0.67 0.3639457 1 1 1
v -0.02000004 0.67 0.1239457 1 1 1
v -7.301534E-09 0.67 0.3639457 1 1 1
v -3.591176E-08 0.67 0.1239457 1 1 1
v 0.4000001 0.4 0.4639456 1 1 1
v 2.384201E-09 0.4 0.4639457 1 1 1
v 0.4 0.4 0.04394555 1 1 1
v -0.02 0.4 0.4439457 1 1 1
v -0.02000005 0.4 0.04394561 1 1 1
v -0.02000001 0.53 0.3639457 1 1 1
v -0.02000004 0.53 0.1239457 1 1 1
v -0.02000005 0.45 0.04394561 1 1 1
v -0.02 0.45 0.4439457 1 1 1
v 0.4000001 0.45 0.4639456 1 1 1
v 2.384201E-09 0.45 0.4639457 1 1 1
v -0.02000004 0.53 0.09394565 1 1 1
v -0.02000004 0.7 0.09394565 1 1 1
v -0.02000001 0.7 0.3939457 1 1 1
v -0.02000001 0.53 0.3939457 1 1 1
v -0.03999995 0.53 0.3939459 1 1 1
v -0.01999995 0.53 0.3939459 1 1 1
v -0.05999996 0.53 0.3739459 1 1 1
v -0.01999996 0.53 0.3639459 1 1 1
v -0.05999999 0.53 0.1139459 1 1 1
v 4.842879E-08 0.53 0.3639459 1 1 1
v -0.01999998 0.53 0.1239459 1 1 1
v 1.862647E-08 0.53 0.1239459 1 1 1
v -0.01999999 0.53 0.09394583 1 1 1
v -0.03999999 0.53 0.09394583 1 1 1
v -0.05999999 0.51 0.1139459 1 1 1
v -0.05999996 0.51 0.3739459 1 1 1
v 4.842879E-08 0.51 0.3939459 1 1 1
v -0.03999995 0.51 0.3939459 1 1 1
v 1.117589E-08 0.51 0.09394583 1 1 1
v -0.03999999 0.51 0.09394583 1 1 1
v 1.117589E-08 0.53 0.09394583 1 1 1
v 4.842879E-08 0.53 0.3939459 1 1 1
v 9.313373E-10 0.65 0.3439459 1 1 1
v -1.024453E-08 0.65 0.2539459 1 1 1
v 0.02 0.65 0.3439459 1 1 1
v 0.01999998 0.65 0.1439458 1 1 1
v -1.210718E-08 0.65 0.2339459 1 1 1
v -2.328305E-08 0.65 0.1439458 1 1 1
v -2.328305E-08 0.55 0.1439458 1 1 1
v 0.01999998 0.55 0.1439458 1 1 1
v 9.313373E-10 0.55 0.3439459 1 1 1
v 0.02 0.55 0.3439459 1 1 1
v -1.024453E-08 0.55 0.2539459 1 1 1
v -1.210718E-08 0.55 0.2339459 1 1 1
v -2.51457E-08 0.67 0.1239459 1 1 1
v -2.51457E-08 0.53 0.1239459 1 1 1
v 2.793983E-09 0.53 0.3639459 1 1 1
v 2.793983E-09 0.67 0.3639459 1 1 1
v 0.3 0.05 0.4639457 1 1 1
v 0.3 0.28 0.4639457 1 1 1
v 0.4 0.05 0.4639457 1 1 1
v 0.1 0.05 0.4639457 1 1 1
v 0 4.21021E-16 0.04394566 1 1 1
v 0.4 4.21021E-16 0.04394566 1 1 1
v 0.13 6.014988E-16 0.4439456 1 1 1
v 0.13 6.014988E-16 0.4639457 1 1 1
v 0.27 6.014988E-16 0.4439456 1 1 1
v 0.27 6.014988E-16 0.4639457 1 1 1
v 0.4 4.21021E-16 0.4639457 1 1 1
v 0.12 0.3 0.4639457 1 1 1
v 0.28 0.3 0.4639457 1 1 1
v 0.1 0.28 0.4639457 1 1 1
v 0.27 0.27 0.4639457 1 1 1
v 0.13 0.27 0.4639457 1 1 1
v 0.13 0.27 0.4439456 1 1 1
v 0.27 0.27 0.4439456 1 1 1
v 0.2332117 0.09534679 0.4439456 1 1 1
v 0.2332117 0.09534679 0.4549456 1 1 1
v 0.2524817 0.09534679 0.4439456 1 1 1
v 0.2524817 0.09534679 0.4549456 1 1 1
v 0.2332117 0.136817 0.4549456 1 1 1
v 0.2332117 0.136817 0.4439456 1 1 1
v 0.2524817 0.136817 0.4549456 1 1 1
v 0.2524817 0.136817 0.4439456 1 1 1
v 0.2458959 0.1142863 0.4549458 1 1 1
v 0.2458959 0.1273973 0.4549458 1 1 1
v 0.2149824 0.1142863 0.4549458 1 1 1
v 0.2149824 0.1273973 0.4549458 1 1 1
v 0.2458959 0.1142863 0.4659458 1 1 1
v 0.2149824 0.1142863 0.4659458 1 1 1
v 0.2458959 0.1273973 0.4659458 1 1 1
v 0.2149824 0.1273973 0.4659458 1 1 1
v 0.06000003 3.609557E-16 -0.4260545 1 1 1
v 0.03000003 3.609557E-16 -0.4260545 1 1 1
v 0.06000003 0.349 -0.4260545 1 1 1
v 0.03000003 0.349 -0.4260545 1 1 1
v 0.06000003 0.34 -0.4560545 1 1 1
v 0.06000003 4.060752E-16 -0.4560545 1 1 1
v 0.03000003 4.060752E-16 -0.4560545 1 1 1
v 0.03000003 0.34 -0.4560545 1 1 1
v 0.34 4.511946E-17 -0.4560545 1 1 1
v 0.37 4.511946E-17 -0.4560545 1 1 1
v 0.34 0.34 -0.4560545 1 1 1
v 0.37 0.34 -0.4560545 1 1 1
v 0.37 0 -0.4260545 1 1 1
v 0.34 0 -0.4260545 1 1 1
v 0.37 0.349 -0.4260545 1 1 1
v 0.34 0.349 -0.4260545 1 1 1
v 0.4 0.8 0.04394569 1 1 1
v 0.4 0.8 0.04394569 1 1 1
v 0.4 0.8 0.04394566 1 1 1
v 0.4 0.8 0.04394564 1 1 1
v -0.4 0.4 0.04394569 1 1 1
v -0.4 0.4 0.04394566 1 1 1
v 0 0.4 0.04394571 1 1 1
v -0.4000001 0.4 0.04394566 1 1 1
v 0 0.4 0.04394563 1 1 1
v -0.4000001 0.4 0.04394569 1 1 1
v 0 0.3316326 -0.4839457 1 1 1
v 0 0.3616326 -0.4839457 1 1 1
v 0 0.37 -0.3560544 1 1 1
v 0 0.4 -0.3560544 1 1 1
v 0.02000001 0.3256326 -0.5039456 1 1 1
v 0.38 0.3256326 -0.5039456 1 1 1
v 0.02000001 0.3556326 -0.5039456 1 1 1
v 0.38 0.3556326 -0.5039456 1 1 1
v 0.4 0.3316326 -0.4839457 1 1 1
v 0.4 0.3616326 -0.4839457 1 1 1
v 0.4 0.37 -0.3560544 1 1 1
vn 1 0 1.192093E-07
vn -1.192093E-07 0 1
vn -1.504352E-14 0 1
vn 1 0 0
vn 0.7071068 0 -0.7071068
vn 0 0 -1
vn -0.7071068 0 -0.7071068
vn -1 0 0
vn -2.650391E-14 0 -1
vn -1 0 2.650391E-14
vn 1.19238E-13 0 1
vn 1 0 -1.19238E-13
vn -1 0 1.19238E-13
vn -1.121603E-13 0 -1
vn -1 0 1.121603E-13
vn -1 0 1.192093E-07
vn 1.192093E-07 0 1
vn 7.729928E-14 0 1
vn 0.9238796 0 0.3826836
vn 0.3826834 0 0.9238797
vn 0 -1 0
vn 0 1 0
vn -4.124479E-14 0 -1
vn -1 0 4.124479E-14
vn 4.124479E-14 0 1
vn 1 0 -4.124479E-14
vn -0.3826834 0 0.9238795
vn -0.9238795 0 0.3826834
vn 0.3826834 0 0.9238795
vn 0.9238795 0 0.3826834
vn 0 0 1
vn -0.3826834 0 -0.9238795
vn -0.9238795 0 -0.3826834
vn 0.7071068 0 0.7071068
vn -0.7071068 0 0.7071068
vn 0.9238795 0 -0.3826834
vn 0.3826834 0 -0.9238795
vn 1.192093E-07 0 -1
vn -1.192093E-07 0 -1
vn 1 0 -1.192093E-07
vn 0.8944272 -0.4472136 0
vn 0.6324555 -0.4472136 0.6324555
vn -0.8944272 -0.4472136 0
vn -0.6324555 -0.4472136 0.6324555
vn 0.6324555 -0.4472136 -0.6324555
vn 0 -0.4472136 0.8944272
vn 0 -0.4472136 -0.8944272
vn -0.6324555 -0.4472136 -0.6324555
vn 0.8944272 0.4472136 0
vn 0.6324555 0.4472136 0.6324555
vn -0.6324555 0.4472136 -0.6324555
vn 0 0.4472136 -0.8944272
vn 0.6324555 0.4472136 -0.6324555
vn 0 0.4472136 0.8944272
vn -0.6324555 0.4472136 0.6324555
vn -0.8944272 0.4472136 0
vn 0.7071068 -0.7071068 1.063738E-14
vn -0.7071068 -0.7071068 -1.063738E-14
vn 1 0 1.504352E-14
vn -1 0 -1.504352E-14
vn -0.7071068 0.7071068 -1.063738E-14
vn 0.7071068 0.7071068 1.063738E-14
vn 0.7071068 -0.7071068 0
vn 0.7071068 0.7071068 0
vn -0.7071068 -0.7071068 0
vn -0.7071068 0.7071068 0
vn 0.3826834 -0.9238795 0
vn -0.3826834 -0.9238795 0
vn 0.9238795 0.3826834 0
vn 0.9238795 -0.3826834 0
vn 0.3826834 0.9238795 0
vn -0.3826834 0.9238795 0
vn -0.9238795 0.3826834 0
vn -0.9238795 -0.3826834 0
vn 0.7071068 -0.7071068 -1.874109E-14
vn -0.7071068 -0.7071068 1.874109E-14
vn 1 0 -2.650391E-14
vn -0.7071068 0.7071068 1.874109E-14
vn 0.7071068 0.7071068 -1.874109E-14
vn -0.7071068 -0.7071068 8.431396E-14
vn 0.7071068 -0.7071068 -8.431396E-14
vn 0.7071068 0.7071068 -8.431396E-14
vn -0.7071068 0.7071068 8.431396E-14
vn 0.7071068 -0.7071068 -7.930929E-14
vn -0.7071068 -0.7071068 7.930929E-14
vn 1 0 -1.121603E-13
vn -0.7071068 0.7071068 7.930929E-14
vn 0.7071068 0.7071068 -7.930929E-14
vn -8.42937E-08 -0.7071068 -0.7071068
vn 8.42937E-08 -0.7071068 0.7071068
vn -0.3826834 0 0.9238797
vn -0.9238796 0 0.3826836
vn -0.9238797 0 -0.3826834
vn -0.3826836 0 -0.9238796
vn 8.42937E-08 0.7071068 0.7071068
vn -8.42937E-08 0.7071068 -0.7071068
vn 1 0 -7.729928E-14
vn 0.9238795 0.3826834 -7.141522E-14
vn -0.3826834 0.9238795 2.958115E-14
vn 0.3826834 0.9238795 -2.958115E-14
vn -0.9238795 0.3826834 7.141522E-14
vn -1 0 7.729928E-14
vn -0.7071068 -0.7071068 5.465884E-14
vn 0.7071068 -0.7071068 -5.465884E-14
vn -0.7071068 0.7071068 5.465884E-14
vn 0.7071068 0.7071068 -5.465884E-14
vn -7.729928E-14 0 -1
vn -0.8958917 0 -0.4442728
vn -0.946532 0 -0.3226101
vn -0.3552509 0 -0.934771
vn 0.3552509 0 -0.934771
vn -0.406422 0 -0.9136855
vn 0.406422 0 -0.9136855
vn 0.8958917 0 -0.4442728
vn 0.946532 0 -0.3226101
vn 0 0.9578263 -0.2873479
vn 0 -0.9578263 0.2873479
vt 0.46875 0.3
vt 0.46875 0.475
vt 0.46875 0.34
vt 0.46875 0.425
vt 0.46875 0.415
vt 0.46875 0.335
vt 0.46875 0.325
vt 0.09375 0.275
vt 0.09375 0.3
vt 0.09375 0.475
vt 0.09375 0.35
vt 0.09375 0.4242473
vt 0.09375 0.4496236
vt 0.09375 0.395
vt 0.09375 0.41
vt 0.09375 0.34
vt 0.09375 0.425
vt 0.09375 0.3435714
vt 0.09375 0.2864286
vt 0.09375 0.355
vt 0.09375 0.325
vt 0.09375 0.415
vt 0.09375 0.335
vt 0.09375 0.29
vt 0.09375 0.2801576
vt 0.21875 0.275
vt 0.21875 0.395
vt 0.21875 0.41
vt 0.21875 0.35
vt 0.21875 0.335
vt 0.21875 0.29
vt 0.71875 0.5364286
vt 0.71875 0.5935714
vt 0.71875 0.54
vt 0.71875 0.645
vt 0.09375 0.5411361
vt 0.09375 0.6218166
vt 0.09375 0.6443195
vt 0.09375 0.725
vt 0.09375 0.525
vt 0.09375 0.6056805
vt 0.80000000 0.80000000
vt 0.80000000 0.10000000
vt 1.60000000 0.80000000
vt 1.60000000 0.10000000
vt 1.60000000 0.80000000
vt 0.80000000 0.10000000
vt 0.08789138 0.80000000
vt 0.88789140 0.80000000
vt 0.08789138 0.10000000
vt 0.88789140 0.10000000
vt 0.08789138 0.10000000
vt 0.88789140 0.80000000
vt -0.70000000 0.26000000
vt -0.16000002 0.26000000
vt -0.64000000 0.26000000
vt -0.70000000 0.26000000
vt -0.10000002 0.26000000
vt -0.16000002 0.26000000
vt -0.70000000 0.26000000
vt -0.80000000 0.10000000
vt -0.10000002 0.26000000
vt 0.00000000 0.10000000
vt -0.10000002 0.26000000
vt -0.80000000 0.10000000
vt -0.80000000 0.10000000
vt -0.70000000 0.26000000
vt -0.80000000 0.80000000
vt -0.80000000 0.80000000
vt -0.70000000 0.26000000
vt -0.70000000 0.60000000
vt -0.10000002 0.26000000
vt 0.00000000 0.10000000
vt 0.00000000 0.80000000
vt -0.80000000 0.80000000
vt -0.70000000 0.60000000
vt 0.00000000 0.80000000
vt -0.10000002 0.26000000
vt 0.00000000 0.80000000
vt -0.10000002 0.60000000
vt -0.10000002 0.60000000
vt 0.00000000 0.80000000
vt -0.70000000 0.60000000
vt 0.08789128 0.80000000
vt -0.71210880 0.10000000
vt -0.71210880 0.80000000
vt -0.71210880 0.10000000
vt 0.08789128 0.80000000
vt 0.08789128 0.10000000
vt -0.71210880 0.80000000
vt -0.91210880 0.56000000
vt -0.91210880 0.80000000
vt -0.91210880 0.56000000
vt -0.71210880 0.80000000
vt -0.91210880 0.24000000
vt -0.71210880 0.10000000
vt -0.91210880 0.24000000
vt -0.71210880 0.80000000
vt -0.91210880 0.24000000
vt -0.71210880 0.10000000
vt -0.91210880 0.10000000
vt 1.04000000 0.20000000
vt 1.00000000 0.10000000
vt 1.00000000 0.24000000
vt 1.00000000 0.10000000
vt 1.04000000 0.20000000
vt 1.40000000 0.10000000
vt 1.36000000 0.20000000
vt 1.40000000 0.10000000
vt 1.04000000 0.20000000
vt 1.40000000 0.10000000
vt 1.36000000 0.20000000
vt 1.40000000 0.24000000
vt 1.00000000 0.80000000
vt 1.04000000 0.60000000
vt 1.00000000 0.56000000
vt 1.04000000 0.60000000
vt 1.00000000 0.80000000
vt 1.36000000 0.60000000
vt 1.40000000 0.80000000
vt 1.36000000 0.60000000
vt 1.00000000 0.80000000
vt 1.36000000 0.60000000
vt 1.40000000 0.80000000
vt 1.40000000 0.56000000
vt -0.71210880 0.80000000
vt -0.91210880 0.10000000
vt -0.71210880 0.10000000
vt -0.91210880 0.10000000
vt -0.71210880 0.80000000
vt -0.91210880 0.24000000
vt -0.91210880 0.24000000
vt -0.71210880 0.80000000
vt -0.91210880 0.56000000
vt -0.91210880 0.56000000
vt -0.71210880 0.80000000
vt -0.91210880 0.80000000
vt 0.08789128 1.60000000
vt -0.71210880 0.90000000
vt -0.71210880 1.60000000
vt -0.71210880 0.90000000
vt 0.08789128 1.60000000
vt 0.08789128 0.90000000
vt -0.71210880 1.60000000
vt -0.91210880 1.36000000
vt -0.91210880 1.60000000
vt -0.91210880 1.36000000
vt -0.71210880 1.60000000
vt -0.91210880 1.04000000
vt -0.71210880 0.90000000
vt -0.91210880 1.04000000
vt -0.71210880 1.60000000
vt -0.91210880 1.04000000
vt -0.71210880 0.90000000
vt -0.91210880 0.90000000
vt 1.04000000 1.00000000
vt 1.00000000 0.90000000
vt 1.00000000 1.04000000
vt 1.00000000 0.90000000
vt 1.04000000 1.00000000
vt 1.40000000 0.90000000
vt 1.36000000 1.00000000
vt 1.40000000 0.90000000
vt 1.04000000 1.00000000
vt 1.40000000 0.90000000
vt 1.36000000 1.00000000
vt 1.40000000 1.04000000
vt 1.00000000 1.60000000
vt 1.04000000 1.40000000
vt 1.00000000 1.36000000
vt 1.04000000 1.40000000
vt 1.00000000 1.60000000
vt 1.36000000 1.40000000
vt 1.40000000 1.60000000
vt 1.36000000 1.40000000
vt 1.00000000 1.60000000
vt 1.36000000 1.40000000
vt 1.40000000 1.60000000
vt 1.40000000 1.36000000
vt -0.71210880 1.60000000
vt -0.91210880 0.90000000
vt -0.71210880 0.90000000
vt -0.91210880 0.90000000
vt -0.71210880 1.60000000
vt -0.91210880 1.04000000
vt -0.91210880 1.04000000
vt -0.71210880 1.60000000
vt -0.91210880 1.36000000
vt -0.91210880 1.36000000
vt -0.71210880 1.60000000
vt -0.91210880 1.60000000
vt 0.20000000 0.10000000
vt 0.00000000 0.10000000
vt 0.20000000 0.56000000
vt 0.00000000 0.80000000
vt 0.20000000 0.56000000
vt 0.00000000 0.10000000
vt 0.24000000 0.60000000
vt 0.20000000 0.56000000
vt 0.00000000 0.80000000
vt 0.80000000 0.80000000
vt 0.24000000 0.60000000
vt 0.00000000 0.80000000
vt 0.24000000 0.60000000
vt 0.80000000 0.80000000
vt 0.56000000 0.60000000
vt 0.56000000 0.60000000
vt 0.80000000 0.80000000
vt 0.60000000 0.56000000
vt 0.60000000 0.56000000
vt 0.80000000 0.80000000
vt 0.60000000 0.10000000
vt 0.80000000 0.10000000
vt 0.60000000 0.10000000
vt 0.80000000 0.80000000
vt 0.08789134 0.10000000
vt 0.08789134 0.80000000
vt -0.71210860 0.10000000
vt -0.71210860 0.80000000
vt -0.71210860 0.10000000
vt 0.08789134 0.80000000
vt 0.08789134 0.90000000
vt 0.08789134 1.60000000
vt -0.71210860 0.90000000
vt -0.71210860 1.60000000
vt -0.71210860 0.90000000
vt 0.08789134 1.60000000
vt 0.10000000 1.40000000
vt 0.80000000 1.60000000
vt 0.70000000 1.40000000
vt 0.70000000 1.40000000
vt 0.80000000 1.60000000
vt 0.70000000 1.06000000
vt 0.80000000 1.60000000
vt 0.10000000 1.40000000
vt -0.00000000 1.60000000
vt 0.80000000 1.60000000
vt 0.80000000 0.90000000
vt 0.70000000 1.06000000
vt 0.10000000 1.40000000
vt 0.10000000 1.06000000
vt -0.00000000 1.60000000
vt -0.00000000 1.60000000
vt 0.10000000 1.06000000
vt -0.00000000 0.90000000
vt -0.00000000 0.90000000
vt 0.70000000 1.06000000
vt 0.80000000 0.90000000
vt 0.70000000 1.06000000
vt -0.00000000 0.90000000
vt 0.10000000 1.06000000
vt 0.64000000 1.06000000
vt 0.70000000 1.06000000
vt 0.10000000 1.06000000
vt 0.16000000 1.06000000
vt 0.64000000 1.06000000
vt 0.10000000 1.06000000
vt 0.08789134 0.90000000
vt 0.08789134 1.60000000
vt 0.88789140 0.90000000
vt 0.88789140 1.60000000
vt 0.88789140 0.90000000
vt 0.08789134 1.60000000
vt 1.50000000 1.40000000
vt 0.80000000 1.60000000
vt 0.90000000 1.40000000
vt 0.90000000 1.40000000
vt 0.80000000 1.60000000
vt 0.90000000 1.06000000
vt 0.80000000 1.60000000
vt 1.50000000 1.40000000
vt 1.60000000 1.60000000
vt 0.80000000 1.60000000
vt 0.80000000 0.90000000
vt 0.90000000 1.06000000
vt 1.50000000 1.40000000
vt 1.50000000 1.06000000
vt 1.60000000 1.60000000
vt 1.60000000 1.60000000
vt 1.50000000 1.06000000
vt 1.60000000 0.90000000
vt 1.60000000 0.90000000
vt 0.90000000 1.06000000
vt 0.80000000 0.90000000
vt 0.90000000 1.06000000
vt 1.60000000 0.90000000
vt 1.50000000 1.06000000
vt 0.96000000 1.06000000
vt 0.90000000 1.06000000
vt 1.50000000 1.06000000
vt 1.44000000 1.06000000
vt 0.96000000 1.06000000
vt 1.50000000 1.06000000
vt -1.50000000 0.26000000
vt -0.96000000 0.26000000
vt -1.44000000 0.26000000
vt -1.50000000 0.26000000
vt -0.90000000 0.26000000
vt -0.96000000 0.26000000
vt -1.50000000 0.26000000
vt -1.60000000 0.10000000
vt -0.90000000 0.26000000
vt -0.80000000 0.10000000
vt -0.90000000 0.26000000
vt -1.60000000 0.10000000
vt -1.60000000 0.10000000
vt -1.50000000 0.26000000
vt -1.60000000 0.80000000
vt -1.60000000 0.80000000
vt -1.50000000 0.26000000
vt -1.50000000 0.60000000
vt -0.90000000 0.26000000
vt -0.80000000 0.10000000
vt -0.80000000 0.80000000
vt -1.60000000 0.80000000
vt -1.50000000 0.60000000
vt -0.80000000 0.80000000
vt -0.90000000 0.26000000
vt -0.80000000 0.80000000
vt -0.90000000 0.60000000
vt -0.90000000 0.60000000
vt -0.80000000 0.80000000
vt -1.50000000 0.60000000
vt 0.08789134 0.80000000
vt 0.88789140 0.10000000
vt 0.88789140 0.80000000
vt 0.88789140 0.10000000
vt 0.08789134 0.80000000
vt 0.08789134 0.10000000
vt -0.10000000 0.26000000
vt -0.64000000 0.26000000
vt -0.16000000 0.26000000
vt -0.10000000 0.26000000
vt -0.70000000 0.26000000
vt -0.64000000 0.26000000
vt -0.10000000 0.26000000
vt -0.00000000 0.10000000
vt -0.70000000 0.26000000
vt -0.80000000 0.10000000
vt -0.70000000 0.26000000
vt -0.00000000 0.10000000
vt -0.00000000 0.10000000
vt -0.10000000 0.26000000
vt -0.00000000 0.80000000
vt -0.00000000 0.80000000
vt -0.10000000 0.26000000
vt -0.10000000 0.60000000
vt -0.70000000 0.26000000
vt -0.80000000 0.10000000
vt -0.80000000 0.80000000
vt -0.00000000 0.80000000
vt -0.10000000 0.60000000
vt -0.80000000 0.80000000
vt -0.70000000 0.26000000
vt -0.80000000 0.80000000
vt -0.70000000 0.60000000
vt -0.70000000 0.60000000
vt -0.80000000 0.80000000
vt -0.10000000 0.60000000
vt 0.08789134 0.10000000
vt 0.08789134 0.80000000
vt -0.71210860 0.10000000
vt -0.71210860 0.80000000
vt -0.71210860 0.10000000
vt 0.08789134 0.80000000
vt -1.50000000 0.60000000
vt -0.80000000 0.80000000
vt -0.90000000 0.60000000
vt -0.90000000 0.60000000
vt -0.80000000 0.80000000
vt -0.90000000 0.26000000
vt -0.80000000 0.80000000
vt -1.50000000 0.60000000
vt -1.60000000 0.80000000
vt -0.80000000 0.80000000
vt -0.80000000 0.10000000
vt -0.90000000 0.26000000
vt -1.50000000 0.60000000
vt -1.50000000 0.26000000
vt -1.60000000 0.80000000
vt -1.60000000 0.80000000
vt -1.50000000 0.26000000
vt -1.60000000 0.10000000
vt -1.60000000 0.10000000
vt -0.90000000 0.26000000
vt -0.80000000 0.10000000
vt -0.90000000 0.26000000
vt -1.60000000 0.10000000
vt -1.50000000 0.26000000
vt -0.96000000 0.26000000
vt -0.90000000 0.26000000
vt -1.50000000 0.26000000
vt -1.44000000 0.26000000
vt -0.96000000 0.26000000
vt -1.50000000 0.26000000
vt 0.80000020 0.90000000
vt 0.80000020 1.60000000
vt 0.00000000 0.90000000
vt 0.00000000 1.60000000
vt 0.00000000 0.90000000
vt 0.80000020 1.60000000
vt 0.78789140 1.40000000
vt 0.08789122 1.60000000
vt 0.18789130 1.40000000
vt 0.18789130 1.40000000
vt 0.08789122 1.60000000
vt 0.18789130 1.06000000
vt 0.08789122 1.60000000
vt 0.78789140 1.40000000
vt 0.88789140 1.60000000
vt 0.08789122 1.60000000
vt 0.08789122 0.90000000
vt 0.18789130 1.06000000
vt 0.78789140 1.40000000
vt 0.78789140 1.06000000
vt 0.88789140 1.60000000
vt 0.88789140 1.60000000
vt 0.78789140 1.06000000
vt 0.88789140 0.90000000
vt 0.88789140 0.90000000
vt 0.18789130 1.06000000
vt 0.08789122 0.90000000
vt 0.18789130 1.06000000
vt 0.88789140 0.90000000
vt 0.78789140 1.06000000
vt 0.24789140 1.06000000
vt 0.18789130 1.06000000
vt 0.78789140 1.06000000
vt 0.72789140 1.06000000
vt 0.24789140 1.06000000
vt 0.78789140 1.06000000
vt 0.80000000 0.80000000
vt 0.60000000 0.10000000
vt 0.80000000 0.10000000
vt 0.60000000 0.10000000
vt 0.80000000 0.80000000
vt 0.60000000 0.56000000
vt 0.60000000 0.56000000
vt 0.80000000 0.80000000
vt 0.56000000 0.60000000
vt 0.56000000 0.60000000
vt 0.80000000 0.80000000
vt 0.24000000 0.60000000
vt 0.00000000 0.80000000
vt 0.24000000 0.60000000
vt 0.80000000 0.80000000
vt 0.00000000 0.80000000
vt 0.20000000 0.56000000
vt 0.24000000 0.60000000
vt 0.00000000 0.10000000
vt 0.20000000 0.56000000
vt 0.00000000 0.80000000
vt 0.20000000 0.56000000
vt 0.00000000 0.10000000
vt 0.20000000 0.10000000
vt 0.80000000 0.80000000
vt 0.80000000 0.10000000
vt 1.60000000 0.80000000
vt 1.60000000 0.10000000
vt 1.60000000 0.80000000
vt 0.80000000 0.10000000
vt 0.08789138 0.80000000
vt 0.88789140 0.80000000
vt 0.08789138 0.10000000
vt 0.88789140 0.10000000
vt 0.08789138 0.10000000
vt 0.88789140 0.80000000
vt -0.70000000 0.26000000
vt -0.16000002 0.26000000
vt -0.64000000 0.26000000
vt -0.70000000 0.26000000
vt -0.10000002 0.26000000
vt -0.16000002 0.26000000
vt -0.70000000 0.26000000
vt -0.80000000 0.10000000
vt -0.10000002 0.26000000
vt 0.00000000 0.10000000
vt -0.10000002 0.26000000
vt -0.80000000 0.10000000
vt -0.80000000 0.10000000
vt -0.70000000 0.26000000
vt -0.80000000 0.80000000
vt -0.80000000 0.80000000
vt -0.70000000 0.26000000
vt -0.70000000 0.60000000
vt -0.10000002 0.26000000
vt 0.00000000 0.10000000
vt 0.00000000 0.80000000
vt -0.80000000 0.80000000
vt -0.70000000 0.60000000
vt 0.00000000 0.80000000
vt -0.10000002 0.26000000
vt 0.00000000 0.80000000
vt -0.10000002 0.60000000
vt -0.10000002 0.60000000
vt 0.00000000 0.80000000
vt -0.70000000 0.60000000
vt 0.08789128 0.80000000
vt -0.71210880 0.10000000
vt -0.71210880 0.80000000
vt -0.71210880 0.10000000
vt 0.08789128 0.80000000
vt 0.08789128 0.10000000
vt -0.71210880 0.80000000
vt -0.91210880 0.56000000
vt -0.91210880 0.80000000
vt -0.91210880 0.56000000
vt -0.71210880 0.80000000
vt -0.91210880 0.24000000
vt -0.71210880 0.10000000
vt -0.91210880 0.24000000
vt -0.71210880 0.80000000
vt -0.91210880 0.24000000
vt -0.71210880 0.10000000
vt -0.91210880 0.10000000
vt 1.04000000 0.20000000
vt 1.00000000 0.10000000
vt 1.00000000 0.24000000
vt 1.00000000 0.10000000
vt 1.04000000 0.20000000
vt 1.40000000 0.10000000
vt 1.36000000 0.20000000
vt 1.40000000 0.10000000
vt 1.04000000 0.20000000
vt 1.40000000 0.10000000
vt 1.36000000 0.20000000
vt 1.40000000 0.24000000
vt 1.00000000 0.80000000
vt 1.04000000 0.60000000
vt 1.00000000 0.56000000
vt 1.04000000 0.60000000
vt 1.00000000 0.80000000
vt 1.36000000 0.60000000
vt 1.40000000 0.80000000
vt 1.36000000 0.60000000
vt 1.00000000 0.80000000
vt 1.36000000 0.60000000
vt 1.40000000 0.80000000
vt 1.40000000 0.56000000
vt -0.71210880 0.80000000
vt -0.91210880 0.10000000
vt -0.71210880 0.10000000
vt -0.91210880 0.10000000
vt -0.71210880 0.80000000
vt -0.91210880 0.24000000
vt -0.91210880 0.24000000
vt -0.71210880 0.80000000
vt -0.91210880 0.56000000
vt -0.91210880 0.56000000
vt -0.71210880 0.80000000
vt -0.91210880 0.80000000
vt 0.08789128 1.60000000
vt -0.71210880 0.90000000
vt -0.71210880 1.60000000
vt -0.71210880 0.90000000
vt 0.08789128 1.60000000
vt 0.08789128 0.90000000
vt -0.71210880 1.60000000
vt -0.91210880 1.36000000
vt -0.91210880 1.60000000
vt -0.91210880 1.36000000
vt -0.71210880 1.60000000
vt -0.91210880 1.04000000
vt -0.71210880 0.90000000
vt -0.91210880 1.04000000
vt -0.71210880 1.60000000
vt -0.91210880 1.04000000
vt -0.71210880 0.90000000
vt -0.91210880 0.90000000
vt 1.04000000 1.00000000
vt 1.00000000 0.90000000
vt 1.00000000 1.04000000
vt 1.00000000 0.90000000
vt 1.04000000 1.00000000
vt 1.40000000 0.90000000
vt 1.36000000 1.00000000
vt 1.40000000 0.90000000
vt 1.04000000 1.00000000
vt 1.40000000 0.90000000
vt 1.36000000 1.00000000
vt 1.40000000 1.04000000
vt 1.00000000 1.60000000
vt 1.04000000 1.40000000
vt 1.00000000 1.36000000
vt 1.04000000 1.40000000
vt 1.00000000 1.60000000
vt 1.36000000 1.40000000
vt 1.40000000 1.60000000
vt 1.36000000 1.40000000
vt 1.00000000 1.60000000
vt 1.36000000 1.40000000
vt 1.40000000 1.60000000
vt 1.40000000 1.36000000
vt -0.71210880 1.60000000
vt -0.91210880 0.90000000
vt -0.71210880 0.90000000
vt -0.91210880 0.90000000
vt -0.71210880 1.60000000
vt -0.91210880 1.04000000
vt -0.91210880 1.04000000
vt -0.71210880 1.60000000
vt -0.91210880 1.36000000
vt -0.91210880 1.36000000
vt -0.71210880 1.60000000
vt -0.91210880 1.60000000
vt 0.20000000 0.10000000
vt 0.00000000 0.10000000
vt 0.20000000 0.56000000
vt 0.00000000 0.80000000
vt 0.20000000 0.56000000
vt 0.00000000 0.10000000
vt 0.24000000 0.60000000
vt 0.20000000 0.56000000
vt 0.00000000 0.80000000
vt 0.80000000 0.80000000
vt 0.24000000 0.60000000
vt 0.00000000 0.80000000
vt 0.24000000 0.60000000
vt 0.80000000 0.80000000
vt 0.56000000 0.60000000
vt 0.56000000 0.60000000
vt 0.80000000 0.80000000
vt 0.60000000 0.56000000
vt 0.60000000 0.56000000
vt 0.80000000 0.80000000
vt 0.60000000 0.10000000
vt 0.80000000 0.10000000
vt 0.60000000 0.10000000
vt 0.80000000 0.80000000
vt 0.08789134 0.10000000
vt 0.08789134 0.80000000
vt -0.71210860 0.10000000
vt -0.71210860 0.80000000
vt -0.71210860 0.10000000
vt 0.08789134 0.80000000
vt 0.08789134 0.90000000
vt 0.08789134 1.60000000
vt -0.71210860 0.90000000
vt -0.71210860 1.60000000
vt -0.71210860 0.90000000
vt 0.08789134 1.60000000
vt 0.10000000 1.40000000
vt 0.80000000 1.60000000
vt 0.70000000 1.40000000
vt 0.70000000 1.40000000
vt 0.80000000 1.60000000
vt 0.70000000 1.06000000
vt 0.80000000 1.60000000
vt 0.10000000 1.40000000
vt -0.00000000 1.60000000
vt 0.80000000 1.60000000
vt 0.80000000 0.90000000
vt 0.70000000 1.06000000
vt 0.10000000 1.40000000
vt 0.10000000 1.06000000
vt -0.00000000 1.60000000
vt -0.00000000 1.60000000
vt 0.10000000 1.06000000
vt -0.00000000 0.90000000
vt -0.00000000 0.90000000
vt 0.70000000 1.06000000
vt 0.80000000 0.90000000
vt 0.70000000 1.06000000
vt -0.00000000 0.90000000
vt 0.10000000 1.06000000
vt 0.64000000 1.06000000
vt 0.70000000 1.06000000
vt 0.10000000 1.06000000
vt 0.16000000 1.06000000
vt 0.64000000 1.06000000
vt 0.10000000 1.06000000
vt 0.08789134 0.90000000
vt 0.08789134 1.60000000
vt 0.88789140 0.90000000
vt 0.88789140 1.60000000
vt 0.88789140 0.90000000
vt 0.08789134 1.60000000
vt 1.50000000 1.40000000
vt 0.80000000 1.60000000
vt 0.90000000 1.40000000
vt 0.90000000 1.40000000
vt 0.80000000 1.60000000
vt 0.90000000 1.06000000
vt 0.80000000 1.60000000
vt 1.50000000 1.40000000
vt 1.60000000 1.60000000
vt 0.80000000 1.60000000
vt 0.80000000 0.90000000
vt 0.90000000 1.06000000
vt 1.50000000 1.40000000
vt 1.50000000 1.06000000
vt 1.60000000 1.60000000
vt 1.60000000 1.60000000
vt 1.50000000 1.06000000
vt 1.60000000 0.90000000
vt 1.60000000 0.90000000
vt 0.90000000 1.06000000
vt 0.80000000 0.90000000
vt 0.90000000 1.06000000
vt 1.60000000 0.90000000
vt 1.50000000 1.06000000
vt 0.96000000 1.06000000
vt 0.90000000 1.06000000
vt 1.50000000 1.06000000
vt 1.44000000 1.06000000
vt 0.96000000 1.06000000
vt 1.50000000 1.06000000
vt -1.50000000 0.26000000
vt -0.96000000 0.26000000
vt -1.44000000 0.26000000
vt -1.50000000 0.26000000
vt -0.90000000 0.26000000
vt -0.96000000 0.26000000
vt -1.50000000 0.26000000
vt -1.60000000 0.10000000
vt -0.90000000 0.26000000
vt -0.80000000 0.10000000
vt -0.90000000 0.26000000
vt -1.60000000 0.10000000
vt -1.60000000 0.10000000
vt -1.50000000 0.26000000
vt -1.60000000 0.80000000
vt -1.60000000 0.80000000
vt -1.50000000 0.26000000
vt -1.50000000 0.60000000
vt -0.90000000 0.26000000
vt -0.80000000 0.10000000
vt -0.80000000 0.80000000
vt -1.60000000 0.80000000
vt -1.50000000 0.60000000
vt -0.80000000 0.80000000
vt -0.90000000 0.26000000
vt -0.80000000 0.80000000
vt -0.90000000 0.60000000
vt -0.90000000 0.60000000
vt -0.80000000 0.80000000
vt -1.50000000 0.60000000
vt 0.08789134 0.80000000
vt 0.88789140 0.10000000
vt 0.88789140 0.80000000
vt 0.88789140 0.10000000
vt 0.08789134 0.80000000
vt 0.08789134 0.10000000
vt -0.10000000 0.26000000
vt -0.64000000 0.26000000
vt -0.16000000 0.26000000
vt -0.10000000 0.26000000
vt -0.70000000 0.26000000
vt -0.64000000 0.26000000
vt -0.10000000 0.26000000
vt -0.00000000 0.10000000
vt -0.70000000 0.26000000
vt -0.80000000 0.10000000
vt -0.70000000 0.26000000
vt -0.00000000 0.10000000
vt -0.00000000 0.10000000
vt -0.10000000 0.26000000
vt -0.00000000 0.80000000
vt -0.00000000 0.80000000
vt -0.10000000 0.26000000
vt -0.10000000 0.60000000
vt -0.70000000 0.26000000
vt -0.80000000 0.10000000
vt -0.80000000 0.80000000
vt -0.00000000 0.80000000
vt -0.10000000 0.60000000
vt -0.80000000 0.80000000
vt -0.70000000 0.26000000
vt -0.80000000 0.80000000
vt -0.70000000 0.60000000
vt -0.70000000 0.60000000
vt -0.80000000 0.80000000
vt -0.10000000 0.60000000
vt 0.08789134 0.10000000
vt 0.08789134 0.80000000
vt -0.71210860 0.10000000
vt -0.71210860 0.80000000
vt -0.71210860 0.10000000
vt 0.08789134 0.80000000
vt -1.50000000 0.60000000
vt -0.80000000 0.80000000
vt -0.90000000 0.60000000
vt -0.90000000 0.60000000
vt -0.80000000 0.80000000
vt -0.90000000 0.26000000
vt -0.80000000 0.80000000
vt -1.50000000 0.60000000
vt -1.60000000 0.80000000
vt -0.80000000 0.80000000
vt -0.80000000 0.10000000
vt -0.90000000 0.26000000
vt -1.50000000 0.60000000
vt -1.50000000 0.26000000
vt -1.60000000 0.80000000
vt -1.60000000 0.80000000
vt -1.50000000 0.26000000
vt -1.60000000 0.10000000
vt -1.60000000 0.10000000
vt -0.90000000 0.26000000
vt -0.80000000 0.10000000
vt -0.90000000 0.26000000
vt -1.60000000 0.10000000
vt -1.50000000 0.26000000
vt -0.96000000 0.26000000
vt -0.90000000 0.26000000
vt -1.50000000 0.26000000
vt -1.44000000 0.26000000
vt -0.96000000 0.26000000
vt -1.50000000 0.26000000
vt 0.80000020 0.90000000
vt 0.80000020 1.60000000
vt 0.00000000 0.90000000
vt 0.00000000 1.60000000
vt 0.00000000 0.90000000
vt 0.80000020 1.60000000
vt 0.78789140 1.40000000
vt 0.08789122 1.60000000
vt 0.18789130 1.40000000
vt 0.18789130 1.40000000
vt 0.08789122 1.60000000
vt 0.18789130 1.06000000
vt 0.08789122 1.60000000
vt 0.78789140 1.40000000
vt 0.88789140 1.60000000
vt 0.08789122 1.60000000
vt 0.08789122 0.90000000
vt 0.18789130 1.06000000
vt 0.78789140 1.40000000
vt 0.78789140 1.06000000
vt 0.88789140 1.60000000
vt 0.88789140 1.60000000
vt 0.78789140 1.06000000
vt 0.88789140 0.90000000
vt 0.88789140 0.90000000
vt 0.18789130 1.06000000
vt 0.08789122 0.90000000
vt 0.18789130 1.06000000
vt 0.88789140 0.90000000
vt 0.78789140 1.06000000
vt 0.24789140 1.06000000
vt 0.18789130 1.06000000
vt 0.78789140 1.06000000
vt 0.72789140 1.06000000
vt 0.24789140 1.06000000
vt 0.78789140 1.06000000
vt 0.80000000 0.80000000
vt 0.60000000 0.10000000
vt 0.80000000 0.10000000
vt 0.60000000 0.10000000
vt 0.80000000 0.80000000
vt 0.60000000 0.56000000
vt 0.60000000 0.56000000
vt 0.80000000 0.80000000
vt 0.56000000 0.60000000
vt 0.56000000 0.60000000
vt 0.80000000 0.80000000
vt 0.24000000 0.60000000
vt 0.00000000 0.80000000
vt 0.24000000 0.60000000
vt 0.80000000 0.80000000
vt 0.00000000 0.80000000
vt 0.20000000 0.56000000
vt 0.24000000 0.60000000
vt 0.00000000 0.10000000
vt 0.20000000 0.56000000
vt 0.00000000 0.80000000
vt 0.20000000 0.56000000
vt 0.00000000 0.10000000
vt 0.20000000 0.10000000
usemtl plaster
f 6/42/2 5/43/2 3/44/2
f 1/45/2 3/46/2 5/47/2
f 4/48/1 3/49/1 2/50/1
f 1/51/1 2/52/1 3/53/1
f 9/54/3 8/55/3 7/56/3
f 9/57/3 10/58/3 8/59/3
f 9/60/3 11/61/3 10/62/3
f 12/63/3 10/64/3 11/65/3
f 11/66/3 9/67/3 13/68/3
f 13/69/3 9/70/3 14/71/3
f 10/72/3 12/73/3 15/74/3
f 13/75/3 14/76/3 15/77/3
f 10/78/3 15/79/3 16/80/3
f 16/81/3 15/82/3 14/83/3
f 19/84/4 18/85/4 17/86/4
f 18/87/4 19/88/4 20/89/4
f 17/90/5 22/91/5 21/92/5
f 22/93/5 17/94/5 23/95/5
f 18/96/5 23/97/5 17/98/5
f 23/99/5 18/100/5 24/101/5
f 27/102/6 26/103/6 25/104/6
f 26/105/6 27/106/6 24/107/6
f 28/108/6 24/109/6 27/110/6
f 24/111/6 28/112/6 23/113/6
f 31/114/6 30/115/6 29/116/6
f 30/117/6 31/118/6 32/119/6
f 21/120/6 32/121/6 31/122/6
f 32/123/6 21/124/6 22/125/6
f 34/126/7 26/127/7 33/128/7
f 26/129/7 34/130/7 25/131/7
f 25/132/7 34/133/7 29/134/7
f 29/135/7 34/136/7 31/137/7
f 37/138/4 36/139/4 35/140/4
f 36/141/4 37/142/4 38/143/4
f 35/144/5 40/145/5 39/146/5
f 40/147/5 35/148/5 41/149/5
f 36/150/5 41/151/5 35/152/5
f 41/153/5 36/154/5 42/155/5
f 45/156/6 44/157/6 43/158/6
f 44/159/6 45/160/6 42/161/6
f 46/162/6 42/163/6 45/164/6
f 42/165/6 46/166/6 41/167/6
f 49/168/6 48/169/6 47/170/6
f 48/171/6 49/172/6 50/173/6
f 39/174/6 50/175/6 49/176/6
f 50/177/6 39/178/6 40/179/6
f 52/180/7 44/181/7 51/182/7
f 44/183/7 52/184/7 43/185/7
f 43/186/7 52/187/7 47/188/7
f 47/189/7 52/190/7 49/191/7
f 64/192/6 54/193/6 63/194/6
f 53/195/6 63/196/6 54/197/6
f 62/198/6 63/199/6 53/200/6
f 59/201/6 62/202/6 53/203/6
f 62/204/6 59/205/6 61/206/6
f 61/207/6 59/208/6 60/209/6
f 60/210/6 59/211/6 58/212/6
f 57/213/6 58/214/6 59/215/6
f 56/216/8 55/217/8 54/218/8
f 53/219/8 54/220/8 55/221/8
f 76/222/10 75/223/10 69/224/10
f 71/225/10 69/226/10 75/227/10
f 72/228/9 73/229/9 74/230/9
f 74/231/9 73/232/9 68/233/9
f 73/234/9 72/235/9 71/236/9
f 73/237/9 70/238/9 68/239/9
f 72/240/9 67/241/9 71/242/9
f 71/243/9 67/244/9 69/245/9
f 69/246/9 68/247/9 70/248/9
f 68/249/9 69/250/9 67/251/9
f 66/252/9 68/253/9 67/254/9
f 65/255/9 66/256/9 67/257/9
f 88/258/12 87/259/12 81/260/12
f 83/261/12 81/262/12 87/263/12
f 84/264/11 85/265/11 86/266/11
f 86/267/11 85/268/11 80/269/11
f 85/270/11 84/271/11 83/272/11
f 85/273/11 82/274/11 80/275/11
f 84/276/11 79/277/11 83/278/11
f 83/279/11 79/280/11 81/281/11
f 81/282/11 80/283/11 82/284/11
f 80/285/11 81/286/11 79/287/11
f 78/288/11 80/289/11 79/290/11
f 77/291/11 78/292/11 79/293/11
f 91/294/11 90/295/11 89/296/11
f 91/297/11 92/298/11 90/299/11
f 91/300/11 93/301/11 92/302/11
f 11/303/11 92/304/11 93/305/11
f 93/306/11 91/307/11 94/308/11
f 94/309/11 91/310/11 95/311/11
f 92/312/11 11/313/11 13/314/11
f 94/315/11 95/316/11 13/317/11
f 92/318/11 13/319/11 96/320/11
f 96/321/11 13/322/11 95/323/11
f 97/324/13 93/325/13 94/326/13
f 93/327/13 97/328/13 98/329/13
f 101/330/6 100/331/6 99/332/6
f 101/333/6 102/334/6 100/335/6
f 101/336/6 103/337/6 102/338/6
f 104/339/6 102/340/6 103/341/6
f 103/342/6 101/343/6 105/344/6
f 105/345/6 101/346/6 106/347/6
f 102/348/6 104/349/6 107/350/6
f 105/351/6 106/352/6 107/353/6
f 102/354/6 107/355/6 108/356/6
f 108/357/6 107/358/6 106/359/6
f 98/360/15 97/361/15 113/362/15
f 114/363/15 113/364/15 97/365/15
f 115/366/14 107/367/14 116/368/14
f 116/369/14 107/370/14 112/371/14
f 107/372/14 115/373/14 114/374/14
f 107/375/14 104/376/14 112/377/14
f 115/378/14 111/379/14 114/380/14
f 114/381/14 111/382/14 113/383/14
f 113/384/14 112/385/14 104/386/14
f 112/387/14 113/388/14 111/389/14
f 110/390/14 112/391/14 111/392/14
f 109/393/14 110/394/14 111/395/14
f 128/396/17 127/397/17 121/398/17
f 123/399/17 121/400/17 127/401/17
f 124/402/16 125/403/16 126/404/16
f 126/405/16 125/406/16 120/407/16
f 125/408/16 124/409/16 123/410/16
f 125/411/16 122/412/16 120/413/16
f 124/414/16 119/415/16 123/416/16
f 123/417/16 119/418/16 121/419/16
f 121/420/16 120/421/16 122/422/16
f 120/423/16 121/424/16 119/425/16
f 118/426/16 120/427/16 119/428/16
f 117/429/16 118/430/16 119/431/16
f 131/432/18 130/433/18 129/434/18
f 130/435/18 131/436/18 132/437/18
f 132/438/18 131/439/18 133/440/18
f 133/441/18 131/442/18 134/443/18
f 135/444/18 134/445/18 131/446/18
f 135/447/18 136/448/18 134/449/18
f 137/450/18 136/451/18 135/452/18
f 136/453/18 137/454/18 138/455/18
usemtl palette
f 5/9/22 146/9/22 1/9/22
f 144/9/22 1/9/22 146/9/22
f 144/9/22 141/9/22 1/9/22
f 1/9/22 141/9/22 2/9/22
f 142/9/22 2/9/22 141/9/22
f 143/8/21 145/8/21 139/8/21
f 145/8/21 147/8/21 139/8/21
f 140/8/21 139/8/21 147/8/21
f 141/9/19 144/9/20 139/8/19
f 143/8/20 139/8/19 144/9/20
f 146/9/2 145/8/2 144/9/20
f 143/8/20 144/9/20 145/8/2
f 142/9/1 141/9/19 140/8/1
f 139/8/19 140/8/1 141/9/19
f 162/10/23 160/10/23 163/8/23
f 161/8/23 163/8/23 160/10/23
f 167/10/28 166/11/28 165/10/27
f 164/11/27 165/10/27 166/11/28
f 153/10/24 152/11/24 167/10/28
f 166/11/28 167/10/28 152/11/24
f 167/10/22 165/10/22 153/10/22
f 153/10/22 165/10/22 150/10/22
f 150/10/22 165/10/22 162/10/22
f 162/10/22 165/10/22 160/10/22
f 158/10/22 160/10/22 165/10/22
f 157/11/21 159/11/21 155/11/21
f 164/11/21 155/11/21 159/11/21
f 166/11/21 152/11/21 164/11/21
f 164/11/21 152/11/21 155/11/21
f 151/11/21 155/11/21 152/11/21
f 158/10/25 165/10/27 159/11/25
f 164/11/27 159/11/25 165/10/27
f 148/8/26 150/10/26 163/8/26
f 162/10/26 163/8/26 150/10/26
f 161/8/26 160/10/26 156/8/26
f 156/8/26 160/10/26 157/11/26
f 157/11/26 160/10/26 159/11/26
f 158/10/26 159/11/26 160/10/26
f 157/11/25 155/11/25 156/8/25
f 154/8/25 156/8/25 155/11/25
f 151/11/24 149/8/24 155/11/24
f 154/8/24 155/11/24 149/8/24
f 153/10/23 150/10/23 152/11/23
f 152/11/23 150/10/23 151/11/23
f 151/11/23 150/10/23 149/8/23
f 148/8/23 149/8/23 150/10/23
f 170/10/23 169/8/23 168/8/23
f 169/8/23 170/10/23 171/11/23
f 171/11/23 170/10/23 172/11/23
f 172/11/23 170/10/23 173/10/23
f 169/8/26 174/11/26 83/8/26
f 174/11/26 169/8/26 171/11/26
f 174/11/25 175/8/25 83/8/25
f 175/8/25 174/11/25 176/11/25
f 179/10/24 178/11/24 177/10/24
f 178/11/24 179/10/24 176/11/24
f 176/11/24 179/10/24 175/8/24
f 175/8/24 179/10/24 180/8/24
f 170/10/24 182/8/24 181/10/24
f 182/8/24 170/10/24 168/8/24
f 184/10/29 178/11/25 183/11/29
f 178/11/25 184/10/29 177/10/25
f 172/11/21 174/11/21 171/11/21
f 185/11/21 174/11/21 172/11/21
f 183/11/21 174/11/21 185/11/21
f 178/11/21 174/11/21 183/11/21
f 174/11/21 178/11/21 176/11/21
f 184/10/22 179/10/22 177/10/22
f 179/10/22 184/10/22 181/10/22
f 181/10/22 184/10/22 170/10/22
f 170/10/22 184/10/22 173/10/22
f 173/10/22 184/10/22 186/10/22
f 172/11/26 186/10/30 185/11/30
f 186/10/30 172/11/26 173/10/26
f 185/11/30 184/10/29 183/11/29
f 184/10/29 185/11/30 186/10/30
f 179/10/23 182/8/23 180/8/23
f 182/8/23 179/10/23 181/10/23
f 189/10/31 188/8/31 187/8/31
f 188/8/31 189/10/31 190/11/31
f 190/11/31 189/10/31 191/11/31
f 191/11/31 189/10/31 192/10/31
f 188/8/8 194/11/8 193/8/8
f 194/11/8 188/8/8 190/11/8
f 194/11/6 195/8/6 193/8/6
f 195/8/6 194/11/6 196/11/6
f 199/10/4 198/11/4 197/10/4
f 198/11/4 199/10/4 196/11/4
f 196/11/4 199/10/4 195/8/4
f 195/8/4 199/10/4 200/8/4
f 189/10/4 202/8/4 201/10/4
f 202/8/4 189/10/4 187/8/4
f 204/10/32 198/11/6 203/11/32
f 198/11/6 204/10/32 197/10/6
f 191/11/21 194/11/21 190/11/21
f 194/11/21 191/11/21 203/11/21
f 203/11/21 191/11/21 205/11/21
f 198/11/21 194/11/21 203/11/21
f 194/11/21 198/11/21 196/11/21
f 204/10/22 199/10/22 197/10/22
f 199/10/22 204/10/22 201/10/22
f 201/10/22 204/10/22 189/10/22
f 189/10/22 204/10/22 192/10/22
f 192/10/22 204/10/22 206/10/22
f 191/11/8 206/10/33 205/11/33
f 206/10/33 191/11/8 192/10/8
f 205/11/33 204/10/32 203/11/32
f 204/10/32 205/11/33 206/10/33
f 199/10/31 202/8/31 200/8/31
f 202/8/31 199/10/31 201/10/31
f 209/8/21 208/8/21 207/8/21
f 208/8/21 209/8/21 210/8/21
f 208/8/21 210/8/21 39/8/21
f 39/8/21 210/8/21 211/8/21
f 39/8/21 211/8/21 49/8/21
f 49/8/21 211/8/21 212/8/21
f 49/8/21 212/8/21 213/8/21
f 49/8/21 213/8/21 214/8/21
f 214/8/21 213/8/21 200/8/21
f 215/10/31 200/8/31 213/8/31
f 200/8/31 215/10/31 216/11/31
f 216/11/31 215/10/31 217/11/31
f 217/11/31 215/10/31 218/10/31
f 219/10/34 213/8/34 212/8/34
f 213/8/34 219/10/34 215/10/34
f 220/10/31 212/8/31 211/8/31
f 212/8/31 220/10/31 219/10/31
f 210/8/35 220/10/35 211/8/35
f 220/10/35 210/8/35 221/10/35
f 209/8/8 221/10/8 210/8/8
f 221/10/8 209/8/8 222/10/8
f 224/11/4 208/8/4 223/11/4
f 208/8/4 224/11/4 207/8/4
f 223/11/5 39/8/5 225/11/5
f 39/8/5 223/11/5 208/8/5
f 226/11/6 39/8/6 49/8/6
f 39/8/6 226/11/6 225/11/6
f 227/11/7 49/8/7 214/8/7
f 49/8/7 227/11/7 226/11/7
f 217/11/21 227/11/21 216/11/21
f 228/11/21 227/11/21 217/11/21
f 229/11/21 227/11/21 228/11/21
f 229/11/21 226/11/21 227/11/21
f 229/11/21 225/11/21 226/11/21
f 230/11/21 225/11/21 229/11/21
f 230/11/21 223/11/21 225/11/21
f 231/11/21 223/11/21 230/11/21
f 231/11/21 224/11/21 223/11/21
f 224/11/21 231/11/21 232/11/21
f 234/10/4 231/11/36 233/10/36
f 231/11/36 234/10/4 232/11/4
f 233/10/36 230/11/37 235/10/37
f 230/11/37 233/10/36 231/11/36
f 236/10/32 230/11/37 229/11/32
f 230/11/37 236/10/32 235/10/37
f 228/11/7 236/10/32 229/11/32
f 236/10/32 228/11/7 237/10/7
f 215/10/22 237/10/22 218/10/22
f 215/10/22 236/10/22 237/10/22
f 219/10/22 236/10/22 215/10/22
f 220/10/22 236/10/22 219/10/22
f 220/10/22 235/10/22 236/10/22
f 221/10/22 235/10/22 220/10/22
f 221/10/22 233/10/22 235/10/22
f 233/10/22 221/10/22 234/10/22
f 222/10/22 234/10/22 221/10/22
f 240/8/28 239/10/33 238/8/33
f 239/10/33 240/8/28 241/10/28
f 244/10/32 243/8/37 242/8/32
f 243/8/37 244/10/32 245/10/37
f 248/10/29 247/8/27 246/8/29
f 247/8/27 248/10/29 249/10/27
f 252/10/30 251/8/36 250/10/36
f 251/8/36 252/10/30 253/8/30
f 238/8/33 244/10/32 242/8/32
f 244/10/32 238/8/33 239/10/33
f 247/8/27 241/10/28 240/8/28
f 241/10/28 247/8/27 249/10/27
f 248/10/29 253/8/30 252/10/30
f 253/8/30 248/10/29 246/8/29
f 250/10/36 243/8/37 245/10/37
f 243/8/37 250/10/36 251/8/36
f 245/10/22 252/10/22 250/10/22
f 252/10/22 245/10/22 248/10/22
f 248/10/22 245/10/22 244/10/22
f 248/10/22 244/10/22 249/10/22
f 249/10/22 244/10/22 239/10/22
f 249/10/22 239/10/22 241/10/22
f 267/10/23 265/10/23 268/8/23
f 266/8/23 268/8/23 265/10/23
f 272/10/28 271/11/28 270/10/27
f 269/11/27 270/10/27 271/11/28
f 259/10/24 258/11/24 272/10/28
f 271/11/28 272/10/28 258/11/24
f 272/10/22 270/10/22 259/10/22
f 259/10/22 270/10/22 256/10/22
f 256/10/22 270/10/22 267/10/22
f 267/10/22 270/10/22 265/10/22
f 263/10/22 265/10/22 270/10/22
f 262/11/21 264/11/21 260/11/21
f 269/11/21 260/11/21 264/11/21
f 271/11/21 258/11/21 269/11/21
f 269/11/21 258/11/21 260/11/21
f 257/11/21 260/11/21 258/11/21
f 263/10/25 270/10/27 264/11/25
f 269/11/27 264/11/25 270/10/27
f 254/8/26 256/10/26 268/8/26
f 267/10/26 268/8/26 256/10/26
f 266/8/26 265/10/26 261/8/26
f 261/8/26 265/10/26 262/11/26
f 262/11/26 265/10/26 264/11/26
f 263/10/26 264/11/26 265/10/26
f 262/11/25 260/11/25 261/8/25
f 94/8/25 261/8/25 260/11/25
f 257/11/24 255/8/24 260/11/24
f 94/8/24 260/11/24 255/8/24
f 259/10/23 256/10/23 258/11/23
f 258/11/23 256/10/23 257/11/23
f 257/11/23 256/10/23 255/8/23
f 254/8/23 255/8/23 256/10/23
f 275/10/31 274/8/31 273/8/31
f 274/8/31 275/10/31 276/11/31
f 276/11/31 275/10/31 277/11/31
f 277/11/31 275/10/31 278/10/31
f 274/8/8 279/11/8 114/8/8
f 279/11/8 274/8/8 276/11/8
f 279/11/6 280/8/6 114/8/6
f 280/8/6 279/11/6 281/11/6
f 284/10/4 283/11/4 282/10/4
f 283/11/4 284/10/4 281/11/4
f 281/11/4 284/10/4 280/8/4
f 280/8/4 284/10/4 285/8/4
f 275/10/4 287/8/4 286/10/4
f 287/8/4 275/10/4 273/8/4
f 289/10/32 283/11/6 288/11/32
f 283/11/6 289/10/32 282/10/6
f 277/11/21 279/11/21 276/11/21
f 279/11/21 277/11/21 288/11/21
f 288/11/21 277/11/21 290/11/21
f 283/11/21 279/11/21 288/11/21
f 279/11/21 283/11/21 281/11/21
f 289/10/22 284/10/22 282/10/22
f 284/10/22 289/10/22 286/10/22
f 286/10/22 289/10/22 275/10/22
f 275/10/22 289/10/22 278/10/22
f 278/10/22 289/10/22 291/10/22
f 277/11/8 291/10/33 290/11/33
f 291/10/33 277/11/8 278/10/8
f 290/11/33 289/10/32 288/11/32
f 289/10/32 290/11/33 291/10/33
f 284/10/31 287/8/31 285/8/31
f 287/8/31 284/10/31 286/10/31
f 294/11/21 293/11/21 292/11/21
f 293/11/21 294/11/21 295/11/21
f 297/8/38 292/11/38 296/8/38
f 292/11/38 297/8/38 294/11/38
f 300/10/2 299/8/2 298/10/2
f 299/8/2 300/10/2 301/8/2
f 302/10/22 300/10/22 298/10/22
f 300/10/22 302/10/22 303/10/22
f 295/11/38 302/10/38 293/11/38
f 302/10/38 295/11/38 303/10/38
f 302/10/1 292/11/1 293/11/1
f 298/10/1 292/11/1 302/10/1
f 299/8/1 292/11/1 298/10/1
f 292/11/1 299/8/1 296/8/1
f 306/11/21 305/11/21 304/11/21
f 305/11/21 306/11/21 307/11/21
f 309/8/17 305/11/17 308/8/17
f 305/11/17 309/8/17 304/11/17
f 312/10/39 311/8/39 310/10/39
f 311/8/39 312/10/39 313/8/39
f 310/10/22 314/10/22 312/10/22
f 314/10/22 310/10/22 315/10/22
f 306/11/17 315/10/17 307/11/17
f 315/10/17 306/11/17 314/10/17
f 312/10/40 309/8/40 313/8/40
f 309/8/40 312/10/40 304/11/40
f 304/11/40 312/10/40 306/11/40
f 306/11/40 312/10/40 314/10/40
f 318/8/28 317/10/33 316/8/33
f 317/10/33 318/8/28 319/10/28
f 322/10/32 321/8/37 320/8/32
f 321/8/37 322/10/32 323/10/37
f 326/10/29 325/8/27 324/8/29
f 325/8/27 326/10/29 327/10/27
f 330/10/30 329/8/36 328/10/36
f 329/8/36 330/10/30 331/8/30
f 316/8/33 322/10/32 320/8/32
f 322/10/32 316/8/33 317/10/33
f 325/8/27 319/10/28 318/8/28
f 319/10/28 325/8/27 327/10/27
f 326/10/29 331/8/30 330/10/30
f 331/8/30 326/10/29 324/8/29
f 328/10/36 321/8/37 323/10/37
f 321/8/37 328/10/36 329/8/36
f 323/10/22 330/10/22 328/10/22
f 330/10/22 323/10/22 326/10/22
f 326/10/22 323/10/22 322/10/22
f 326/10/22 322/10/22 327/10/22
f 327/10/22 322/10/22 317/10/22
f 327/10/22 317/10/22 319/10/22
f 334/8/28 333/10/33 332/8/33
f 333/10/33 334/8/28 335/10/28
f 338/10/32 337/8/37 336/8/32
f 337/8/37 338/10/32 339/10/37
f 342/10/29 341/8/27 340/8/29
f 341/8/27 342/10/29 343/10/27
f 346/10/30 345/8/36 344/10/36
f 345/8/36 346/10/30 347/8/30
f 332/8/33 338/10/32 336/8/32
f 338/10/32 332/8/33 333/10/33
f 341/8/27 335/10/28 334/8/28
f 335/10/28 341/8/27 343/10/27
f 342/10/29 347/8/30 346/10/30
f 347/8/30 342/10/29 340/8/29
f 344/10/36 337/8/37 339/10/37
f 337/8/37 344/10/36 345/8/36
f 339/10/22 346/10/22 344/10/22
f 346/10/22 339/10/22 342/10/22
f 342/10/22 339/10/22 338/10/22
f 342/10/22 338/10/22 343/10/22
f 343/10/22 338/10/22 333/10/22
f 343/10/22 333/10/22 335/10/22
f 350/13/4 349/12/42 348/12/41
f 349/12/42 350/13/4 351/13/34
f 354/12/44 353/13/8 352/12/43
f 353/13/8 354/12/44 355/13/35
f 349/12/34 357/14/31 356/14/34
f 357/14/31 349/12/34 358/12/31
f 350/13/4 360/12/45 359/13/5
f 360/12/45 350/13/4 348/12/41
f 361/13/31 354/12/44 358/12/46
f 354/12/44 361/13/31 355/13/35
f 363/13/6 360/12/45 362/12/47
f 360/12/45 363/13/6 359/13/5
f 365/13/7 362/12/47 364/12/48
f 362/12/47 365/13/7 363/13/6
f 367/10/50 350/13/4 366/10/49
f 350/13/4 367/10/50 351/13/34
f 358/12/31 368/14/35 357/14/31
f 368/14/35 358/12/31 354/12/35
f 364/12/7 370/14/6 369/14/7
f 370/14/6 364/12/7 362/12/6
f 371/14/8 364/12/7 369/14/7
f 364/12/7 371/14/8 352/12/8
f 351/13/34 358/12/46 349/12/42
f 358/12/46 351/13/34 361/13/31
f 372/10/51 363/13/6 365/13/7
f 363/13/6 372/10/51 373/10/52
f 374/10/53 350/13/4 359/13/5
f 350/13/4 374/10/53 366/10/49
f 373/10/52 359/13/5 363/13/6
f 359/13/5 373/10/52 374/10/53
f 364/12/48 353/13/8 365/13/7
f 353/13/8 364/12/48 352/12/43
f 375/10/54 355/13/35 361/13/31
f 355/13/35 375/10/54 376/10/55
f 353/13/8 372/10/51 365/13/7
f 372/10/51 353/13/8 377/10/56
f 374/10/22 367/10/22 366/10/22
f 367/10/22 374/10/22 373/10/22
f 367/10/22 373/10/22 375/10/22
f 375/10/22 373/10/22 372/10/22
f 375/10/22 372/10/22 376/10/22
f 376/10/22 372/10/22 377/10/22
f 348/12/4 378/14/5 360/12/5
f 378/14/5 348/12/4 379/14/4
f 362/12/6 378/14/5 370/14/6
f 378/14/5 362/12/6 360/12/5
f 353/13/8 376/10/55 377/10/56
f 376/10/55 353/13/8 355/13/35
f 349/12/34 379/14/4 348/12/4
f 379/14/4 349/12/34 356/14/34
f 367/10/50 361/13/31 351/13/34
f 361/13/31 367/10/50 375/10/54
f 368/14/35 352/12/8 371/14/8
f 352/12/8 368/14/35 354/12/35
f 382/13/4 381/12/42 380/12/41
f 381/12/42 382/13/4 383/13/34
f 386/12/44 385/13/8 384/12/43
f 385/13/8 386/12/44 387/13/35
f 381/12/34 389/14/31 388/14/34
f 389/14/31 381/12/34 390/12/31
f 382/13/4 392/12/45 391/13/5
f 392/12/45 382/13/4 380/12/41
f 393/13/31 386/12/44 390/12/46
f 386/12/44 393/13/31 387/13/35
f 395/13/6 392/12/45 394/12/47
f 392/12/45 395/13/6 391/13/5
f 397/13/7 394/12/47 396/12/48
f 394/12/47 397/13/7 395/13/6
f 399/10/50 382/13/4 398/10/49
f 382/13/4 399/10/50 383/13/34
f 390/12/31 400/14/35 389/14/31
f 400/14/35 390/12/31 386/12/35
f 396/12/7 402/14/6 401/14/7
f 402/14/6 396/12/7 394/12/6
f 403/14/8 396/12/7 401/14/7
f 396/12/7 403/14/8 384/12/8
f 383/13/34 390/12/46 381/12/42
f 390/12/46 383/13/34 393/13/31
f 404/10/51 395/13/6 397/13/7
f 395/13/6 404/10/51 405/10/52
f 406/10/53 382/13/4 391/13/5
f 382/13/4 406/10/53 398/10/49
f 405/10/52 391/13/5 395/13/6
f 391/13/5 405/10/52 406/10/53
f 396/12/48 385/13/8 397/13/7
f 385/13/8 396/12/48 384/12/43
f 407/10/54 387/13/35 393/13/31
f 387/13/35 407/10/54 408/10/55
f 385/13/8 404/10/51 397/13/7
f 404/10/51 385/13/8 409/10/56
f 406/10/22 399/10/22 398/10/22
f 399/10/22 406/10/22 405/10/22
f 399/10/22 405/10/22 407/10/22
f 407/10/22 405/10/22 404/10/22
f 407/10/22 404/10/22 408/10/22
f 408/10/22 404/10/22 409/10/22
f 380/12/4 410/14/5 392/12/5
f 410/14/5 380/12/4 411/14/4
f 394/12/6 410/14/5 402/14/6
f 410/14/5 394/12/6 392/12/5
f 385/13/8 408/10/55 409/10/56
f 408/10/55 385/13/8 387/13/35
f 381/12/34 411/14/4 380/12/4
f 411/14/4 381/12/34 388/14/34
f 399/10/50 393/13/31 383/13/34
f 393/13/31 399/10/50 407/10/54
f 400/14/35 384/12/8 403/14/8
f 384/12/8 400/14/35 386/12/35
f 414/15/58 413/15/57 412/15/57
f 413/15/57 414/15/58 415/15/58
f 7/16/59 413/15/57 416/16/59
f 413/15/57 7/16/59 412/15/57
f 414/15/58 417/16/60 415/15/58
f 417/16/60 414/15/58 8/16/60
f 419/9/22 11/9/22 418/9/22
f 11/9/22 419/9/22 12/9/22
f 419/9/3 421/8/3 420/8/3
f 421/8/3 419/9/3 418/9/3
f 423/17/3 417/16/3 422/16/3
f 417/16/3 423/17/3 415/15/3
f 415/15/3 423/17/3 413/15/3
f 424/17/3 413/15/3 423/17/3
f 425/16/3 413/15/3 424/17/3
f 413/15/3 425/16/3 416/16/3
f 10/16/59 423/17/59 422/16/59
f 423/17/59 10/16/59 16/17/59
f 423/17/22 14/17/22 424/17/22
f 14/17/22 423/17/22 16/17/22
f 14/17/60 425/16/60 424/17/60
f 425/16/60 14/17/60 9/16/60
f 427/8/21 421/8/21 426/8/21
f 421/8/21 427/8/21 420/8/21
f 430/10/22 429/10/22 428/10/22
f 429/10/22 430/10/22 431/10/22
f 431/10/22 430/10/22 432/10/22
f 431/10/22 432/10/22 433/10/22
f 433/10/22 432/10/22 434/10/22
f 435/10/22 433/10/22 434/10/22
f 434/10/22 432/10/22 436/10/22
f 436/10/22 432/10/22 437/10/22
f 432/10/29 439/8/27 438/8/29
f 439/8/27 432/10/29 430/10/27
f 442/8/21 441/8/21 440/8/21
f 441/8/21 442/8/21 439/8/21
f 439/8/21 442/8/21 438/8/21
f 438/8/21 442/8/21 443/8/21
f 442/8/59 437/10/30 443/8/30
f 437/10/30 442/8/59 436/10/59
f 436/10/59 442/8/59 444/10/59
f 429/10/60 441/8/28 428/10/28
f 441/8/28 429/10/60 440/8/60
f 440/8/60 429/10/60 445/10/60
f 437/10/30 438/8/29 443/8/30
f 438/8/29 437/10/30 432/10/29
f 428/10/28 439/8/27 430/10/27
f 439/8/27 428/10/28 441/8/28
f 448/18/57 447/18/21 446/18/57
f 447/18/21 448/18/57 449/18/58
f 447/18/21 449/18/58 450/18/21
f 450/18/21 449/18/58 451/18/58
f 449/18/58 452/19/61 451/18/58
f 452/19/61 449/18/58 453/19/61
f 455/19/62 446/18/57 454/19/62
f 446/18/57 455/19/62 448/18/57
f 456/19/22 455/19/62 454/19/62
f 455/19/62 456/19/22 453/19/61
f 453/19/61 456/19/22 457/19/22
f 453/19/61 457/19/22 452/19/61
f 452/19/3 458/20/3 451/18/3
f 451/18/3 458/20/3 450/18/3
f 452/19/3 459/8/3 458/20/3
f 459/8/3 452/19/3 460/8/3
f 454/19/3 460/8/3 452/19/3
f 454/19/3 452/19/3 457/19/3
f 460/8/3 454/19/3 461/20/3
f 454/19/3 457/19/3 456/19/3
f 450/18/3 456/19/3 457/19/3
f 461/20/3 454/19/3 446/18/3
f 461/20/3 446/18/3 458/20/3
f 456/19/3 450/18/3 447/18/3
f 450/18/3 458/20/3 447/18/3
f 447/18/3 458/20/3 446/18/3
f 464/8/21 463/8/21 462/8/21
f 463/8/21 464/8/21 465/8/21
f 465/8/21 464/8/21 466/8/21
f 466/8/21 464/8/21 467/8/21
f 466/8/21 467/8/21 468/8/21
f 470/9/4 463/8/4 469/9/4
f 463/8/4 470/9/4 462/8/4
f 469/9/5 465/8/5 471/9/5
f 465/8/5 469/9/5 463/8/5
f 472/9/6 465/8/6 466/8/6
f 465/8/6 472/9/6 471/9/6
f 33/9/22 472/9/22 473/9/22
f 26/9/22 472/9/22 33/9/22
f 24/9/22 472/9/22 26/9/22
f 24/9/22 471/9/22 472/9/22
f 18/9/22 471/9/22 24/9/22
f 18/9/22 469/9/22 471/9/22
f 469/9/22 18/9/22 470/9/22
f 20/9/22 470/9/22 18/9/22
f 473/9/7 466/8/7 468/8/7
f 466/8/7 473/9/7 472/9/7
f 476/15/63 475/16/64 474/15/63
f 475/16/64 476/15/63 477/16/64
f 476/15/63 479/15/65 478/15/65
f 479/15/65 476/15/63 474/15/63
f 480/16/66 478/15/65 479/15/65
f 478/15/65 480/16/66 481/16/66
f 475/16/64 481/16/66 480/16/66
f 481/16/66 475/16/64 477/16/64
f 27/21/68 482/21/67 28/21/67
f 482/21/67 27/21/68 483/21/68
f 22/22/69 485/23/70 484/22/69
f 485/23/70 22/22/69 23/23/70
f 487/17/72 32/17/71 486/17/71
f 32/17/71 487/17/72 30/17/72
f 489/23/74 29/22/73 488/22/73
f 29/22/73 489/23/74 25/23/74
f 488/22/73 30/17/72 487/17/72
f 30/17/72 488/22/73 29/22/73
f 28/21/67 485/23/70 23/23/70
f 485/23/70 28/21/67 482/21/67
f 486/17/71 22/22/69 484/22/69
f 22/22/69 486/17/71 32/17/71
f 25/23/74 483/21/68 27/21/68
f 483/21/68 25/23/74 489/23/74
f 489/23/6 482/21/6 483/21/6
f 482/21/6 489/23/6 485/23/6
f 485/23/6 489/23/6 475/16/6
f 475/16/6 489/23/6 488/22/6
f 480/16/6 485/23/6 475/16/6
f 475/16/6 488/22/6 474/15/6
f 485/23/6 480/16/6 484/22/6
f 474/15/6 488/22/6 479/15/6
f 484/22/6 480/16/6 479/15/6
f 484/22/6 479/15/6 488/22/6
f 484/22/6 488/22/6 487/17/6
f 484/22/6 487/17/6 486/17/6
f 492/19/66 491/18/65 490/18/65
f 491/18/65 492/19/66 493/19/66
f 496/18/63 495/19/64 494/18/63
f 495/19/64 496/18/63 497/19/64
f 495/19/64 493/19/66 492/19/66
f 493/19/66 495/19/64 497/19/64
f 496/18/63 490/18/65 491/18/65
f 490/18/65 496/18/63 494/18/63
f 495/19/6 498/20/6 494/18/6
f 494/18/6 498/20/6 490/18/6
f 495/19/6 499/8/6 498/20/6
f 500/20/6 490/18/6 498/20/6
f 499/8/6 495/19/6 501/8/6
f 500/20/6 492/19/6 490/18/6
f 501/8/6 492/19/6 500/20/6
f 492/19/6 501/8/6 495/19/6
f 504/8/21 503/8/21 502/8/21
f 503/8/21 504/8/21 505/8/21
f 505/8/21 504/8/21 506/8/21
f 506/8/21 504/8/21 34/8/21
f 506/8/21 34/8/21 507/8/21
f 509/9/4 503/8/4 508/9/4
f 503/8/4 509/9/4 502/8/4
f 508/9/5 505/8/5 510/9/5
f 505/8/5 508/9/5 503/8/5
f 511/9/6 505/8/6 506/8/6
f 505/8/6 511/9/6 510/9/6
f 51/9/22 511/9/22 512/9/22
f 44/9/22 511/9/22 51/9/22
f 42/9/22 511/9/22 44/9/22
f 42/9/22 510/9/22 511/9/22
f 36/9/22 510/9/22 42/9/22
f 36/9/22 508/9/22 510/9/22
f 508/9/22 36/9/22 509/9/22
f 38/9/22 509/9/22 36/9/22
f 512/9/7 506/8/7 507/8/7
f 506/8/7 512/9/7 511/9/7
f 515/15/63 514/16/64 513/15/63
f 514/16/64 515/15/63 516/16/64
f 515/15/63 518/15/65 517/15/65
f 518/15/65 515/15/63 513/15/63
f 519/16/66 517/15/65 518/15/65
f 517/15/65 519/16/66 520/16/66
f 514/16/64 520/16/66 519/16/66
f 520/16/66 514/16/64 516/16/64
f 45/21/68 521/21/67 46/21/67
f 521/21/67 45/21/68 522/21/68
f 40/22/69 524/23/70 523/22/69
f 524/23/70 40/22/69 41/23/70
f 526/17/72 50/17/71 525/17/71
f 50/17/71 526/17/72 48/17/72
f 528/23/74 47/22/73 527/22/73
f 47/22/73 528/23/74 43/23/74
f 527/22/73 48/17/72 526/17/72
f 48/17/72 527/22/73 47/22/73
f 46/21/67 524/23/70 41/23/70
f 524/23/70 46/21/67 521/21/67
f 525/17/71 40/22/69 523/22/69
f 40/22/69 525/17/71 50/17/71
f 43/23/74 522/21/68 45/21/68
f 522/21/68 43/23/74 528/23/74
f 528/23/6 521/21/6 522/21/6
f 521/21/6 528/23/6 524/23/6
f 524/23/6 528/23/6 514/16/6
f 514/16/6 528/23/6 527/22/6
f 519/16/6 524/23/6 514/16/6
f 514/16/6 527/22/6 513/15/6
f 524/23/6 519/16/6 523/22/6
f 513/15/6 527/22/6 518/15/6
f 523/22/6 519/16/6 518/15/6
f 523/22/6 518/15/6 527/22/6
f 523/22/6 527/22/6 526/17/6
f 523/22/6 526/17/6 525/17/6
f 531/19/66 530/18/65 529/18/65
f 530/18/65 531/19/66 532/19/66
f 535/18/63 534/19/64 533/18/63
f 534/19/64 535/18/63 536/19/64
f 534/19/64 532/19/66 531/19/66
f 532/19/66 534/19/64 536/19/64
f 535/18/63 529/18/65 530/18/65
f 529/18/65 535/18/63 533/18/63
f 534/19/6 537/20/6 533/18/6
f 533/18/6 537/20/6 529/18/6
f 534/19/6 538/8/6 537/20/6
f 539/20/6 529/18/6 537/20/6
f 538/8/6 534/19/6 540/8/6
f 539/20/6 531/19/6 529/18/6
f 540/8/6 531/19/6 539/20/6
f 531/19/6 540/8/6 534/19/6
f 556/8/21 575/8/21 546/8/21
f 546/8/21 575/8/21 548/8/21
f 548/8/21 575/8/21 543/8/21
f 543/8/21 562/8/21 541/8/21
f 543/8/21 575/8/21 562/8/21
f 562/8/21 575/8/21 550/8/21
f 552/8/21 550/8/21 575/8/21
f 564/14/63 563/14/63 574/11/4
f 568/24/64 574/11/4 563/14/63
f 574/11/4 568/24/64 573/23/4
f 567/24/64 573/23/4 568/24/64
f 570/24/66 565/14/65 569/24/66
f 569/24/66 565/14/65 572/23/8
f 572/23/8 565/14/65 571/11/8
f 566/14/65 571/11/8 565/14/65
f 570/24/66 569/24/66 568/24/64
f 567/24/64 568/24/64 569/24/66
f 566/14/65 565/14/65 564/14/63
f 563/14/63 564/14/63 565/14/65
f 61/17/71 60/22/69 558/17/71
f 555/22/69 558/17/71 60/22/69
f 63/22/73 62/17/72 557/22/73
f 559/17/72 557/22/73 62/17/72
f 64/9/8 63/22/73 560/9/8
f 557/22/73 560/9/8 63/22/73
f 61/17/71 558/17/71 62/17/72
f 559/17/72 62/17/72 558/17/71
f 64/9/22 560/9/22 54/9/22
f 560/9/22 561/9/22 54/9/22
f 54/9/22 561/9/22 56/9/22
f 561/9/22 549/9/22 56/9/22
f 551/9/22 56/9/22 549/9/22
f 550/8/33 549/9/33 562/8/32
f 561/9/32 562/8/32 549/9/33
f 562/8/32 561/9/32 541/8/6
f 560/9/6 541/8/6 561/9/32
f 541/8/6 560/9/6 542/15/6
f 557/22/6 542/15/6 560/9/6
f 559/17/6 558/17/6 557/22/6
f 558/17/6 555/22/6 557/22/6
f 555/22/6 542/15/6 557/22/6
f 542/15/6 555/22/6 545/15/6
f 555/22/6 553/9/6 545/15/6
f 545/15/6 553/9/6 546/8/6
f 553/9/6 554/9/6 546/8/6
f 556/8/6 546/8/6 554/9/6
f 60/22/69 58/9/4 555/22/69
f 553/9/4 555/22/69 58/9/4
f 57/9/22 554/9/22 58/9/22
f 553/9/22 58/9/22 554/9/22
f 552/8/8 551/9/8 550/8/33
f 549/9/33 550/8/33 551/9/8
f 545/15/21 547/15/21 542/15/21
f 544/15/21 542/15/21 547/15/21
f 548/8/8 547/15/8 546/8/8
f 545/15/8 546/8/8 547/15/8
f 544/15/4 543/8/4 542/15/4
f 541/8/4 542/15/4 543/8/4
f 578/8/65 577/8/63 576/8/63
f 577/8/63 578/8/65 579/8/65
f 581/10/64 577/8/63 580/10/64
f 577/8/63 581/10/64 576/8/63
f 578/8/65 582/10/66 579/8/65
f 582/10/66 578/8/65 583/10/66
f 582/10/66 581/10/64 580/10/64
f 581/10/64 582/10/66 583/10/66
f 582/10/6 577/8/6 579/8/6
f 577/8/6 582/10/6 580/10/6
f 586/21/31 585/17/31 584/21/31
f 585/17/31 586/21/31 587/17/31
f 590/17/7 589/21/5 588/21/7
f 589/21/5 590/17/7 591/17/5
f 584/21/8 590/17/7 588/21/7
f 590/17/7 584/21/8 585/17/8
f 590/17/22 587/17/22 591/17/22
f 587/17/22 590/17/22 585/17/22
f 584/21/21 589/21/21 586/21/21
f 589/21/21 584/21/21 588/21/21
f 587/17/4 589/21/5 591/17/5
f 589/21/5 587/17/4 586/21/4
f 67/16/10 72/17/10 610/16/10
f 609/17/10 610/16/10 72/17/10
f 74/17/22 608/17/22 72/17/22
f 609/17/22 72/17/22 608/17/22
f 74/17/77 68/16/77 608/17/77
f 607/16/77 608/17/77 68/16/77
f 601/16/9 610/16/9 592/15/9
f 609/17/9 592/15/9 610/16/9
f 608/17/9 592/15/9 609/17/9
f 592/15/9 608/17/9 593/15/9
f 593/15/9 608/17/9 602/16/9
f 607/16/9 602/16/9 608/17/9
f 597/8/33 606/9/33 599/8/32
f 604/9/32 599/8/32 606/9/33
f 604/9/32 603/9/9 599/8/32
f 600/8/9 599/8/32 603/9/9
f 596/8/10 605/9/10 597/8/33
f 606/9/33 597/8/33 605/9/10
f 606/9/22 605/9/22 604/9/22
f 76/9/22 604/9/22 605/9/22
f 69/9/22 604/9/22 76/9/22
f 604/9/22 69/9/22 603/9/22
f 70/9/22 603/9/22 69/9/22
f 66/16/10 595/15/76 602/16/10
f 593/15/76 602/16/10 595/15/76
f 594/15/75 65/16/77 592/15/75
f 601/16/77 592/15/75 65/16/77
f 600/8/21 598/8/21 599/8/21
f 599/8/21 598/8/21 597/8/21
f 596/8/21 597/8/21 598/8/21
f 595/15/76 594/15/75 593/15/76
f 592/15/75 593/15/76 594/15/75
f 624/8/33 611/10/33 622/8/32
f 613/10/32 622/8/32 611/10/33
f 615/10/37 620/10/36 621/8/37
f 626/8/36 621/8/37 620/10/36
f 628/10/10 612/10/10 623/8/10
f 623/8/10 612/10/10 624/8/33
f 611/10/33 624/8/33 612/10/10
f 627/10/77 625/8/77 619/10/77
f 619/10/77 625/8/77 620/10/36
f 626/8/36 620/10/36 625/8/77
f 626/8/21 625/8/21 621/8/21
f 621/8/21 625/8/21 622/8/21
f 622/8/21 625/8/21 624/8/21
f 623/8/21 624/8/21 625/8/21
f 613/10/32 615/10/37 622/8/32
f 621/8/37 622/8/32 615/10/37
f 620/10/22 615/10/22 619/10/22
f 619/10/22 615/10/22 617/10/22
f 617/10/22 616/10/22 618/10/22
f 617/10/22 615/10/22 616/10/22
f 616/10/22 615/10/22 614/10/22
f 615/10/22 613/10/22 614/10/22
f 614/10/22 613/10/22 612/10/22
f 611/10/22 612/10/22 613/10/22
f 629/18/9 641/20/9 630/18/9
f 630/18/9 641/20/9 633/18/9
f 630/18/9 633/18/9 639/19/9
f 641/20/9 629/18/9 644/20/9
f 629/18/9 637/19/9 644/20/9
f 640/19/9 639/19/9 633/18/9
f 639/19/9 640/19/9 637/19/9
f 644/20/9 637/19/9 643/8/9
f 640/19/9 635/19/9 637/19/9
f 635/19/9 643/8/9 637/19/9
f 643/8/9 635/19/9 642/8/9
f 641/20/9 642/8/9 635/19/9
f 633/18/9 641/20/9 634/18/9
f 634/18/9 641/20/9 635/19/9
f 635/19/78 640/19/22 636/19/78
f 640/19/22 639/19/22 636/19/78
f 636/19/78 639/19/22 638/19/79
f 637/19/79 638/19/79 639/19/22
f 631/18/75 638/19/79 629/18/75
f 637/19/79 629/18/75 638/19/79
f 636/19/78 632/18/76 635/19/78
f 634/18/76 635/19/78 632/18/76
f 634/18/76 632/18/76 633/18/21
f 633/18/21 632/18/76 630/18/21
f 632/18/76 631/18/75 630/18/21
f 629/18/75 630/18/21 631/18/75
f 79/16/12 84/17/12 662/16/12
f 661/17/12 662/16/12 84/17/12
f 86/17/22 660/17/22 84/17/22
f 661/17/22 84/17/22 660/17/22
f 86/17/13 80/16/13 660/17/13
f 659/16/13 660/17/13 80/16/13
f 653/16/11 662/16/11 645/15/11
f 661/17/11 645/15/11 662/16/11
f 660/17/11 645/15/11 661/17/11
f 645/15/11 660/17/11 646/15/11
f 646/15/11 660/17/11 654/16/11
f 659/16/11 654/16/11 660/17/11
f 650/8/30 658/9/30 651/8/29
f 656/9/29 651/8/29 658/9/30
f 656/9/29 655/9/11 651/8/29
f 652/8/11 651/8/29 655/9/11
f 649/8/12 657/9/12 650/8/30
f 658/9/30 650/8/30 657/9/12
f 658/9/22 657/9/22 656/9/22
f 88/9/22 656/9/22 657/9/22
f 81/9/22 656/9/22 88/9/22
f 656/9/22 81/9/22 655/9/22
f 82/9/22 655/9/22 81/9/22
f 78/16/12 648/15/81 654/16/12
f 646/15/81 654/16/12 648/15/81
f 647/15/80 77/16/13 645/15/80
f 653/16/13 645/15/80 77/16/13
f 652/8/21 598/8/21 651/8/21
f 651/8/21 598/8/21 650/8/21
f 649/8/21 650/8/21 598/8/21
f 648/15/81 647/15/80 646/15/81
f 645/15/80 646/15/81 647/15/80
f 676/8/30 663/10/30 674/8/29
f 665/10/29 674/8/29 663/10/30
f 667/10/27 672/10/28 673/8/27
f 678/8/28 673/8/27 672/10/28
f 680/10/12 664/10/12 675/8/12
f 675/8/12 664/10/12 676/8/30
f 663/10/30 676/8/30 664/10/12
f 679/10/13 677/8/13 671/10/13
f 671/10/13 677/8/13 672/10/28
f 678/8/28 672/10/28 677/8/13
f 678/8/21 677/8/21 673/8/21
f 673/8/21 677/8/21 674/8/21
f 674/8/21 677/8/21 676/8/21
f 675/8/21 676/8/21 677/8/21
f 665/10/29 667/10/27 674/8/29
f 673/8/27 674/8/29 667/10/27
f 672/10/22 667/10/22 671/10/22
f 671/10/22 667/10/22 669/10/22
f 669/10/22 668/10/22 670/10/22
f 669/10/22 667/10/22 668/10/22
f 668/10/22 667/10/22 666/10/22
f 667/10/22 665/10/22 666/10/22
f 666/10/22 665/10/22 664/10/22
f 663/10/22 664/10/22 665/10/22
f 681/18/11 693/20/11 682/18/11
f 682/18/11 693/20/11 685/18/11
f 682/18/11 685/18/11 691/19/11
f 693/20/11 681/18/11 696/20/11
f 681/18/11 689/19/11 696/20/11
f 692/19/11 691/19/11 685/18/11
f 691/19/11 692/19/11 689/19/11
f 696/20/11 689/19/11 695/8/11
f 692/19/11 687/19/11 689/19/11
f 687/19/11 695/8/11 689/19/11
f 695/8/11 687/19/11 694/8/11
f 693/20/11 694/8/11 687/19/11
f 685/18/11 693/20/11 686/18/11
f 686/18/11 693/20/11 687/19/11
f 687/19/82 692/19/22 688/19/82
f 692/19/22 691/19/22 688/19/82
f 688/19/82 691/19/22 690/19/83
f 689/19/83 690/19/83 691/19/22
f 683/18/80 690/19/83 681/18/80
f 689/19/83 681/18/80 690/19/83
f 688/19/82 684/18/81 687/19/82
f 686/18/81 687/19/82 684/18/81
f 686/18/81 684/18/81 685/18/21
f 685/18/21 684/18/81 682/18/21
f 684/18/81 683/18/80 682/18/21
f 681/18/80 682/18/21 683/18/80
f 699/15/81 698/15/80 697/15/81
f 698/15/80 699/15/81 700/15/80
f 703/8/21 702/8/21 701/8/21
f 702/8/21 703/8/21 704/8/21
f 704/8/21 703/8/21 705/8/21
f 89/16/12 697/15/81 706/16/12
f 697/15/81 89/16/12 699/15/81
f 700/15/80 707/16/13 698/15/80
f 707/16/13 700/15/80 90/16/13
f 93/9/22 418/9/22 11/9/22
f 418/9/22 93/9/22 708/9/22
f 98/9/22 708/9/22 93/9/22
f 709/9/22 708/9/22 98/9/22
f 708/9/22 709/9/22 710/9/22
f 709/9/13 702/8/28 710/9/28
f 702/8/28 709/9/13 701/8/13
f 418/9/11 704/8/27 705/8/11
f 704/8/27 418/9/11 708/9/27
f 710/9/28 704/8/27 708/9/27
f 704/8/27 710/9/28 702/8/28
f 712/17/11 707/16/11 711/16/11
f 707/16/11 712/17/11 698/15/11
f 698/15/11 712/17/11 697/15/11
f 713/17/11 697/15/11 712/17/11
f 714/16/11 697/15/11 713/17/11
f 697/15/11 714/16/11 706/16/11
f 92/16/12 712/17/12 711/16/12
f 712/17/12 92/16/12 96/17/12
f 712/17/22 95/17/22 713/17/22
f 95/17/22 712/17/22 96/17/22
f 95/17/13 714/16/13 713/17/13
f 714/16/13 95/17/13 91/16/13
f 717/10/22 716/10/22 715/10/22
f 716/10/22 717/10/22 718/10/22
f 718/10/22 717/10/22 719/10/22
f 718/10/22 719/10/22 720/10/22
f 720/10/22 719/10/22 721/10/22
f 722/10/22 720/10/22 721/10/22
f 721/10/22 719/10/22 723/10/22
f 723/10/22 719/10/22 724/10/22
f 719/10/29 726/8/27 725/8/29
f 726/8/27 719/10/29 717/10/27
f 729/8/21 728/8/21 727/8/21
f 728/8/21 729/8/21 726/8/21
f 726/8/21 729/8/21 725/8/21
f 725/8/21 729/8/21 730/8/21
f 729/8/12 724/10/30 730/8/30
f 724/10/30 729/8/12 723/10/12
f 723/10/12 729/8/12 731/10/12
f 716/10/13 728/8/28 715/10/28
f 728/8/28 716/10/13 727/8/13
f 727/8/13 716/10/13 732/10/13
f 724/10/30 725/8/29 730/8/30
f 725/8/29 724/10/30 719/10/29
f 715/10/28 726/8/27 717/10/27
f 726/8/27 715/10/28 728/8/28
f 735/18/81 734/18/21 733/18/81
f 734/18/21 735/18/81 736/18/80
f 734/18/21 736/18/80 737/18/21
f 737/18/21 736/18/80 738/18/80
f 736/18/80 739/19/83 738/18/80
f 739/19/83 736/18/80 740/19/83
f 742/19/82 733/18/81 741/19/82
f 733/18/81 742/19/82 735/18/81
f 743/19/22 742/19/82 741/19/82
f 742/19/82 743/19/22 740/19/83
f 740/19/83 743/19/22 744/19/22
f 740/19/83 744/19/22 739/19/83
f 739/19/11 745/20/11 738/18/11
f 738/18/11 745/20/11 737/18/11
f 739/19/11 746/8/11 745/20/11
f 746/8/11 739/19/11 747/8/11
f 741/19/11 747/8/11 739/19/11
f 741/19/11 739/19/11 744/19/11
f 747/8/11 741/19/11 748/20/11
f 741/19/11 744/19/11 743/19/11
f 737/18/11 743/19/11 744/19/11
f 748/20/11 741/19/11 733/18/11
f 748/20/11 733/18/11 745/20/11
f 743/19/11 737/18/11 734/18/11
f 737/18/11 745/20/11 734/18/11
f 734/18/11 745/20/11 733/18/11
f 751/15/63 750/15/65 749/15/65
f 750/15/65 751/15/63 752/15/63
f 99/16/8 750/15/65 753/16/8
f 750/15/65 99/16/8 749/15/65
f 751/15/63 754/16/4 752/15/63
f 754/16/4 751/15/63 100/16/4
f 756/9/22 103/9/22 755/9/22
f 103/9/22 756/9/22 104/9/22
f 756/9/6 758/8/6 757/8/6
f 758/8/6 756/9/6 755/9/6
f 760/17/6 754/16/6 759/16/6
f 754/16/6 760/17/6 752/15/6
f 752/15/6 760/17/6 750/15/6
f 761/17/6 750/15/6 760/17/6
f 762/16/6 750/15/6 761/17/6
f 750/15/6 762/16/6 753/16/6
f 102/16/8 760/17/8 759/16/8
f 760/17/8 102/16/8 108/17/8
f 760/17/22 106/17/22 761/17/22
f 106/17/22 760/17/22 108/17/22
f 106/17/4 762/16/4 761/17/4
f 762/16/4 106/17/4 101/16/4
f 703/8/21 758/8/21 763/8/21
f 758/8/21 703/8/21 757/8/21
f 766/10/22 765/10/22 764/10/22
f 765/10/22 766/10/22 767/10/22
f 767/10/22 766/10/22 768/10/22
f 767/10/22 768/10/22 769/10/22
f 769/10/22 768/10/22 770/10/22
f 771/10/22 769/10/22 770/10/22
f 770/10/22 768/10/22 772/10/22
f 772/10/22 768/10/22 773/10/22
f 768/10/32 775/8/37 774/8/32
f 775/8/37 768/10/32 766/10/37
f 778/8/21 777/8/21 776/8/21
f 777/8/21 778/8/21 775/8/21
f 775/8/21 778/8/21 774/8/21
f 774/8/21 778/8/21 779/8/21
f 778/8/8 773/10/33 779/8/33
f 773/10/33 778/8/8 772/10/8
f 772/10/8 778/8/8 780/10/8
f 765/10/4 777/8/36 764/10/36
f 777/8/36 765/10/4 776/8/4
f 776/8/4 765/10/4 781/10/4
f 773/10/33 774/8/32 779/8/33
f 774/8/32 773/10/33 768/10/32
f 764/10/36 775/8/37 766/10/37
f 775/8/37 764/10/36 777/8/36
f 784/18/65 783/18/21 782/18/65
f 783/18/21 784/18/65 785/18/63
f 783/18/21 785/18/63 786/18/21
f 786/18/21 785/18/63 787/18/63
f 785/18/63 788/19/64 787/18/63
f 788/19/64 785/18/63 789/19/64
f 791/19/66 782/18/65 790/19/66
f 782/18/65 791/19/66 784/18/65
f 792/19/22 791/19/66 790/19/66
f 791/19/66 792/19/22 789/19/64
f 789/19/64 792/19/22 793/19/22
f 789/19/64 793/19/22 788/19/64
f 788/19/6 794/20/6 787/18/6
f 787/18/6 794/20/6 786/18/6
f 788/19/6 795/8/6 794/20/6
f 795/8/6 788/19/6 796/8/6
f 790/19/6 796/8/6 788/19/6
f 790/19/6 788/19/6 793/19/6
f 796/8/6 790/19/6 797/20/6
f 790/19/6 793/19/6 792/19/6
f 786/18/6 792/19/6 793/19/6
f 797/20/6 790/19/6 782/18/6
f 797/20/6 782/18/6 794/20/6
f 792/19/6 786/18/6 783/18/6
f 786/18/6 794/20/6 783/18/6
f 783/18/6 794/20/6 782/18/6
f 111/16/15 115/17/15 811/16/15
f 810/17/15 811/16/15 115/17/15
f 116/17/22 809/17/22 115/17/22
f 810/17/22 115/17/22 809/17/22
f 116/17/86 112/16/86 809/17/86
f 808/16/86 809/17/86 112/16/86
f 804/16/14 811/16/14 798/15/14
f 810/17/14 798/15/14 811/16/14
f 809/17/14 798/15/14 810/17/14
f 798/15/14 809/17/14 799/15/14
f 799/15/14 809/17/14 805/16/14
f 808/16/14 805/16/14 809/17/14
f 802/8/33 807/9/33 803/8/32
f 806/9/32 803/8/32 807/9/33
f 806/9/32 756/9/14 803/8/32
f 757/8/14 803/8/32 756/9/14
f 701/8/15 709/9/15 802/8/33
f 807/9/33 802/8/33 709/9/15
f 807/9/22 709/9/22 806/9/22
f 98/9/22 806/9/22 709/9/22
f 113/9/22 806/9/22 98/9/22
f 806/9/22 113/9/22 756/9/22
f 104/9/22 756/9/22 113/9/22
f 110/16/15 801/15/85 805/16/15
f 799/15/85 805/16/15 801/15/85
f 800/15/84 109/16/86 798/15/84
f 804/16/86 798/15/84 109/16/86
f 757/8/21 703/8/21 803/8/21
f 803/8/21 703/8/21 802/8/21
f 701/8/21 802/8/21 703/8/21
f 801/15/85 800/15/84 799/15/85
f 798/15/84 799/15/85 800/15/84
f 825/8/33 812/10/33 823/8/32
f 814/10/32 823/8/32 812/10/33
f 816/10/37 821/10/36 822/8/37
f 827/8/36 822/8/37 821/10/36
f 829/10/15 813/10/15 824/8/15
f 824/8/15 813/10/15 825/8/33
f 812/10/33 825/8/33 813/10/15
f 828/10/86 826/8/86 820/10/86
f 820/10/86 826/8/86 821/10/36
f 827/8/36 821/10/36 826/8/86
f 827/8/21 826/8/21 822/8/21
f 822/8/21 826/8/21 823/8/21
f 823/8/21 826/8/21 825/8/21
f 824/8/21 825/8/21 826/8/21
f 814/10/32 816/10/37 823/8/32
f 822/8/37 823/8/32 816/10/37
f 821/10/22 816/10/22 820/10/22
f 820/10/22 816/10/22 818/10/22
f 818/10/22 817/10/22 819/10/22
f 818/10/22 816/10/22 817/10/22
f 817/10/22 816/10/22 815/10/22
f 816/10/22 814/10/22 815/10/22
f 815/10/22 814/10/22 813/10/22
f 812/10/22 813/10/22 814/10/22
f 830/18/14 842/20/14 831/18/14
f 831/18/14 842/20/14 834/18/14
f 831/18/14 834/18/14 840/19/14
f 842/20/14 830/18/14 845/20/14
f 830/18/14 838/19/14 845/20/14
f 841/19/14 840/19/14 834/18/14
f 840/19/14 841/19/14 838/19/14
f 845/20/14 838/19/14 844/8/14
f 841/19/14 836/19/14 838/19/14
f 836/19/14 844/8/14 838/19/14
f 844/8/14 836/19/14 843/8/14
f 842/20/14 843/8/14 836/19/14
f 834/18/14 842/20/14 835/18/14
f 835/18/14 842/20/14 836/19/14
f 836/19/87 841/19/22 837/19/87
f 841/19/22 840/19/22 837/19/87
f 837/19/87 840/19/22 839/19/88
f 838/19/88 839/19/88 840/19/22
f 832/18/84 839/19/88 830/18/84
f 838/19/88 830/18/84 839/19/88
f 837/19/87 833/18/85 836/19/87
f 835/18/85 836/19/87 833/18/85
f 835/18/85 833/18/85 834/18/21
f 834/18/21 833/18/85 831/18/21
f 833/18/85 832/18/84 831/18/21
f 830/18/84 831/18/21 832/18/84
f 119/16/17 124/17/17 864/16/17
f 863/17/17 864/16/17 124/17/17
f 126/17/22 862/17/22 124/17/22
f 863/17/22 124/17/22 862/17/22
f 126/17/39 120/16/39 862/17/39
f 861/16/39 862/17/39 120/16/39
f 855/16/16 864/16/16 846/15/16
f 863/17/16 846/15/16 864/16/16
f 862/17/16 846/15/16 863/17/16
f 846/15/16 862/17/16 847/15/16
f 847/15/16 862/17/16 856/16/16
f 861/16/16 856/16/16 862/17/16
f 851/8/91 860/9/91 853/8/92
f 858/9/92 853/8/92 860/9/91
f 858/9/92 857/9/16 853/8/92
f 854/8/16 853/8/92 857/9/16
f 850/8/17 859/9/17 851/8/91
f 860/9/91 851/8/91 859/9/17
f 860/9/22 859/9/22 858/9/22
f 128/9/22 858/9/22 859/9/22
f 121/9/22 858/9/22 128/9/22
f 858/9/22 121/9/22 857/9/22
f 122/9/22 857/9/22 121/9/22
f 118/16/17 849/15/90 856/16/17
f 847/15/90 856/16/17 849/15/90
f 848/15/89 117/16/39 846/15/89
f 855/16/39 846/15/89 117/16/39
f 854/8/21 852/8/21 853/8/21
f 853/8/21 852/8/21 851/8/21
f 850/8/21 851/8/21 852/8/21
f 849/15/90 848/15/89 847/15/90
f 846/15/89 847/15/90 848/15/89
f 878/8/91 865/10/91 876/8/92
f 867/10/92 876/8/92 865/10/91
f 869/10/93 874/10/94 875/8/93
f 880/8/94 875/8/93 874/10/94
f 882/10/17 866/10/17 877/8/17
f 877/8/17 866/10/17 878/8/91
f 865/10/91 878/8/91 866/10/17
f 881/10/39 879/8/39 873/10/39
f 873/10/39 879/8/39 874/10/94
f 880/8/94 874/10/94 879/8/39
f 880/8/21 879/8/21 875/8/21
f 875/8/21 879/8/21 876/8/21
f 876/8/21 879/8/21 878/8/21
f 877/8/21 878/8/21 879/8/21
f 867/10/92 869/10/93 876/8/92
f 875/8/93 876/8/92 869/10/93
f 874/10/22 869/10/22 873/10/22
f 873/10/22 869/10/22 871/10/22
f 871/10/22 870/10/22 872/10/22
f 871/10/22 869/10/22 870/10/22
f 870/10/22 869/10/22 868/10/22
f 869/10/22 867/10/22 868/10/22
f 868/10/22 867/10/22 866/10/22
f 865/10/22 866/10/22 867/10/22
f 883/18/16 895/20/16 884/18/16
f 884/18/16 895/20/16 887/18/16
f 884/18/16 887/18/16 893/19/16
f 895/20/16 883/18/16 898/20/16
f 883/18/16 891/19/16 898/20/16
f 894/19/16 893/19/16 887/18/16
f 893/19/16 894/19/16 891/19/16
f 898/20/16 891/19/16 897/8/16
f 894/19/16 889/19/16 891/19/16
f 889/19/16 897/8/16 891/19/16
f 897/8/16 889/19/16 896/8/16
f 895/20/16 896/8/16 889/19/16
f 887/18/16 895/20/16 888/18/16
f 888/18/16 895/20/16 889/19/16
f 889/19/95 894/19/22 890/19/95
f 894/19/22 893/19/22 890/19/95
f 890/19/95 893/19/22 892/19/96
f 891/19/96 892/19/96 893/19/22
f 885/18/89 892/19/96 883/18/89
f 891/19/96 883/18/89 892/19/96
f 890/19/95 886/18/90 889/19/95
f 888/18/90 889/19/95 886/18/90
f 888/18/90 886/18/90 887/18/21
f 887/18/21 886/18/90 884/18/21
f 886/18/90 885/18/89 884/18/21
f 883/18/89 884/18/21 885/18/89
f 130/9/97 900/22/98 899/9/97
f 900/22/98 130/9/97 132/22/98
f 899/9/22 129/9/22 130/9/22
f 129/9/22 899/9/22 901/9/22
f 419/9/22 138/9/22 137/9/22
f 138/9/22 419/9/22 902/9/22
f 904/8/21 420/8/21 903/8/21
f 420/8/21 904/8/21 905/8/21
f 906/8/21 420/8/21 905/8/21
f 905/8/21 904/8/21 907/8/21
f 907/8/21 904/8/21 908/8/21
f 908/8/21 904/8/21 909/8/21
f 910/17/99 133/17/100 134/17/99
f 133/17/100 910/17/99 911/17/100
f 136/22/101 902/9/102 912/22/101
f 902/9/102 136/22/101 138/9/102
f 132/22/98 911/17/100 900/22/98
f 911/17/100 132/22/98 133/17/100
f 134/17/99 912/22/101 910/17/99
f 912/22/101 134/17/99 136/22/101
f 901/9/18 908/8/18 909/8/18
f 908/8/18 901/9/18 899/9/18
f 908/8/18 899/9/18 913/15/18
f 913/15/18 899/9/18 900/22/18
f 913/15/18 900/22/18 914/15/18
f 912/22/18 914/15/18 900/22/18
f 912/22/18 900/22/18 911/17/18
f 912/22/18 911/17/18 910/17/18
f 902/9/18 914/15/18 912/22/18
f 914/15/18 902/9/18 906/8/18
f 419/9/18 906/8/18 902/9/18
f 906/8/18 419/9/18 420/8/18
f 916/15/21 914/15/21 915/15/21
f 914/15/21 916/15/21 913/15/21
f 905/8/97 914/15/97 906/8/97
f 914/15/97 905/8/97 915/15/97
f 916/15/102 908/8/102 913/15/102
f 908/8/102 916/15/102 907/8/102
f 919/8/104 918/8/103 917/8/103
f 918/8/103 919/8/104 920/8/104
f 922/10/105 918/8/103 921/10/105
f 918/8/103 922/10/105 917/8/103
f 919/8/104 923/10/106 920/8/104
f 923/10/106 919/8/104 924/10/106
f 923/10/106 922/10/105 921/10/105
f 922/10/105 923/10/106 924/10/106
f 923/10/18 918/8/18 920/8/18
f 918/8/18 923/10/18 921/10/18
f 927/21/107 926/17/107 925/21/107
f 926/17/107 927/21/107 928/17/107
f 931/17/34 930/21/35 929/21/34
f 930/21/35 931/17/34 932/17/35
f 925/21/97 931/17/34 929/21/34
f 931/17/34 925/21/97 926/17/97
f 931/17/22 928/17/22 932/17/22
f 928/17/22 931/17/22 926/17/22
f 925/21/21 930/21/21 927/21/21
f 930/21/21 925/21/21 929/21/21
f 928/17/102 930/21/35 932/17/35
f 930/21/35 928/17/102 927/21/102
f 935/8/31 934/10/31 933/10/31
f 934/10/31 935/8/31 936/8/31
f 935/8/4 938/10/4 937/25/4
f 938/10/4 935/8/4 933/10/4
f 934/10/8 940/25/8 939/10/8
f 940/25/8 934/10/8 936/8/8
f 940/25/6 938/10/6 939/10/6
f 938/10/6 940/25/6 937/25/6
f 934/10/21 938/10/21 933/10/21
f 938/10/21 934/10/21 939/10/21
f 943/25/6 942/10/6 941/10/6
f 942/10/6 943/25/6 944/25/6
f 946/10/21 942/10/21 945/10/21
f 942/10/21 946/10/21 941/10/21
f 947/8/4 942/10/4 944/25/4
f 942/10/4 947/8/4 945/10/4
f 946/10/8 943/25/8 941/10/8
f 943/25/8 946/10/8 948/8/8
f 947/8/31 946/10/31 945/10/31
f 946/10/31 947/8/31 948/8/31
f 148/26/22 163/26/22 949/26/22
f 161/26/22 949/26/22 163/26/22
f 182/26/22 950/26/22 180/26/22
f 950/26/22 182/26/22 168/26/22
f 202/26/22 951/26/22 200/26/22
f 951/26/22 202/26/22 187/26/22
f 211/26/22 209/26/22 210/26/22
f 209/26/22 211/26/22 952/26/22
f 952/26/22 211/26/22 212/26/22
f 952/26/22 212/26/22 213/26/22
f 952/26/22 213/26/22 200/26/22
f 254/26/22 268/26/22 953/26/22
f 266/26/22 953/26/22 268/26/22
f 287/26/22 954/26/22 285/26/22
f 954/26/22 287/26/22 273/26/22
f 299/26/22 956/26/22 955/26/22
f 956/26/22 299/26/22 301/26/22
f 958/26/22 313/26/22 957/26/22
f 313/26/22 958/26/22 311/26/22
f 543/26/6 569/31/6 548/26/6
f 547/28/6 548/26/6 569/31/6
f 569/31/6 543/26/6 567/31/6
f 572/30/6 547/28/6 569/31/6
f 544/28/6 567/31/6 543/26/6
f 573/30/6 567/31/6 544/28/6
f 571/29/6 547/28/6 572/30/6
f 572/30/6 573/30/6 571/29/6
f 574/29/6 573/30/6 544/28/6
f 574/29/6 571/29/6 573/30/6
f 564/27/6 574/29/6 544/28/6
f 547/28/6 564/27/6 544/28/6
f 564/27/6 547/28/6 566/27/6
f 566/27/6 547/28/6 571/29/6
f 916/28/18 905/26/18 907/26/18
f 905/26/18 916/28/18 915/28/18
f 449/33/3 455/32/3 453/32/3
f 455/32/3 449/33/3 448/33/3
f 496/33/6 493/32/6 497/32/6
f 493/32/6 496/33/6 491/33/6
f 535/33/6 532/32/6 536/32/6
f 532/32/6 535/33/6 530/33/6
f 563/35/6 565/35/6 568/34/6
f 570/34/6 568/34/6 565/35/6
f 631/33/9 632/33/9 638/32/9
f 636/32/9 638/32/9 632/33/9
f 683/33/11 684/33/11 690/32/11
f 688/32/11 690/32/11 684/33/11
f 736/33/11 742/32/11 740/32/11
f 742/32/11 736/33/11 735/33/11
f 785/33/6 791/32/6 789/32/6
f 791/32/6 785/33/6 784/33/6
f 832/33/14 833/33/14 839/32/14
f 837/32/14 839/32/14 833/33/14
f 885/33/16 886/33/16 892/32/16
f 890/32/16 892/32/16 886/33/16
f 961/38/8 960/37/109 959/36/108
f 960/37/109 961/38/8 962/39/8
f 965/41/112 964/40/111 963/40/110
f 964/40/111 965/41/112 966/41/113
f 966/41/113 967/36/114 964/40/111
f 967/36/114 966/41/113 968/37/115
f 34/39/4 967/36/114 968/37/115
f 967/36/114 34/39/4 969/38/4
f 959/36/108 965/41/112 963/40/110
f 965/41/112 959/36/108 960/37/109
f 966/41/116 34/39/116 968/37/116
f 34/39/116 966/41/116 962/39/116
f 962/39/116 966/41/116 965/41/116
f 962/39/116 965/41/116 960/37/116
f 961/38/117 967/36/117 969/38/117
f 967/36/117 961/38/117 964/40/117
f 964/40/117 961/38/117 963/40/117
f 963/40/117 961/38/117 959/36/117
f 34/39/31 961/38/31 969/38/31
f 961/38/31 34/39/31 962/39/31
usemtl plaster
f 6/456/2 5/457/2 3/458/2
f 1/459/2 3/460/2 5/461/2
f 4/462/1 3/463/1 2/464/1
f 1/465/1 2/466/1 3/467/1
f 9/468/3 8/469/3 7/470/3
f 9/471/3 10/472/3 8/473/3
f 9/474/3 11/475/3 10/476/3
f 12/477/3 10/478/3 11/479/3
f 11/480/3 9/481/3 13/482/3
f 13/483/3 9/484/3 14/485/3
f 10/486/3 12/487/3 15/488/3
f 13/489/3 14/490/3 15/491/3
f 10/492/3 15/493/3 16/494/3
f 16/495/3 15/496/3 14/497/3
f 19/498/4 18/499/4 17/500/4
f 18/501/4 19/502/4 20/503/4
f 17/504/5 22/505/5 21/506/5
f 22/507/5 17/508/5 23/509/5
f 18/510/5 23/511/5 17/512/5
f 23/513/5 18/514/5 24/515/5
f 27/516/6 26/517/6 25/518/6
f 26/519/6 27/520/6 24/521/6
f 28/522/6 24/523/6 27/524/6
f 24/525/6 28/526/6 23/527/6
f 31/528/6 30/529/6 29/530/6
f 30/531/6 31/532/6 32/533/6
f 21/534/6 32/535/6 31/536/6
f 32/537/6 21/538/6 22/539/6
f 34/540/7 26/541/7 33/542/7
f 26/543/7 34/544/7 25/545/7
f 25/546/7 34/547/7 29/548/7
f 29/549/7 34/550/7 31/551/7
f 37/552/4 36/553/4 35/554/4
f 36/555/4 37/556/4 38/557/4
f 35/558/5 40/559/5 39/560/5
f 40/561/5 35/562/5 41/563/5
f 36/564/5 41/565/5 35/566/5
f 41/567/5 36/568/5 42/569/5
f 45/570/6 44/571/6 43/572/6
f 44/573/6 45/574/6 42/575/6
f 46/576/6 42/577/6 45/578/6
f 42/579/6 46/580/6 41/581/6
f 49/582/6 48/583/6 47/584/6
f 48/585/6 49/586/6 50/587/6
f 39/588/6 50/589/6 49/590/6
f 50/591/6 39/592/6 40/593/6
f 52/594/7 44/595/7 51/596/7
f 44/597/7 52/598/7 43/599/7
f 43/600/7 52/601/7 47/602/7
f 47/603/7 52/604/7 49/605/7
f 64/606/6 54/607/6 63/608/6
f 53/609/6 63/610/6 54/611/6
f 62/612/6 63/613/6 53/614/6
f 59/615/6 62/616/6 53/617/6
f 62/618/6 59/619/6 61/620/6
f 61/621/6 59/622/6 60/623/6
f 60/624/6 59/625/6 58/626/6
f 57/627/6 58/628/6 59/629/6
f 56/630/8 55/631/8 54/632/8
f 53/633/8 54/634/8 55/635/8
f 76/636/10 75/637/10 69/638/10
f 71/639/10 69/640/10 75/641/10
f 72/642/9 73/643/9 74/644/9
f 74/645/9 73/646/9 68/647/9
f 73/648/9 72/649/9 71/650/9
f 73/651/9 70/652/9 68/653/9
f 72/654/9 67/655/9 71/656/9
f 71/657/9 67/658/9 69/659/9
f 69/660/9 68/661/9 70/662/9
f 68/663/9 69/664/9 67/665/9
f 66/666/9 68/667/9 67/668/9
f 65/669/9 66/670/9 67/671/9
f 88/672/12 87/673/12 81/674/12
f 83/675/12 81/676/12 87/677/12
f 84/678/11 85/679/11 86/680/11
f 86/681/11 85/682/11 80/683/11
f 85/684/11 84/685/11 83/686/11
f 85/687/11 82/688/11 80/689/11
f 84/690/11 79/691/11 83/692/11
f 83/693/11 79/694/11 81/695/11
f 81/696/11 80/697/11 82/698/11
f 80/699/11 81/700/11 79/701/11
f 78/702/11 80/703/11 79/704/11
f 77/705/11 78/706/11 79/707/11
f 91/708/11 90/709/11 89/710/11
f 91/711/11 92/712/11 90/713/11
f 91/714/11 93/715/11 92/716/11
f 11/717/11 92/718/11 93/719/11
f 93/720/11 91/721/11 94/722/11
f 94/723/11 91/724/11 95/725/11
f 92/726/11 11/727/11 13/728/11
f 94/729/11 95/730/11 13/731/11
f 92/732/11 13/733/11 96/734/11
f 96/735/11 13/736/11 95/737/11
f 97/738/13 93/739/13 94/740/13
f 93/741/13 97/742/13 98/743/13
f 101/744/6 100/745/6 99/746/6
f 101/747/6 102/748/6 100/749/6
f 101/750/6 103/751/6 102/752/6
f 104/753/6 102/754/6 103/755/6
f 103/756/6 101/757/6 105/758/6
f 105/759/6 101/760/6 106/761/6
f 102/762/6 104/763/6 107/764/6
f 105/765/6 106/766/6 107/767/6
f 102/768/6 107/769/6 108/770/6
f 108/771/6 107/772/6 106/773/6
f 98/774/15 97/775/15 113/776/15
f 114/777/15 113/778/15 97/779/15
f 115/780/14 107/781/14 116/782/14
f 116/783/14 107/784/14 112/785/14
f 107/786/14 115/787/14 114/788/14
f 107/789/14 104/790/14 112/791/14
f 115/792/14 111/793/14 114/794/14
f 114/795/14 111/796/14 113/797/14
f 113/798/14 112/799/14 104/800/14
f 112/801/14 113/802/14 111/803/14
f 110/804/14 112/805/14 111/806/14
f 109/807/14 110/808/14 111/809/14
f 128/810/17 127/811/17 121/812/17
f 123/813/17 121/814/17 127/815/17
f 124/816/16 125/817/16 126/818/16
f 126/819/16 125/820/16 120/821/16
f 125/822/16 124/823/16 123/824/16
f 125/825/16 122/826/16 120/827/16
f 124/828/16 119/829/16 123/830/16
f 123/831/16 119/832/16 121/833/16
f 121/834/16 120/835/16 122/836/16
f 120/837/16 121/838/16 119/839/16
f 118/840/16 120/841/16 119/842/16
f 117/843/16 118/844/16 119/845/16
f 131/846/18 130/847/18 129/848/18
f 130/849/18 131/850/18 132/851/18
f 132/852/18 131/853/18 133/854/18
f 133/855/18 131/856/18 134/857/18
f 135/858/18 134/859/18 131/860/18
f 135/861/18 136/862/18 134/863/18
f 137/864/18 136/865/18 135/866/18
f 136/867/18 137/868/18 138/869/18
usemtl palette
f 5/9/22 146/9/22 1/9/22
f 144/9/22 1/9/22 146/9/22
f 144/9/22 141/9/22 1/9/22
f 1/9/22 141/9/22 2/9/22
f 142/9/22 2/9/22 141/9/22
f 143/8/21 145/8/21 139/8/21
f 145/8/21 147/8/21 139/8/21
f 140/8/21 139/8/21 147/8/21
f 141/9/19 144/9/20 139/8/19
f 143/8/20 139/8/19 144/9/20
f 146/9/2 145/8/2 144/9/20
f 143/8/20 144/9/20 145/8/2
f 142/9/1 141/9/19 140/8/1
f 139/8/19 140/8/1 141/9/19
f 162/10/23 160/10/23 163/8/23
f 161/8/23 163/8/23 160/10/23
f 167/10/28 166/11/28 165/10/27
f 164/11/27 165/10/27 166/11/28
f 153/10/24 152/11/24 167/10/28
f 166/11/28 167/10/28 152/11/24
f 167/10/22 165/10/22 153/10/22
f 153/10/22 165/10/22 150/10/22
f 150/10/22 165/10/22 162/10/22
f 162/10/22 165/10/22 160/10/22
f 158/10/22 160/10/22 165/10/22
f 157/11/21 159/11/21 155/11/21
f 164/11/21 155/11/21 159/11/21
f 166/11/21 152/11/21 164/11/21
f 164/11/21 152/11/21 155/11/21
f 151/11/21 155/11/21 152/11/21
f 158/10/25 165/10/27 159/11/25
f 164/11/27 159/11/25 165/10/27
f 148/8/26 150/10/26 163/8/26
f 162/10/26 163/8/26 150/10/26
f 161/8/26 160/10/26 156/8/26
f 156/8/26 160/10/26 157/11/26
f 157/11/26 160/10/26 159/11/26
f 158/10/26 159/11/26 160/10/26
f 157/11/25 155/11/25 156/8/25
f 154/8/25 156/8/25 155/11/25
f 151/11/24 149/8/24 155/11/24
f 154/8/24 155/11/24 149/8/24
f 153/10/23 150/10/23 152/11/23
f 152/11/23 150/10/23 151/11/23
f 151/11/23 150/10/23 149/8/23
f 148/8/23 149/8/23 150/10/23
f 170/10/23 169/8/23 168/8/23
f 169/8/23 170/10/23 171/11/23
f 171/11/23 170/10/23 172/11/23
f 172/11/23 170/10/23 173/10/23
f 169/8/26 174/11/26 83/8/26
f 174/11/26 169/8/26 171/11/26
f 174/11/25 175/8/25 83/8/25
f 175/8/25 174/11/25 176/11/25
f 179/10/24 178/11/24 177/10/24
f 178/11/24 179/10/24 176/11/24
f 176/11/24 179/10/24 175/8/24
f 175/8/24 179/10/24 180/8/24
f 170/10/24 182/8/24 181/10/24
f 182/8/24 170/10/24 168/8/24
f 184/10/29 178/11/25 183/11/29
f 178/11/25 184/10/29 177/10/25
f 172/11/21 174/11/21 171/11/21
f 185/11/21 174/11/21 172/11/21
f 183/11/21 174/11/21 185/11/21
f 178/11/21 174/11/21 183/11/21
f 174/11/21 178/11/21 176/11/21
f 184/10/22 179/10/22 177/10/22
f 179/10/22 184/10/22 181/10/22
f 181/10/22 184/10/22 170/10/22
f 170/10/22 184/10/22 173/10/22
f 173/10/22 184/10/22 186/10/22
f 172/11/26 186/10/30 185/11/30
f 186/10/30 172/11/26 173/10/26
f 185/11/30 184/10/29 183/11/29
f 184/10/29 185/11/30 186/10/30
f 179/10/23 182/8/23 180/8/23
f 182/8/23 179/10/23 181/10/23
f 189/10/31 188/8/31 187/8/31
f 188/8/31 189/10/31 190/11/31
f 190/11/31 189/10/31 191/11/31
f 191/11/31 189/10/31 192/10/31
f 188/8/8 194/11/8 193/8/8
f 194/11/8 188/8/8 190/11/8
f 194/11/6 195/8/6 193/8/6
f 195/8/6 194/11/6 196/11/6
f 199/10/4 198/11/4 197/10/4
f 198/11/4 199/10/4 196/11/4
f 196/11/4 199/10/4 195/8/4
f 195/8/4 199/10/4 200/8/4
f 189/10/4 202/8/4 201/10/4
f 202/8/4 189/10/4 187/8/4
f 204/10/32 198/11/6 203/11/32
f 198/11/6 204/10/32 197/10/6
f 191/11/21 194/11/21 190/11/21
f 194/11/21 191/11/21 203/11/21
f 203/11/21 191/11/21 205/11/21
f 198/11/21 194/11/21 203/11/21
f 194/11/21 198/11/21 196/11/21
f 204/10/22 199/10/22 197/10/22
f 199/10/22 204/10/22 201/10/22
f 201/10/22 204/10/22 189/10/22
f 189/10/22 204/10/22 192/10/22
f 192/10/22 204/10/22 206/10/22
f 191/11/8 206/10/33 205/11/33
f 206/10/33 191/11/8 192/10/8
f 205/11/33 204/10/32 203/11/32
f 204/10/32 205/11/33 206/10/33
f 199/10/31 202/8/31 200/8/31
f 202/8/31 199/10/31 201/10/31
f 209/8/21 208/8/21 207/8/21
f 208/8/21 209/8/21 210/8/21
f 208/8/21 210/8/21 39/8/21
f 39/8/21 210/8/21 211/8/21
f 39/8/21 211/8/21 49/8/21
f 49/8/21 211/8/21 212/8/21
f 49/8/21 212/8/21 213/8/21
f 49/8/21 213/8/21 214/8/21
f 214/8/21 213/8/21 200/8/21
f 215/10/31 200/8/31 213/8/31
f 200/8/31 215/10/31 216/11/31
f 216/11/31 215/10/31 217/11/31
f 217/11/31 215/10/31 218/10/31
f 219/10/34 213/8/34 212/8/34
f 213/8/34 219/10/34 215/10/34
f 220/10/31 212/8/31 211/8/31
f 212/8/31 220/10/31 219/10/31
f 210/8/35 220/10/35 211/8/35
f 220/10/35 210/8/35 221/10/35
f 209/8/8 221/10/8 210/8/8
f 221/10/8 209/8/8 222/10/8
f 224/11/4 208/8/4 223/11/4
f 208/8/4 224/11/4 207/8/4
f 223/11/5 39/8/5 225/11/5
f 39/8/5 223/11/5 208/8/5
f 226/11/6 39/8/6 49/8/6
f 39/8/6 226/11/6 225/11/6
f 227/11/7 49/8/7 214/8/7
f 49/8/7 227/11/7 226/11/7
f 217/11/21 227/11/21 216/11/21
f 228/11/21 227/11/21 217/11/21
f 229/11/21 227/11/21 228/11/21
f 229/11/21 226/11/21 227/11/21
f 229/11/21 225/11/21 226/11/21
f 230/11/21 225/11/21 229/11/21
f 230/11/21 223/11/21 225/11/21
f 231/11/21 223/11/21 230/11/21
f 231/11/21 224/11/21 223/11/21
f 224/11/21 231/11/21 232/11/21
f 234/10/4 231/11/36 233/10/36
f 231/11/36 234/10/4 232/11/4
f 233/10/36 230/11/37 235/10/37
f 230/11/37 233/10/36 231/11/36
f 236/10/32 230/11/37 229/11/32
f 230/11/37 236/10/32 235/10/37
f 228/11/7 236/10/32 229/11/32
f 236/10/32 228/11/7 237/10/7
f 215/10/22 237/10/22 218/10/22
f 215/10/22 236/10/22 237/10/22
f 219/10/22 236/10/22 215/10/22
f 220/10/22 236/10/22 219/10/22
f 220/10/22 235/10/22 236/10/22
f 221/10/22 235/10/22 220/10/22
f 221/10/22 233/10/22 235/10/22
f 233/10/22 221/10/22 234/10/22
f 222/10/22 234/10/22 221/10/22
f 240/8/28 239/10/33 238/8/33
f 239/10/33 240/8/28 241/10/28
f 244/10/32 243/8/37 242/8/32
f 243/8/37 244/10/32 245/10/37
f 248/10/29 247/8/27 246/8/29
f 247/8/27 248/10/29 249/10/27
f 252/10/30 251/8/36 250/10/36
f 251/8/36 252/10/30 253/8/30
f 238/8/33 244/10/32 242/8/32
f 244/10/32 238/8/33 239/10/33
f 247/8/27 241/10/28 240/8/28
f 241/10/28 247/8/27 249/10/27
f 248/10/29 253/8/30 252/10/30
f 253/8/30 248/10/29 246/8/29
f 250/10/36 243/8/37 245/10/37
f 243/8/37 250/10/36 251/8/36
f 245/10/22 252/10/22 250/10/22
f 252/10/22 245/10/22 248/10/22
f 248/10/22 245/10/22 244/10/22
f 248/10/22 244/10/22 249/10/22
f 249/10/22 244/10/22 239/10/22
f 249/10/22 239/10/22 241/10/22
f 267/10/23 265/10/23 268/8/23
f 266/8/23 268/8/23 265/10/23
f 272/10/28 271/11/28 270/10/27
f 269/11/27 270/10/27 271/11/28
f 259/10/24 258/11/24 272/10/28
f 271/11/28 272/10/28 258/11/24
f 272/10/22 270/10/22 259/10/22
f 259/10/22 270/10/22 256/10/22
f 256/10/22 270/10/22 267/10/22
f 267/10/22 270/10/22 265/10/22
f 263/10/22 265/10/22 270/10/22
f 262/11/21 264/11/21 260/11/21
f 269/11/21 260/11/21 264/11/21
f 271/11/21 258/11/21 269/11/21
f 269/11/21 258/11/21 260/11/21
f 257/11/21 260/11/21 258/11/21
f 263/10/25 270/10/27 264/11/25
f 269/11/27 264/11/25 270/10/27
f 254/8/26 256/10/26 268/8/26
f 267/10/26 268/8/26 256/10/26
f 266/8/26 265/10/26 261/8/26
f 261/8/26 265/10/26 262/11/26
f 262/11/26 265/10/26 264/11/26
f 263/10/26 264/11/26 265/10/26
f 262/11/25 260/11/25 261/8/25
f 94/8/25 261/8/25 260/11/25
f 257/11/24 255/8/24 260/11/24
f 94/8/24 260/11/24 255/8/24
f 259/10/23 256/10/23 258/11/23
f 258/11/23 256/10/23 257/11/23
f 257/11/23 256/10/23 255/8/23
f 254/8/23 255/8/23 256/10/23
f 275/10/31 274/8/31 273/8/31
f 274/8/31 275/10/31 276/11/31
f 276/11/31 275/10/31 277/11/31
f 277/11/31 275/10/31 278/10/31
f 274/8/8 279/11/8 114/8/8
f 279/11/8 274/8/8 276/11/8
f 279/11/6 280/8/6 114/8/6
f 280/8/6 279/11/6 281/11/6
f 284/10/4 283/11/4 282/10/4
f 283/11/4 284/10/4 281/11/4
f 281/11/4 284/10/4 280/8/4
f 280/8/4 284/10/4 285/8/4
f 275/10/4 287/8/4 286/10/4
f 287/8/4 275/10/4 273/8/4
f 289/10/32 283/11/6 288/11/32
f 283/11/6 289/10/32 282/10/6
f 277/11/21 279/11/21 276/11/21
f 279/11/21 277/11/21 288/11/21
f 288/11/21 277/11/21 290/11/21
f 283/11/21 279/11/21 288/11/21
f 279/11/21 283/11/21 281/11/21
f 289/10/22 284/10/22 282/10/22
f 284/10/22 289/10/22 286/10/22
f 286/10/22 289/10/22 275/10/22
f 275/10/22 289/10/22 278/10/22
f 278/10/22 289/10/22 291/10/22
f 277/11/8 291/10/33 290/11/33
f 291/10/33 277/11/8 278/10/8
f 290/11/33 289/10/32 288/11/32
f 289/10/32 290/11/33 291/10/33
f 284/10/31 287/8/31 285/8/31
f 287/8/31 284/10/31 286/10/31
f 294/11/21 293/11/21 292/11/21
f 293/11/21 294/11/21 295/11/21
f 297/8/38 292/11/38 296/8/38
f 292/11/38 297/8/38 294/11/38
f 300/10/2 299/8/2 298/10/2
f 299/8/2 300/10/2 301/8/2
f 302/10/22 300/10/22 298/10/22
f 300/10/22 302/10/22 303/10/22
f 295/11/38 302/10/38 293/11/38
f 302/10/38 295/11/38 303/10/38
f 302/10/1 292/11/1 293/11/1
f 298/10/1 292/11/1 302/10/1
f 299/8/1 292/11/1 298/10/1
f 292/11/1 299/8/1 296/8/1
f 306/11/21 305/11/21 304/11/21
f 305/11/21 306/11/21 307/11/21
f 309/8/17 305/11/17 308/8/17
f 305/11/17 309/8/17 304/11/17
f 312/10/39 311/8/39 310/10/39
f 311/8/39 312/10/39 313/8/39
f 310/10/22 314/10/22 312/10/22
f 314/10/22 310/10/22 315/10/22
f 306/11/17 315/10/17 307/11/17
f 315/10/17 306/11/17 314/10/17
f 312/10/40 309/8/40 313/8/40
f 309/8/40 312/10/40 304/11/40
f 304/11/40 312/10/40 306/11/40
f 306/11/40 312/10/40 314/10/40
f 318/8/28 317/10/33 316/8/33
f 317/10/33 318/8/28 319/10/28
f 322/10/32 321/8/37 320/8/32
f 321/8/37 322/10/32 323/10/37
f 326/10/29 325/8/27 324/8/29
f 325/8/27 326/10/29 327/10/27
f 330/10/30 329/8/36 328/10/36
f 329/8/36 330/10/30 331/8/30
f 316/8/33 322/10/32 320/8/32
f 322/10/32 316/8/33 317/10/33
f 325/8/27 319/10/28 318/8/28
f 319/10/28 325/8/27 327/10/27
f 326/10/29 331/8/30 330/10/30
f 331/8/30 326/10/29 324/8/29
f 328/10/36 321/8/37 323/10/37
f 321/8/37 328/10/36 329/8/36
f 323/10/22 330/10/22 328/10/22
f 330/10/22 323/10/22 326/10/22
f 326/10/22 323/10/22 322/10/22
f 326/10/22 322/10/22 327/10/22
f 327/10/22 322/10/22 317/10/22
f 327/10/22 317/10/22 319/10/22
f 334/8/28 333/10/33 332/8/33
f 333/10/33 334/8/28 335/10/28
f 338/10/32 337/8/37 336/8/32
f 337/8/37 338/10/32 339/10/37
f 342/10/29 341/8/27 340/8/29
f 341/8/27 342/10/29 343/10/27
f 346/10/30 345/8/36 344/10/36
f 345/8/36 346/10/30 347/8/30
f 332/8/33 338/10/32 336/8/32
f 338/10/32 332/8/33 333/10/33
f 341/8/27 335/10/28 334/8/28
f 335/10/28 341/8/27 343/10/27
f 342/10/29 347/8/30 346/10/30
f 347/8/30 342/10/29 340/8/29
f 344/10/36 337/8/37 339/10/37
f 337/8/37 344/10/36 345/8/36
f 339/10/22 346/10/22 344/10/22
f 346/10/22 339/10/22 342/10/22
f 342/10/22 339/10/22 338/10/22
f 342/10/22 338/10/22 343/10/22
f 343/10/22 338/10/22 333/10/22
f 343/10/22 333/10/22 335/10/22
f 350/13/4 349/12/42 348/12/41
f 349/12/42 350/13/4 351/13/34
f 354/12/44 353/13/8 352/12/43
f 353/13/8 354/12/44 355/13/35
f 349/12/34 357/14/31 356/14/34
f 357/14/31 349/12/34 358/12/31
f 350/13/4 360/12/45 359/13/5
f 360/12/45 350/13/4 348/12/41
f 361/13/31 354/12/44 358/12/46
f 354/12/44 361/13/31 355/13/35
f 363/13/6 360/12/45 362/12/47
f 360/12/45 363/13/6 359/13/5
f 365/13/7 362/12/47 364/12/48
f 362/12/47 365/13/7 363/13/6
f 367/10/50 350/13/4 366/10/49
f 350/13/4 367/10/50 351/13/34
f 358/12/31 368/14/35 357/14/31
f 368/14/35 358/12/31 354/12/35
f 364/12/7 370/14/6 369/14/7
f 370/14/6 364/12/7 362/12/6
f 371/14/8 364/12/7 369/14/7
f 364/12/7 371/14/8 352/12/8
f 351/13/34 358/12/46 349/12/42
f 358/12/46 351/13/34 361/13/31
f 372/10/51 363/13/6 365/13/7
f 363/13/6 372/10/51 373/10/52
f 374/10/53 350/13/4 359/13/5
f 350/13/4 374/10/53 366/10/49
f 373/10/52 359/13/5 363/13/6
f 359/13/5 373/10/52 374/10/53
f 364/12/48 353/13/8 365/13/7
f 353/13/8 364/12/48 352/12/43
f 375/10/54 355/13/35 361/13/31
f 355/13/35 375/10/54 376/10/55
f 353/13/8 372/10/51 365/13/7
f 372/10/51 353/13/8 377/10/56
f 374/10/22 367/10/22 366/10/22
f 367/10/22 374/10/22 373/10/22
f 367/10/22 373/10/22 375/10/22
f 375/10/22 373/10/22 372/10/22
f 375/10/22 372/10/22 376/10/22
f 376/10/22 372/10/22 377/10/22
f 348/12/4 378/14/5 360/12/5
f 378/14/5 348/12/4 379/14/4
f 362/12/6 378/14/5 370/14/6
f 378/14/5 362/12/6 360/12/5
f 353/13/8 376/10/55 377/10/56
f 376/10/55 353/13/8 355/13/35
f 349/12/34 379/14/4 348/12/4
f 379/14/4 349/12/34 356/14/34
f 367/10/50 361/13/31 351/13/34
f 361/13/31 367/10/50 375/10/54
f 368/14/35 352/12/8 371/14/8
f 352/12/8 368/14/35 354/12/35
f 382/13/4 381/12/42 380/12/41
f 381/12/42 382/13/4 383/13/34
f 386/12/44 385/13/8 384/12/43
f 385/13/8 386/12/44 387/13/35
f 381/12/34 389/14/31 388/14/34
f 389/14/31 381/12/34 390/12/31
f 382/13/4 392/12/45 391/13/5
f 392/12/45 382/13/4 380/12/41
f 393/13/31 386/12/44 390/12/46
f 386/12/44 393/13/31 387/13/35
f 395/13/6 392/12/45 394/12/47
f 392/12/45 395/13/6 391/13/5
f 397/13/7 394/12/47 396/12/48
f 394/12/47 397/13/7 395/13/6
f 399/10/50 382/13/4 398/10/49
f 382/13/4 399/10/50 383/13/34
f 390/12/31 400/14/35 389/14/31
f 400/14/35 390/12/31 386/12/35
f 396/12/7 402/14/6 401/14/7
f 402/14/6 396/12/7 394/12/6
f 403/14/8 396/12/7 401/14/7
f 396/12/7 403/14/8 384/12/8
f 383/13/34 390/12/46 381/12/42
f 390/12/46 383/13/34 393/13/31
f 404/10/51 395/13/6 397/13/7
f 395/13/6 404/10/51 405/10/52
f 406/10/53 382/13/4 391/13/5
f 382/13/4 406/10/53 398/10/49
f 405/10/52 391/13/5 395/13/6
f 391/13/5 405/10/52 406/10/53
f 396/12/48 385/13/8 397/13/7
f 385/13/8 396/12/48 384/12/43
f 407/10/54 387/13/35 393/13/31
f 387/13/35 407/10/54 408/10/55
f 385/13/8 404/10/51 397/13/7
f 404/10/51 385/13/8 409/10/56
f 406/10/22 399/10/22 398/10/22
f 399/10/22 406/10/22 405/10/22
f 399/10/22 405/10/22 407/10/22
f 407/10/22 405/10/22 404/10/22
f 407/10/22 404/10/22 408/10/22
f 408/10/22 404/10/22 409/10/22
f 380/12/4 410/14/5 392/12/5
f 410/14/5 380/12/4 411/14/4
f 394/12/6 410/14/5 402/14/6
f 410/14/5 394/12/6 392/12/5
f 385/13/8 408/10/55 409/10/56
f 408/10/55 385/13/8 387/13/35
f 381/12/34 411/14/4 380/12/4
f 411/14/4 381/12/34 388/14/34
f 399/10/50 393/13/31 383/13/34
f 393/13/31 399/10/50 407/10/54
f 400/14/35 384/12/8 403/14/8
f 384/12/8 400/14/35 386/12/35
f 414/15/58 413/15/57 412/15/57
f 413/15/57 414/15/58 415/15/58
f 7/16/59 413/15/57 416/16/59
f 413/15/57 7/16/59 412/15/57
f 414/15/58 417/16/60 415/15/58
f 417/16/60 414/15/58 8/16/60
f 419/9/22 11/9/22 418/9/22
f 11/9/22 419/9/22 12/9/22
f 419/9/3 421/8/3 420/8/3
f 421/8/3 419/9/3 418/9/3
f 423/17/3 417/16/3 422/16/3
f 417/16/3 423/17/3 415/15/3
f 415/15/3 423/17/3 413/15/3
f 424/17/3 413/15/3 423/17/3
f 425/16/3 413/15/3 424/17/3
f 413/15/3 425/16/3 416/16/3
f 10/16/59 423/17/59 422/16/59
f 423/17/59 10/16/59 16/17/59
f 423/17/22 14/17/22 424/17/22
f 14/17/22 423/17/22 16/17/22
f 14/17/60 425/16/60 424/17/60
f 425/16/60 14/17/60 9/16/60
f 427/8/21 421/8/21 426/8/21
f 421/8/21 427/8/21 420/8/21
f 430/10/22 429/10/22 428/10/22
f 429/10/22 430/10/22 431/10/22
f 431/10/22 430/10/22 432/10/22
f 431/10/22 432/10/22 433/10/22
f 433/10/22 432/10/22 434/10/22
f 435/10/22 433/10/22 434/10/22
f 434/10/22 432/10/22 436/10/22
f 436/10/22 432/10/22 437/10/22
f 432/10/29 439/8/27 438/8/29
f 439/8/27 432/10/29 430/10/27
f 442/8/21 441/8/21 440/8/21
f 441/8/21 442/8/21 439/8/21
f 439/8/21 442/8/21 438/8/21
f 438/8/21 442/8/21 443/8/21
f 442/8/59 437/10/30 443/8/30
f 437/10/30 442/8/59 436/10/59
f 436/10/59 442/8/59 444/10/59
f 429/10/60 441/8/28 428/10/28
f 441/8/28 429/10/60 440/8/60
f 440/8/60 429/10/60 445/10/60
f 437/10/30 438/8/29 443/8/30
f 438/8/29 437/10/30 432/10/29
f 428/10/28 439/8/27 430/10/27
f 439/8/27 428/10/28 441/8/28
f 448/18/57 447/18/21 446/18/57
f 447/18/21 448/18/57 449/18/58
f 447/18/21 449/18/58 450/18/21
f 450/18/21 449/18/58 451/18/58
f 449/18/58 452/19/61 451/18/58
f 452/19/61 449/18/58 453/19/61
f 455/19/62 446/18/57 454/19/62
f 446/18/57 455/19/62 448/18/57
f 456/19/22 455/19/62 454/19/62
f 455/19/62 456/19/22 453/19/61
f 453/19/61 456/19/22 457/19/22
f 453/19/61 457/19/22 452/19/61
f 452/19/3 458/20/3 451/18/3
f 451/18/3 458/20/3 450/18/3
f 452/19/3 459/8/3 458/20/3
f 459/8/3 452/19/3 460/8/3
f 454/19/3 460/8/3 452/19/3
f 454/19/3 452/19/3 457/19/3
f 460/8/3 454/19/3 461/20/3
f 454/19/3 457/19/3 456/19/3
f 450/18/3 456/19/3 457/19/3
f 461/20/3 454/19/3 446/18/3
f 461/20/3 446/18/3 458/20/3
f 456/19/3 450/18/3 447/18/3
f 450/18/3 458/20/3 447/18/3
f 447/18/3 458/20/3 446/18/3
f 464/8/21 463/8/21 462/8/21
f 463/8/21 464/8/21 465/8/21
f 465/8/21 464/8/21 466/8/21
f 466/8/21 464/8/21 467/8/21
f 466/8/21 467/8/21 468/8/21
f 470/9/4 463/8/4 469/9/4
f 463/8/4 470/9/4 462/8/4
f 469/9/5 465/8/5 471/9/5
f 465/8/5 469/9/5 463/8/5
f 472/9/6 465/8/6 466/8/6
f 465/8/6 472/9/6 471/9/6
f 33/9/22 472/9/22 473/9/22
f 26/9/22 472/9/22 33/9/22
f 24/9/22 472/9/22 26/9/22
f 24/9/22 471/9/22 472/9/22
f 18/9/22 471/9/22 24/9/22
f 18/9/22 469/9/22 471/9/22
f 469/9/22 18/9/22 470/9/22
f 20/9/22 470/9/22 18/9/22
f 473/9/7 466/8/7 468/8/7
f 466/8/7 473/9/7 472/9/7
f 476/15/63 475/16/64 474/15/63
f 475/16/64 476/15/63 477/16/64
f 476/15/63 479/15/65 478/15/65
f 479/15/65 476/15/63 474/15/63
f 480/16/66 478/15/65 479/15/65
f 478/15/65 480/16/66 481/16/66
f 475/16/64 481/16/66 480/16/66
f 481/16/66 475/16/64 477/16/64
f 27/21/68 482/21/67 28/21/67
f 482/21/67 27/21/68 483/21/68
f 22/22/69 485/23/70 484/22/69
f 485/23/70 22/22/69 23/23/70
f 487/17/72 32/17/71 486/17/71
f 32/17/71 487/17/72 30/17/72
f 489/23/74 29/22/73 488/22/73
f 29/22/73 489/23/74 25/23/74
f 488/22/73 30/17/72 487/17/72
f 30/17/72 488/22/73 29/22/73
f 28/21/67 485/23/70 23/23/70
f 485/23/70 28/21/67 482/21/67
f 486/17/71 22/22/69 484/22/69
f 22/22/69 486/17/71 32/17/71
f 25/23/74 483/21/68 27/21/68
f 483/21/68 25/23/74 489/23/74
f 489/23/6 482/21/6 483/21/6
f 482/21/6 489/23/6 485/23/6
f 485/23/6 489/23/6 475/16/6
f 475/16/6 489/23/6 488/22/6
f 480/16/6 485/23/6 475/16/6
f 475/16/6 488/22/6 474/15/6
f 485/23/6 480/16/6 484/22/6
f 474/15/6 488/22/6 479/15/6
f 484/22/6 480/16/6 479/15/6
f 484/22/6 479/15/6 488/22/6
f 484/22/6 488/22/6 487/17/6
f 484/22/6 487/17/6 486/17/6
f 492/19/66 491/18/65 490/18/65
f 491/18/65 492/19/66 493/19/66
f 496/18/63 495/19/64 494/18/63
f 495/19/64 496/18/63 497/19/64
f 495/19/64 493/19/66 492/19/66
f 493/19/66 495/19/64 497/19/64
f 496/18/63 490/18/65 491/18/65
f 490/18/65 496/18/63 494/18/63
f 495/19/6 498/20/6 494/18/6
f 494/18/6 498/20/6 490/18/6
f 495/19/6 499/8/6 498/20/6
f 500/20/6 490/18/6 498/20/6
f 499/8/6 495/19/6 501/8/6
f 500/20/6 492/19/6 490/18/6
f 501/8/6 492/19/6 500/20/6
f 492/19/6 501/8/6 495/19/6
f 504/8/21 503/8/21 502/8/21
f 503/8/21 504/8/21 505/8/21
f 505/8/21 504/8/21 506/8/21
f 506/8/21 504/8/21 34/8/21
f 506/8/21 34/8/21 507/8/21
f 509/9/4 503/8/4 508/9/4
f 503/8/4 509/9/4 502/8/4
f 508/9/5 505/8/5 510/9/5
f 505/8/5 508/9/5 503/8/5
f 511/9/6 505/8/6 506/8/6
f 505/8/6 511/9/6 510/9/6
f 51/9/22 511/9/22 512/9/22
f 44/9/22 511/9/22 51/9/22
f 42/9/22 511/9/22 44/9/22
f 42/9/22 510/9/22 511/9/22
f 36/9/22 510/9/22 42/9/22
f 36/9/22 508/9/22 510/9/22
f 508/9/22 36/9/22 509/9/22
f 38/9/22 509/9/22 36/9/22
f 512/9/7 506/8/7 507/8/7
f 506/8/7 512/9/7 511/9/7
f 515/15/63 514/16/64 513/15/63
f 514/16/64 515/15/63 516/16/64
f 515/15/63 518/15/65 517/15/65
f 518/15/65 515/15/63 513/15/63
f 519/16/66 517/15/65 518/15/65
f 517/15/65 519/16/66 520/16/66
f 514/16/64 520/16/66 519/16/66
f 520/16/66 514/16/64 516/16/64
f 45/21/68 521/21/67 46/21/67
f 521/21/67 45/21/68 522/21/68
f 40/22/69 524/23/70 523/22/69
f 524/23/70 40/22/69 41/23/70
f 526/17/72 50/17/71 525/17/71
f 50/17/71 526/17/72 48/17/72
f 528/23/74 47/22/73 527/22/73
f 47/22/73 528/23/74 43/23/74
f 527/22/73 48/17/72 526/17/72
f 48/17/72 527/22/73 47/22/73
f 46/21/67 524/23/70 41/23/70
f 524/23/70 46/21/67 521/21/67
f 525/17/71 40/22/69 523/22/69
f 40/22/69 525/17/71 50/17/71
f 43/23/74 522/21/68 45/21/68
f 522/21/68 43/23/74 528/23/74
f 528/23/6 521/21/6 522/21/6
f 521/21/6 528/23/6 524/23/6
f 524/23/6 528/23/6 514/16/6
f 514/16/6 528/23/6 527/22/6
f 519/16/6 524/23/6 514/16/6
f 514/16/6 527/22/6 513/15/6
f 524/23/6 519/16/6 523/22/6
f 513/15/6 527/22/6 518/15/6
f 523/22/6 519/16/6 518/15/6
f 523/22/6 518/15/6 527/22/6
f 523/22/6 527/22/6 526/17/6
f 523/22/6 526/17/6 525/17/6
f 531/19/66 530/18/65 529/18/65
f 530/18/65 531/19/66 532/19/66
f 535/18/63 534/19/64 533/18/63
f 534/19/64 535/18/63 536/19/64
f 534/19/64 532/19/66 531/19/66
f 532/19/66 534/19/64 536/19/64
f 535/18/63 529/18/65 530/18/65
f 529/18/65 535/18/63 533/18/63
f 534/19/6 537/20/6 533/18/6
f 533/18/6 537/20/6 529/18/6
f 534/19/6 538/8/6 537/20/6
f 539/20/6 529/18/6 537/20/6
f 538/8/6 534/19/6 540/8/6
f 539/20/6 531/19/6 529/18/6
f 540/8/6 531/19/6 539/20/6
f 531/19/6 540/8/6 534/19/6
f 556/8/21 575/8/21 546/8/21
f 546/8/21 575/8/21 548/8/21
f 548/8/21 575/8/21 543/8/21
f 543/8/21 562/8/21 541/8/21
f 543/8/21 575/8/21 562/8/21
f 562/8/21 575/8/21 550/8/21
f 552/8/21 550/8/21 575/8/21
f 564/14/63 563/14/63 574/11/4
f 568/24/64 574/11/4 563/14/63
f 574/11/4 568/24/64 573/23/4
f 567/24/64 573/23/4 568/24/64
f 570/24/66 565/14/65 569/24/66
f 569/24/66 565/14/65 572/23/8
f 572/23/8 565/14/65 571/11/8
f 566/14/65 571/11/8 565/14/65
f 570/24/66 569/24/66 568/24/64
f 567/24/64 568/24/64 569/24/66
f 566/14/65 565/14/65 564/14/63
f 563/14/63 564/14/63 565/14/65
f 61/17/71 60/22/69 558/17/71
f 555/22/69 558/17/71 60/22/69
f 63/22/73 62/17/72 557/22/73
f 559/17/72 557/22/73 62/17/72
f 64/9/8 63/22/73 560/9/8
f 557/22/73 560/9/8 63/22/73
f 61/17/71 558/17/71 62/17/72
f 559/17/72 62/17/72 558/17/71
f 64/9/22 560/9/22 54/9/22
f 560/9/22 561/9/22 54/9/22
f 54/9/22 561/9/22 56/9/22
f 561/9/22 549/9/22 56/9/22
f 551/9/22 56/9/22 549/9/22
f 550/8/33 549/9/33 562/8/32
f 561/9/32 562/8/32 549/9/33
f 562/8/32 561/9/32 541/8/6
f 560/9/6 541/8/6 561/9/32
f 541/8/6 560/9/6 542/15/6
f 557/22/6 542/15/6 560/9/6
f 559/17/6 558/17/6 557/22/6
f 558/17/6 555/22/6 557/22/6
f 555/22/6 542/15/6 557/22/6
f 542/15/6 555/22/6 545/15/6
f 555/22/6 553/9/6 545/15/6
f 545/15/6 553/9/6 546/8/6
f 553/9/6 554/9/6 546/8/6
f 556/8/6 546/8/6 554/9/6
f 60/22/69 58/9/4 555/22/69
f 553/9/4 555/22/69 58/9/4
f 57/9/22 554/9/22 58/9/22
f 553/9/22 58/9/22 554/9/22
f 552/8/8 551/9/8 550/8/33
f 549/9/33 550/8/33 551/9/8
f 545/15/21 547/15/21 542/15/21
f 544/15/21 542/15/21 547/15/21
f 548/8/8 547/15/8 546/8/8
f 545/15/8 546/8/8 547/15/8
f 544/15/4 543/8/4 542/15/4
f 541/8/4 542/15/4 543/8/4
f 578/8/65 577/8/63 576/8/63
f 577/8/63 578/8/65 579/8/65
f 581/10/64 577/8/63 580/10/64
f 577/8/63 581/10/64 576/8/63
f 578/8/65 582/10/66 579/8/65
f 582/10/66 578/8/65 583/10/66
f 582/10/66 581/10/64 580/10/64
f 581/10/64 582/10/66 583/10/66
f 582/10/6 577/8/6 579/8/6
f 577/8/6 582/10/6 580/10/6
f 586/21/31 585/17/31 584/21/31
f 585/17/31 586/21/31 587/17/31
f 590/17/7 589/21/5 588/21/7
f 589/21/5 590/17/7 591/17/5
f 584/21/8 590/17/7 588/21/7
f 590/17/7 584/21/8 585/17/8
f 590/17/22 587/17/22 591/17/22
f 587/17/22 590/17/22 585/17/22
f 584/21/21 589/21/21 586/21/21
f 589/21/21 584/21/21 588/21/21
f 587/17/4 589/21/5 591/17/5
f 589/21/5 587/17/4 586/21/4
f 67/16/10 72/17/10 610/16/10
f 609/17/10 610/16/10 72/17/10
f 74/17/22 608/17/22 72/17/22
f 609/17/22 72/17/22 608/17/22
f 74/17/77 68/16/77 608/17/77
f 607/16/77 608/17/77 68/16/77
f 601/16/9 610/16/9 592/15/9
f 609/17/9 592/15/9 610/16/9
f 608/17/9 592/15/9 609/17/9
f 592/15/9 608/17/9 593/15/9
f 593/15/9 608/17/9 602/16/9
f 607/16/9 602/16/9 608/17/9
f 597/8/33 606/9/33 599/8/32
f 604/9/32 599/8/32 606/9/33
f 604/9/32 603/9/9 599/8/32
f 600/8/9 599/8/32 603/9/9
f 596/8/10 605/9/10 597/8/33
f 606/9/33 597/8/33 605/9/10
f 606/9/22 605/9/22 604/9/22
f 76/9/22 604/9/22 605/9/22
f 69/9/22 604/9/22 76/9/22
f 604/9/22 69/9/22 603/9/22
f 70/9/22 603/9/22 69/9/22
f 66/16/10 595/15/76 602/16/10
f 593/15/76 602/16/10 595/15/76
f 594/15/75 65/16/77 592/15/75
f 601/16/77 592/15/75 65/16/77
f 600/8/21 598/8/21 599/8/21
f 599/8/21 598/8/21 597/8/21
f 596/8/21 597/8/21 598/8/21
f 595/15/76 594/15/75 593/15/76
f 592/15/75 593/15/76 594/15/75
f 624/8/33 611/10/33 622/8/32
f 613/10/32 622/8/32 611/10/33
f 615/10/37 620/10/36 621/8/37
f 626/8/36 621/8/37 620/10/36
f 628/10/10 612/10/10 623/8/10
f 623/8/10 612/10/10 624/8/33
f 611/10/33 624/8/33 612/10/10
f 627/10/77 625/8/77 619/10/77
f 619/10/77 625/8/77 620/10/36
f 626/8/36 620/10/36 625/8/77
f 626/8/21 625/8/21 621/8/21
f 621/8/21 625/8/21 622/8/21
f 622/8/21 625/8/21 624/8/21
f 623/8/21 624/8/21 625/8/21
f 613/10/32 615/10/37 622/8/32
f 621/8/37 622/8/32 615/10/37
f 620/10/22 615/10/22 619/10/22
f 619/10/22 615/10/22 617/10/22
f 617/10/22 616/10/22 618/10/22
f 617/10/22 615/10/22 616/10/22
f 616/10/22 615/10/22 614/10/22
f 615/10/22 613/10/22 614/10/22
f 614/10/22 613/10/22 612/10/22
f 611/10/22 612/10/22 613/10/22
f 629/18/9 641/20/9 630/18/9
f 630/18/9 641/20/9 633/18/9
f 630/18/9 633/18/9 639/19/9
f 641/20/9 629/18/9 644/20/9
f 629/18/9 637/19/9 644/20/9
f 640/19/9 639/19/9 633/18/9
f 639/19/9 640/19/9 637/19/9
f 644/20/9 637/19/9 643/8/9
f 640/19/9 635/19/9 637/19/9
f 635/19/9 643/8/9 637/19/9
f 643/8/9 635/19/9 642/8/9
f 641/20/9 642/8/9 635/19/9
f 633/18/9 641/20/9 634/18/9
f 634/18/9 641/20/9 635/19/9
f 635/19/78 640/19/22 636/19/78
f 640/19/22 639/19/22 636/19/78
f 636/19/78 639/19/22 638/19/79
f 637/19/79 638/19/79 639/19/22
f 631/18/75 638/19/79 629/18/75
f 637/19/79 629/18/75 638/19/79
f 636/19/78 632/18/76 635/19/78
f 634/18/76 635/19/78 632/18/76
f 634/18/76 632/18/76 633/18/21
f 633/18/21 632/18/76 630/18/21
f 632/18/76 631/18/75 630/18/21
f 629/18/75 630/18/21 631/18/75
f 79/16/12 84/17/12 662/16/12
f 661/17/12 662/16/12 84/17/12
f 86/17/22 660/17/22 84/17/22
f 661/17/22 84/17/22 660/17/22
f 86/17/13 80/16/13 660/17/13
f 659/16/13 660/17/13 80/16/13
f 653/16/11 662/16/11 645/15/11
f 661/17/11 645/15/11 662/16/11
f 660/17/11 645/15/11 661/17/11
f 645/15/11 660/17/11 646/15/11
f 646/15/11 660/17/11 654/16/11
f 659/16/11 654/16/11 660/17/11
f 650/8/30 658/9/30 651/8/29
f 656/9/29 651/8/29 658/9/30
f 656/9/29 655/9/11 651/8/29
f 652/8/11 651/8/29 655/9/11
f 649/8/12 657/9/12 650/8/30
f 658/9/30 650/8/30 657/9/12
f 658/9/22 657/9/22 656/9/22
f 88/9/22 656/9/22 657/9/22
f 81/9/22 656/9/22 88/9/22
f 656/9/22 81/9/22 655/9/22
f 82/9/22 655/9/22 81/9/22
f 78/16/12 648/15/81 654/16/12
f 646/15/81 654/16/12 648/15/81
f 647/15/80 77/16/13 645/15/80
f 653/16/13 645/15/80 77/16/13
f 652/8/21 598/8/21 651/8/21
f 651/8/21 598/8/21 650/8/21
f 649/8/21 650/8/21 598/8/21
f 648/15/81 647/15/80 646/15/81
f 645/15/80 646/15/81 647/15/80
f 676/8/30 663/10/30 674/8/29
f 665/10/29 674/8/29 663/10/30
f 667/10/27 672/10/28 673/8/27
f 678/8/28 673/8/27 672/10/28
f 680/10/12 664/10/12 675/8/12
f 675/8/12 664/10/12 676/8/30
f 663/10/30 676/8/30 664/10/12
f 679/10/13 677/8/13 671/10/13
f 671/10/13 677/8/13 672/10/28
f 678/8/28 672/10/28 677/8/13
f 678/8/21 677/8/21 673/8/21
f 673/8/21 677/8/21 674/8/21
f 674/8/21 677/8/21 676/8/21
f 675/8/21 676/8/21 677/8/21
f 665/10/29 667/10/27 674/8/29
f 673/8/27 674/8/29 667/10/27
f 672/10/22 667/10/22 671/10/22
f 671/10/22 667/10/22 669/10/22
f 669/10/22 668/10/22 670/10/22
f 669/10/22 667/10/22 668/10/22
f 668/10/22 667/10/22 666/10/22
f 667/10/22 665/10/22 666/10/22
f 666/10/22 665/10/22 664/10/22
f 663/10/22 664/10/22 665/10/22
f 681/18/11 693/20/11 682/18/11
f 682/18/11 693/20/11 685/18/11
f 682/18/11 685/18/11 691/19/11
f 693/20/11 681/18/11 696/20/11
f 681/18/11 689/19/11 696/20/11
f 692/19/11 691/19/11 685/18/11
f 691/19/11 692/19/11 689/19/11
f 696/20/11 689/19/11 695/8/11
f 692/19/11 687/19/11 689/19/11
f 687/19/11 695/8/11 689/19/11
f 695/8/11 687/19/11 694/8/11
f 693/20/11 694/8/11 687/19/11
f 685/18/11 693/20/11 686/18/11
f 686/18/11 693/20/11 687/19/11
f 687/19/82 692/19/22 688/19/82
f 692/19/22 691/19/22 688/19/82
f 688/19/82 691/19/22 690/19/83
f 689/19/83 690/19/83 691/19/22
f 683/18/80 690/19/83 681/18/80
f 689/19/83 681/18/80 690/19/83
f 688/19/82 684/18/81 687/19/82
f 686/18/81 687/19/82 684/18/81
f 686/18/81 684/18/81 685/18/21
f 685/18/21 684/18/81 682/18/21
f 684/18/81 683/18/80 682/18/21
f 681/18/80 682/18/21 683/18/80
f 699/15/81 698/15/80 697/15/81
f 698/15/80 699/15/81 700/15/80
f 703/8/21 702/8/21 701/8/21
f 702/8/21 703/8/21 704/8/21
f 704/8/21 703/8/21 705/8/21
f 89/16/12 697/15/81 706/16/12
f 697/15/81 89/16/12 699/15/81
f 700/15/80 707/16/13 698/15/80
f 707/16/13 700/15/80 90/16/13
f 93/9/22 418/9/22 11/9/22
f 418/9/22 93/9/22 708/9/22
f 98/9/22 708/9/22 93/9/22
f 709/9/22 708/9/22 98/9/22
f 708/9/22 709/9/22 710/9/22
f 709/9/13 702/8/28 710/9/28
f 702/8/28 709/9/13 701/8/13
f 418/9/11 704/8/27 705/8/11
f 704/8/27 418/9/11 708/9/27
f 710/9/28 704/8/27 708/9/27
f 704/8/27 710/9/28 702/8/28
f 712/17/11 707/16/11 711/16/11
f 707/16/11 712/17/11 698/15/11
f 698/15/11 712/17/11 697/15/11
f 713/17/11 697/15/11 712/17/11
f 714/16/11 697/15/11 713/17/11
f 697/15/11 714/16/11 706/16/11
f 92/16/12 712/17/12 711/16/12
f 712/17/12 92/16/12 96/17/12
f 712/17/22 95/17/22 713/17/22
f 95/17/22 712/17/22 96/17/22
f 95/17/13 714/16/13 713/17/13
f 714/16/13 95/17/13 91/16/13
f 717/10/22 716/10/22 715/10/22
f 716/10/22 717/10/22 718/10/22
f 718/10/22 717/10/22 719/10/22
f 718/10/22 719/10/22 720/10/22
f 720/10/22 719/10/22 721/10/22
f 722/10/22 720/10/22 721/10/22
f 721/10/22 719/10/22 723/10/22
f 723/10/22 719/10/22 724/10/22
f 719/10/29 726/8/27 725/8/29
f 726/8/27 719/10/29 717/10/27
f 729/8/21 728/8/21 727/8/21
f 728/8/21 729/8/21 726/8/21
f 726/8/21 729/8/21 725/8/21
f 725/8/21 729/8/21 730/8/21
f 729/8/12 724/10/30 730/8/30
f 724/10/30 729/8/12 723/10/12
f 723/10/12 729/8/12 731/10/12
f 716/10/13 728/8/28 715/10/28
f 728/8/28 716/10/13 727/8/13
f 727/8/13 716/10/13 732/10/13
f 724/10/30 725/8/29 730/8/30
f 725/8/29 724/10/30 719/10/29
f 715/10/28 726/8/27 717/10/27
f 726/8/27 715/10/28 728/8/28
f 735/18/81 734/18/21 733/18/81
f 734/18/21 735/18/81 736/18/80
f 734/18/21 736/18/80 737/18/21
f 737/18/21 736/18/80 738/18/80
f 736/18/80 739/19/83 738/18/80
f 739/19/83 736/18/80 740/19/83
f 742/19/82 733/18/81 741/19/82
f 733/18/81 742/19/82 735/18/81
f 743/19/22 742/19/82 741/19/82
f 742/19/82 743/19/22 740/19/83
f 740/19/83 743/19/22 744/19/22
f 740/19/83 744/19/22 739/19/83
f 739/19/11 745/20/11 738/18/11
f 738/18/11 745/20/11 737/18/11
f 739/19/11 746/8/11 745/20/11
f 746/8/11 739/19/11 747/8/11
f 741/19/11 747/8/11 739/19/11
f 741/19/11 739/19/11 744/19/11
f 747/8/11 741/19/11 748/20/11
f 741/19/11 744/19/11 743/19/11
f 737/18/11 743/19/11 744/19/11
f 748/20/11 741/19/11 733/18/11
f 748/20/11 733/18/11 745/20/11
f 743/19/11 737/18/11 734/18/11
f 737/18/11 745/20/11 734/18/11
f 734/18/11 745/20/11 733/18/11
f 751/15/63 750/15/65 749/15/65
f 750/15/65 751/15/63 752/15/63
f 99/16/8 750/15/65 753/16/8
f 750/15/65 99/16/8 749/15/65
f 751/15/63 754/16/4 752/15/63
f 754/16/4 751/15/63 100/16/4
f 756/9/22 103/9/22 755/9/22
f 103/9/22 756/9/22 104/9/22
f 756/9/6 758/8/6 757/8/6
f 758/8/6 756/9/6 755/9/6
f 760/17/6 754/16/6 759/16/6
f 754/16/6 760/17/6 752/15/6
f 752/15/6 760/17/6 750/15/6
f 761/17/6 750/15/6 760/17/6
f 762/16/6 750/15/6 761/17/6
f 750/15/6 762/16/6 753/16/6
f 102/16/8 760/17/8 759/16/8
f 760/17/8 102/16/8 108/17/8
f 760/17/22 106/17/22 761/17/22
f 106/17/22 760/17/22 108/17/22
f 106/17/4 762/16/4 761/17/4
f 762/16/4 106/17/4 101/16/4
f 703/8/21 758/8/21 763/8/21
f 758/8/21 703/8/21 757/8/21
f 766/10/22 765/10/22 764/10/22
f 765/10/22 766/10/22 767/10/22
f 767/10/22 766/10/22 768/10/22
f 767/10/22 768/10/22 769/10/22
f 769/10/22 768/10/22 770/10/22
f 771/10/22 769/10/22 770/10/22
f 770/10/22 768/10/22 772/10/22
f 772/10/22 768/10/22 773/10/22
f 768/10/32 775/8/37 774/8/32
f 775/8/37 768/10/32 766/10/37
f 778/8/21 777/8/21 776/8/21
f 777/8/21 778/8/21 775/8/21
f 775/8/21 778/8/21 774/8/21
f 774/8/21 778/8/21 779/8/21
f 778/8/8 773/10/33 779/8/33
f 773/10/33 778/8/8 772/10/8
f 772/10/8 778/8/8 780/10/8
f 765/10/4 777/8/36 764/10/36
f 777/8/36 765/10/4 776/8/4
f 776/8/4 765/10/4 781/10/4
f 773/10/33 774/8/32 779/8/33
f 774/8/32 773/10/33 768/10/32
f 764/10/36 775/8/37 766/10/37
f 775/8/37 764/10/36 777/8/36
f 784/18/65 783/18/21 782/18/65
f 783/18/21 784/18/65 785/18/63
f 783/18/21 785/18/63 786/18/21
f 786/18/21 785/18/63 787/18/63
f 785/18/63 788/19/64 787/18/63
f 788/19/64 785/18/63 789/19/64
f 791/19/66 782/18/65 790/19/66
f 782/18/65 791/19/66 784/18/65
f 792/19/22 791/19/66 790/19/66
f 791/19/66 792/19/22 789/19/64
f 789/19/64 792/19/22 793/19/22
f 789/19/64 793/19/22 788/19/64
f 788/19/6 794/20/6 787/18/6
f 787/18/6 794/20/6 786/18/6
f 788/19/6 795/8/6 794/20/6
f 795/8/6 788/19/6 796/8/6
f 790/19/6 796/8/6 788/19/6
f 790/19/6 788/19/6 793/19/6
f 796/8/6 790/19/6 797/20/6
f 790/19/6 793/19/6 792/19/6
f 786/18/6 792/19/6 793/19/6
f 797/20/6 790/19/6 782/18/6
f 797/20/6 782/18/6 794/20/6
f 792/19/6 786/18/6 783/18/6
f 786/18/6 794/20/6 783/18/6
f 783/18/6 794/20/6 782/18/6
f 111/16/15 115/17/15 811/16/15
f 810/17/15 811/16/15 115/17/15
f 116/17/22 809/17/22 115/17/22
f 810/17/22 115/17/22 809/17/22
f 116/17/86 112/16/86 809/17/86
f 808/16/86 809/17/86 112/16/86
f 804/16/14 811/16/14 798/15/14
f 810/17/14 798/15/14 811/16/14
f 809/17/14 798/15/14 810/17/14
f 798/15/14 809/17/14 799/15/14
f 799/15/14 809/17/14 805/16/14
f 808/16/14 805/16/14 809/17/14
f 802/8/33 807/9/33 803/8/32
f 806/9/32 803/8/32 807/9/33
f 806/9/32 756/9/14 803/8/32
f 757/8/14 803/8/32 756/9/14
f 701/8/15 709/9/15 802/8/33
f 807/9/33 802/8/33 709/9/15
f 807/9/22 709/9/22 806/9/22
f 98/9/22 806/9/22 709/9/22
f 113/9/22 806/9/22 98/9/22
f 806/9/22 113/9/22 756/9/22
f 104/9/22 756/9/22 113/9/22
f 110/16/15 801/15/85 805/16/15
f 799/15/85 805/16/15 801/15/85
f 800/15/84 109/16/86 798/15/84
f 804/16/86 798/15/84 109/16/86
f 757/8/21 703/8/21 803/8/21
f 803/8/21 703/8/21 802/8/21
f 701/8/21 802/8/21 703/8/21
f 801/15/85 800/15/84 799/15/85
f 798/15/84 799/15/85 800/15/84
f 825/8/33 812/10/33 823/8/32
f 814/10/32 823/8/32 812/10/33
f 816/10/37 821/10/36 822/8/37
f 827/8/36 822/8/37 821/10/36
f 829/10/15 813/10/15 824/8/15
f 824/8/15 813/10/15 825/8/33
f 812/10/33 825/8/33 813/10/15
f 828/10/86 826/8/86 820/10/86
f 820/10/86 826/8/86 821/10/36
f 827/8/36 821/10/36 826/8/86
f 827/8/21 826/8/21 822/8/21
f 822/8/21 826/8/21 823/8/21
f 823/8/21 826/8/21 825/8/21
f 824/8/21 825/8/21 826/8/21
f 814/10/32 816/10/37 823/8/32
f 822/8/37 823/8/32 816/10/37
f 821/10/22 816/10/22 820/10/22
f 820/10/22 816/10/22 818/10/22
f 818/10/22 817/10/22 819/10/22
f 818/10/22 816/10/22 817/10/22
f 817/10/22 816/10/22 815/10/22
f 816/10/22 814/10/22 815/10/22
f 815/10/22 814/10/22 813/10/22
f 812/10/22 813/10/22 814/10/22
f 830/18/14 842/20/14 831/18/14
f 831/18/14 842/20/14 834/18/14
f 831/18/14 834/18/14 840/19/14
f 842/20/14 830/18/14 845/20/14
f 830/18/14 838/19/14 845/20/14
f 841/19/14 840/19/14 834/18/14
f 840/19/14 841/19/14 838/19/14
f 845/20/14 838/19/14 844/8/14
f 841/19/14 836/19/14 838/19/14
f 836/19/14 844/8/14 838/19/14
f 844/8/14 836/19/14 843/8/14
f 842/20/14 843/8/14 836/19/14
f 834/18/14 842/20/14 835/18/14
f 835/18/14 842/20/14 836/19/14
f 836/19/87 841/19/22 837/19/87
f 841/19/22 840/19/22 837/19/87
f 837/19/87 840/19/22 839/19/88
f 838/19/88 839/19/88 840/19/22
f 832/18/84 839/19/88 830/18/84
f 838/19/88 830/18/84 839/19/88
f 837/19/87 833/18/85 836/19/87
f 835/18/85 836/19/87 833/18/85
f 835/18/85 833/18/85 834/18/21
f 834/18/21 833/18/85 831/18/21
f 833/18/85 832/18/84 831/18/21
f 830/18/84 831/18/21 832/18/84
f 119/16/17 124/17/17 864/16/17
f 863/17/17 864/16/17 124/17/17
f 126/17/22 862/17/22 124/17/22
f 863/17/22 124/17/22 862/17/22
f 126/17/39 120/16/39 862/17/39
f 861/16/39 862/17/39 120/16/39
f 855/16/16 864/16/16 846/15/16
f 863/17/16 846/15/16 864/16/16
f 862/17/16 846/15/16 863/17/16
f 846/15/16 862/17/16 847/15/16
f 847/15/16 862/17/16 856/16/16
f 861/16/16 856/16/16 862/17/16
f 851/8/91 860/9/91 853/8/92
f 858/9/92 853/8/92 860/9/91
f 858/9/92 857/9/16 853/8/92
f 854/8/16 853/8/92 857/9/16
f 850/8/17 859/9/17 851/8/91
f 860/9/91 851/8/91 859/9/17
f 860/9/22 859/9/22 858/9/22
f 128/9/22 858/9/22 859/9/22
f 121/9/22 858/9/22 128/9/22
f 858/9/22 121/9/22 857/9/22
f 122/9/22 857/9/22 121/9/22
f 118/16/17 849/15/90 856/16/17
f 847/15/90 856/16/17 849/15/90
f 848/15/89 117/16/39 846/15/89
f 855/16/39 846/15/89 117/16/39
f 854/8/21 852/8/21 853/8/21
f 853/8/21 852/8/21 851/8/21
f 850/8/21 851/8/21 852/8/21
f 849/15/90 848/15/89 847/15/90
f 846/15/89 847/15/90 848/15/89
f 878/8/91 865/10/91 876/8/92
f 867/10/92 876/8/92 865/10/91
f 869/10/93 874/10/94 875/8/93
f 880/8/94 875/8/93 874/10/94
f 882/10/17 866/10/17 877/8/17
f 877/8/17 866/10/17 878/8/91
f 865/10/91 878/8/91 866/10/17
f 881/10/39 879/8/39 873/10/39
f 873/10/39 879/8/39 874/10/94
f 880/8/94 874/10/94 879/8/39
f 880/8/21 879/8/21 875/8/21
f 875/8/21 879/8/21 876/8/21
f 876/8/21 879/8/21 878/8/21
f 877/8/21 878/8/21 879/8/21
f 867/10/92 869/10/93 876/8/92
f 875/8/93 876/8/92 869/10/93
f 874/10/22 869/10/22 873/10/22
f 873/10/22 869/10/22 871/10/22
f 871/10/22 870/10/22 872/10/22
f 871/10/22 869/10/22 870/10/22
f 870/10/22 869/10/22 868/10/22
f 869/10/22 867/10/22 868/10/22
f 868/10/22 867/10/22 866/10/22
f 865/10/22 866/10/22 867/10/22
f 883/18/16 895/20/16 884/18/16
f 884/18/16 895/20/16 887/18/16
f 884/18/16 887/18/16 893/19/16
f 895/20/16 883/18/16 898/20/16
f 883/18/16 891/19/16 898/20/16
f 894/19/16 893/19/16 887/18/16
f 893/19/16 894/19/16 891/19/16
f 898/20/16 891/19/16 897/8/16
f 894/19/16 889/19/16 891/19/16
f 889/19/16 897/8/16 891/19/16
f 897/8/16 889/19/16 896/8/16
f 895/20/16 896/8/16 889/19/16
f 887/18/16 895/20/16 888/18/16
f 888/18/16 895/20/16 889/19/16
f 889/19/95 894/19/22 890/19/95
f 894/19/22 893/19/22 890/19/95
f 890/19/95 893/19/22 892/19/96
f 891/19/96 892/19/96 893/19/22
f 885/18/89 892/19/96 883/18/89
f 891/19/96 883/18/89 892/19/96
f 890/19/95 886/18/90 889/19/95
f 888/18/90 889/19/95 886/18/90
f 888/18/90 886/18/90 887/18/21
f 887/18/21 886/18/90 884/18/21
f 886/18/90 885/18/89 884/18/21
f 883/18/89 884/18/21 885/18/89
f 130/9/97 900/22/98 899/9/97
f 900/22/98 130/9/97 132/22/98
f 899/9/22 129/9/22 130/9/22
f 129/9/22 899/9/22 901/9/22
f 419/9/22 138/9/22 137/9/22
f 138/9/22 419/9/22 902/9/22
f 904/8/21 420/8/21 903/8/21
f 420/8/21 904/8/21 905/8/21
f 906/8/21 420/8/21 905/8/21
f 905/8/21 904/8/21 907/8/21
f 907/8/21 904/8/21 908/8/21
f 908/8/21 904/8/21 909/8/21
f 910/17/99 133/17/100 134/17/99
f 133/17/100 910/17/99 911/17/100
f 136/22/101 902/9/102 912/22/101
f 902/9/102 136/22/101 138/9/102
f 132/22/98 911/17/100 900/22/98
f 911/17/100 132/22/98 133/17/100
f 134/17/99 912/22/101 910/17/99
f 912/22/101 134/17/99 136/22/101
f 901/9/18 908/8/18 909/8/18
f 908/8/18 901/9/18 899/9/18
f 908/8/18 899/9/18 913/15/18
f 913/15/18 899/9/18 900/22/18
f 913/15/18 900/22/18 914/15/18
f 912/22/18 914/15/18 900/22/18
f 912/22/18 900/22/18 911/17/18
f 912/22/18 911/17/18 910/17/18
f 902/9/18 914/15/18 912/22/18
f 914/15/18 902/9/18 906/8/18
f 419/9/18 906/8/18 902/9/18
f 906/8/18 419/9/18 420/8/18
f 916/15/21 914/15/21 915/15/21
f 914/15/21 916/15/21 913/15/21
f 905/8/97 914/15/97 906/8/97
f 914/15/97 905/8/97 915/15/97
f 916/15/102 908/8/102 913/15/102
f 908/8/102 916/15/102 907/8/102
f 919/8/104 918/8/103 917/8/103
f 918/8/103 919/8/104 920/8/104
f 922/10/105 918/8/103 921/10/105
f 918/8/103 922/10/105 917/8/103
f 919/8/104 923/10/106 920/8/104
f 923/10/106 919/8/104 924/10/106
f 923/10/106 922/10/105 921/10/105
f 922/10/105 923/10/106 924/10/106
f 923/10/18 918/8/18 920/8/18
f 918/8/18 923/10/18 921/10/18
f 927/21/107 926/17/107 925/21/107
f 926/17/107 927/21/107 928/17/107
f 931/17/34 930/21/35 929/21/34
f 930/21/35 931/17/34 932/17/35
f 925/21/97 931/17/34 929/21/34
f 931/17/34 925/21/97 926/17/97
f 931/17/22 928/17/22 932/17/22
f 928/17/22 931/17/22 926/17/22
f 925/21/21 930/21/21 927/21/21
f 930/21/21 925/21/21 929/21/21
f 928/17/102 930/21/35 932/17/35
f 930/21/35 928/17/102 927/21/102
f 935/8/31 934/10/31 933/10/31
f 934/10/31 935/8/31 936/8/31
f 935/8/4 938/10/4 937/25/4
f 938/10/4 935/8/4 933/10/4
f 934/10/8 940/25/8 939/10/8
f 940/25/8 934/10/8 936/8/8
f 940/25/6 938/10/6 939/10/6
f 938/10/6 940/25/6 937/25/6
f 934/10/21 938/10/21 933/10/21
f 938/10/21 934/10/21 939/10/21
f 943/25/6 942/10/6 941/10/6
f 942/10/6 943/25/6 944/25/6
f 946/10/21 942/10/21 945/10/21
f 942/10/21 946/10/21 941/10/21
f 947/8/4 942/10/4 944/25/4
f 942/10/4 947/8/4 945/10/4
f 946/10/8 943/25/8 941/10/8
f 943/25/8 946/10/8 948/8/8
f 947/8/31 946/10/31 945/10/31
f 946/10/31 947/8/31 948/8/31
f 148/26/22 163/26/22 949/26/22
f 161/26/22 949/26/22 163/26/22
f 182/26/22 950/26/22 180/26/22
f 950/26/22 182/26/22 168/26/22
f 202/26/22 951/26/22 200/26/22
f 951/26/22 202/26/22 187/26/22
f 211/26/22 209/26/22 210/26/22
f 209/26/22 211/26/22 952/26/22
f 952/26/22 211/26/22 212/26/22
f 952/26/22 212/26/22 213/26/22
f 952/26/22 213/26/22 200/26/22
f 254/26/22 268/26/22 953/26/22
f 266/26/22 953/26/22 268/26/22
f 287/26/22 954/26/22 285/26/22
f 954/26/22 287/26/22 273/26/22
f 299/26/22 956/26/22 955/26/22
f 956/26/22 299/26/22 301/26/22
f 958/26/22 313/26/22 957/26/22
f 313/26/22 958/26/22 311/26/22
f 543/26/6 569/31/6 548/26/6
f 547/28/6 548/26/6 569/31/6
f 569/31/6 543/26/6 567/31/6
f 572/30/6 547/28/6 569/31/6
f 544/28/6 567/31/6 543/26/6
f 573/30/6 567/31/6 544/28/6
f 571/29/6 547/28/6 572/30/6
f 572/30/6 573/30/6 571/29/6
f 574/29/6 573/30/6 544/28/6
f 574/29/6 571/29/6 573/30/6
f 564/27/6 574/29/6 544/28/6
f 547/28/6 564/27/6 544/28/6
f 564/27/6 547/28/6 566/27/6
f 566/27/6 547/28/6 571/29/6
f 916/28/18 905/26/18 907/26/18
f 905/26/18 916/28/18 915/28/18
f 449/33/3 455/32/3 453/32/3
f 455/32/3 449/33/3 448/33/3
f 496/33/6 493/32/6 497/32/6
f 493/32/6 496/33/6 491/33/6
f 535/33/6 532/32/6 536/32/6
f 532/32/6 535/33/6 530/33/6
f 563/35/6 565/35/6 568/34/6
f 570/34/6 568/34/6 565/35/6
f 631/33/9 632/33/9 638/32/9
f 636/32/9 638/32/9 632/33/9
f 683/33/11 684/33/11 690/32/11
f 688/32/11 690/32/11 684/33/11
f 736/33/11 742/32/11 740/32/11
f 742/32/11 736/33/11 735/33/11
f 785/33/6 791/32/6 789/32/6
f 791/32/6 785/33/6 784/33/6
f 832/33/14 833/33/14 839/32/14
f 837/32/14 839/32/14 833/33/14
f 885/33/16 886/33/16 892/32/16
f 890/32/16 892/32/16 886/33/16
f 961/38/8 960/37/109 959/36/108
f 960/37/109 961/38/8 962/39/8
f 965/41/112 964/40/111 963/40/110
f 964/40/111 965/41/112 966/41/113
f 966/41/113 967/36/114 964/40/111
f 967/36/114 966/41/113 968/37/115
f 34/39/4 967/36/114 968/37/115
f 967/36/114 34/39/4 969/38/4
f 959/36/108 965/41/112 963/40/110
f 965/41/112 959/36/108 960/37/109
f 966/41/116 34/39/116 968/37/116
f 34/39/116 966/41/116 962/39/116
f 962/39/116 966/41/116 965/41/116
f 962/39/116 965/41/116 960/37/116
f 961/38/117 967/36/117 969/38/117
f 967/36/117 961/38/117 964/40/117
f 964/40/117 961/38/117 963/40/117
f 963/40/117 961/38/117 959/36/117
f 34/39/31 961/38/31 969/38/31
f 961/38/31 34/39/31 962/39/31
